name,family,alpha,window_size,phase,window_mode,drift_scale,balance_score,balance_spread,complexity_ratio,complexity_deviation,periodicity_match,best_period,tradeoff_score
golden,golden,0.6180339887498948,0.2,0.0,moving,0.03,0.2727272727272727,2.0,0.2294936218635251,0.60815749906659,0.0,257,2.661749159930978
golden,golden,0.6180339887498948,0.2,0.0,moving,0.07,0.18181818181818182,3.0,0.2294936218635251,0.60815749906659,0.0,257,2.3253855235673417
golden,golden,0.6180339887498948,0.2,0.0,moving,0.11,0.2727272727272727,2.0,0.21622077158325917,0.26417067780704145,0.0,257,2.971337299064572
golden,golden,0.6180339887498948,0.2,0.0,double,0.0,0.2727272727272727,2.0,0.1975333945907978,0.48142589733498825,0.0,257,2.7758076014894195
golden,golden,0.6180339887498948,0.2,0.17,moving,0.03,0.2727272727272727,2.0,0.2294936218635251,0.60815749906659,0.0,257,2.661749159930978
golden,golden,0.6180339887498948,0.2,0.17,moving,0.07,0.18181818181818182,3.0,0.2294936218635251,0.60815749906659,0.0,257,2.3253855235673417
golden,golden,0.6180339887498948,0.2,0.17,moving,0.11,0.2727272727272727,2.0,0.21622077158325917,0.26417067780704145,0.0,257,2.971337299064572
golden,golden,0.6180339887498948,0.2,0.17,double,0.0,0.2727272727272727,2.0,0.1975333945907978,0.48142589733498825,0.0,257,2.7758076014894195
golden,golden,0.6180339887498948,0.34,0.0,moving,0.03,0.18181818181818182,3.0,0.23801634913625236,0.6414908323999232,0.0,257,2.295385523567342
golden,golden,0.6180339887498948,0.34,0.0,moving,0.07,0.18181818181818182,3.0,0.23801634913625236,0.6414908323999232,0.0,257,2.295385523567342
golden,golden,0.6180339887498948,0.34,0.0,moving,0.11,0.18181818181818182,3.0,0.2294936218635251,0.60815749906659,0.0,257,2.3253855235673417
golden,golden,0.6180339887498948,0.34,0.0,double,0.0,0.09090909090909091,3.0,0.2721072582271615,0.6945211354302263,0.0,257,2.1112946144764324
golden,golden,0.6180339887498948,0.34,0.17,moving,0.03,0.18181818181818182,3.0,0.23801634913625236,0.6414908323999232,0.0,257,2.295385523567342
golden,golden,0.6180339887498948,0.34,0.17,moving,0.07,0.18181818181818182,3.0,0.23801634913625236,0.6414908323999232,0.0,257,2.295385523567342
golden,golden,0.6180339887498948,0.34,0.17,moving,0.11,0.18181818181818182,3.0,0.2294936218635251,0.60815749906659,0.0,257,2.3253855235673417
golden,golden,0.6180339887498948,0.34,0.17,double,0.0,0.09090909090909091,3.0,0.2721072582271615,0.6945211354302263,0.0,257,2.1112946144764324
golden,golden,0.6180339887498948,0.47,0.0,moving,0.03,0.18181818181818182,4.0,0.2721072582271615,0.6945211354302263,0.0,257,2.047658250840069
golden,golden,0.6180339887498948,0.47,0.0,moving,0.07,0.2727272727272727,3.0,0.2721072582271615,0.6945211354302263,0.0,257,2.3840218872037053
golden,golden,0.6180339887498948,0.47,0.0,moving,0.11,0.36363636363636365,2.0,0.2721072582271615,0.6945211354302263,0.0,257,2.7203855235673418
golden,golden,0.6180339887498948,0.47,0.0,double,0.0,0.09090909090909091,3.0,0.2721072582271615,0.6945211354302263,0.0,257,2.1112946144764324
golden,golden,0.6180339887498948,0.47,0.17,moving,0.03,0.18181818181818182,4.0,0.2721072582271615,0.6945211354302263,0.0,257,2.047658250840069
golden,golden,0.6180339887498948,0.47,0.17,moving,0.07,0.2727272727272727,3.0,0.2721072582271615,0.6945211354302263,0.0,257,2.3840218872037053
golden,golden,0.6180339887498948,0.47,0.17,moving,0.11,0.36363636363636365,2.0,0.2721072582271615,0.6945211354302263,0.0,257,2.7203855235673418
golden,golden,0.6180339887498948,0.47,0.17,double,0.0,0.09090909090909091,3.0,0.2721072582271615,0.6945211354302263,0.0,257,2.1112946144764324
silver,silver,0.41421356237309515,0.2,0.0,moving,0.03,0.2727272727272727,2.0,0.2294936218635251,0.60815749906659,0.008928571428571428,112,2.621570588502407
silver,silver,0.41421356237309515,0.2,0.0,moving,0.07,0.2727272727272727,2.0,0.20818680368170692,0.5391098800189709,0.0,257,2.7238920170738354
silver,silver,0.41421356237309515,0.2,0.0,moving,0.11,0.2727272727272727,3.0,0.20818680368170692,0.5391098800189709,0.0,257,2.5238920170738353
silver,silver,0.41421356237309515,0.2,0.0,double,0.0,0.09090909090909091,2.0,0.2721072582271615,0.6945211354302263,0.0,257,2.3112946144764326
silver,silver,0.41421356237309515,0.2,0.17,moving,0.03,0.2727272727272727,2.0,0.2294936218635251,0.60815749906659,0.008928571428571428,112,2.621570588502407
silver,silver,0.41421356237309515,0.2,0.17,moving,0.07,0.2727272727272727,2.0,0.20818680368170692,0.5391098800189709,0.0,257,2.7238920170738354
silver,silver,0.41421356237309515,0.2,0.17,moving,0.11,0.2727272727272727,3.0,0.20818680368170692,0.5391098800189709,0.0,257,2.5238920170738353
silver,silver,0.41421356237309515,0.2,0.17,double,0.0,0.09090909090909091,2.0,0.2721072582271615,0.6945211354302263,0.0,257,2.3112946144764326
silver,silver,0.41421356237309515,0.34,0.0,moving,0.03,0.18181818181818182,3.0,0.23801634913625236,0.6414908323999232,0.008928571428571428,112,2.2552069521387703
silver,silver,0.41421356237309515,0.34,0.0,moving,0.07,0.18181818181818182,2.0,0.23801634913625236,0.6414908323999232,0.0,257,2.495385523567342
silver,silver,0.41421356237309515,0.34,0.0,moving,0.11,0.2727272727272727,2.0,0.23801634913625236,0.6414908323999232,0.0,257,2.631749159930978
silver,silver,0.41421356237309515,0.34,0.0,double,0.0,0.18181818181818182,3.0,0.2721072582271615,0.6945211354302263,0.0,257,2.247658250840069
silver,silver,0.41421356237309515,0.34,0.17,moving,0.03,0.18181818181818182,3.0,0.23801634913625236,0.6414908323999232,0.008928571428571428,112,2.2552069521387703
silver,silver,0.41421356237309515,0.34,0.17,moving,0.07,0.18181818181818182,2.0,0.23801634913625236,0.6414908323999232,0.0,257,2.495385523567342
silver,silver,0.41421356237309515,0.34,0.17,moving,0.11,0.2727272727272727,2.0,0.23801634913625236,0.6414908323999232,0.0,257,2.631749159930978
silver,silver,0.41421356237309515,0.34,0.17,double,0.0,0.18181818181818182,3.0,0.2721072582271615,0.6945211354302263,0.0,257,2.247658250840069
silver,silver,0.41421356237309515,0.47,0.0,moving,0.03,0.18181818181818182,4.0,0.2721072582271615,0.6945211354302263,0.008928571428571428,112,2.0074796794114977
silver,silver,0.41421356237309515,0.47,0.0,moving,0.07,0.18181818181818182,3.0,0.2721072582271615,0.6945211354302263,0.0,257,2.247658250840069
silver,silver,0.41421356237309515,0.47,0.0,moving,0.11,0.18181818181818182,3.0,0.2721072582271615,0.6945211354302263,0.0,257,2.247658250840069
silver,silver,0.41421356237309515,0.47,0.0,double,0.0,0.09090909090909091,4.0,0.2721072582271615,0.6945211354302263,0.0,257,1.9112946144764327
silver,silver,0.41421356237309515,0.47,0.17,moving,0.03,0.18181818181818182,4.0,0.2721072582271615,0.6945211354302263,0.008928571428571428,112,2.0074796794114977
silver,silver,0.41421356237309515,0.47,0.17,moving,0.07,0.18181818181818182,3.0,0.2721072582271615,0.6945211354302263,0.0,257,2.247658250840069
silver,silver,0.41421356237309515,0.47,0.17,moving,0.11,0.18181818181818182,3.0,0.2721072582271615,0.6945211354302263,0.0,257,2.247658250840069
silver,silver,0.41421356237309515,0.47,0.17,double,0.0,0.09090909090909091,4.0,0.2721072582271615,0.6945211354302263,0.0,257,1.9112946144764327
bronze,bronze,0.30277563773199456,0.2,0.0,moving,0.03,0.2727272727272727,3.0,0.21244816731807054,0.567248408157499,0.0,257,2.49856734174916
bronze,bronze,0.30277563773199456,0.2,0.0,moving,0.07,0.2727272727272727,3.0,0.21244816731807054,0.567248408157499,0.0,257,2.49856734174916
bronze,bronze,0.30277563773199456,0.2,0.0,moving,0.11,0.36363636363636365,2.0,0.21244816731807054,0.567248408157499,0.0,257,2.8349309781127965
bronze,bronze,0.30277563773199456,0.2,0.0,double,0.0,0.2727272727272727,2.0,0.20818680368170692,0.5391098800189709,0.005555555555555556,180,2.6988920170738355
bronze,bronze,0.30277563773199456,0.2,0.17,moving,0.03,0.2727272727272727,3.0,0.21244816731807054,0.567248408157499,0.0,257,2.49856734174916
bronze,bronze,0.30277563773199456,0.2,0.17,moving,0.07,0.2727272727272727,3.0,0.21244816731807054,0.567248408157499,0.0,257,2.49856734174916
bronze,bronze,0.30277563773199456,0.2,0.17,moving,0.11,0.36363636363636365,2.0,0.21244816731807054,0.567248408157499,0.0,257,2.8349309781127965
bronze,bronze,0.30277563773199456,0.2,0.17,double,0.0,0.2727272727272727,2.0,0.20818680368170692,0.5391098800189709,0.005555555555555556,180,2.6988920170738355
bronze,bronze,0.30277563773199456,0.34,0.0,moving,0.03,0.18181818181818182,2.0,0.2721072582271615,0.6945211354302263,0.0,257,2.4476582508400693
bronze,bronze,0.30277563773199456,0.34,0.0,moving,0.07,0.18181818181818182,3.0,0.2721072582271615,0.6945211354302263,0.0,257,2.247658250840069
bronze,bronze,0.30277563773199456,0.34,0.0,moving,0.11,0.18181818181818182,2.0,0.2721072582271615,0.6945211354302263,0.0,257,2.4476582508400693
bronze,bronze,0.30277563773199456,0.34,0.0,double,0.0,0.18181818181818182,3.0,0.23801634913625236,0.6414908323999232,0.005555555555555556,180,2.2703855235673416
bronze,bronze,0.30277563773199456,0.34,0.17,moving,0.03,0.18181818181818182,2.0,0.2721072582271615,0.6945211354302263,0.0,257,2.4476582508400693
bronze,bronze,0.30277563773199456,0.34,0.17,moving,0.07,0.18181818181818182,3.0,0.2721072582271615,0.6945211354302263,0.0,257,2.247658250840069
bronze,bronze,0.30277563773199456,0.34,0.17,moving,0.11,0.18181818181818182,2.0,0.2721072582271615,0.6945211354302263,0.0,257,2.4476582508400693
bronze,bronze,0.30277563773199456,0.34,0.17,double,0.0,0.18181818181818182,3.0,0.23801634913625236,0.6414908323999232,0.005555555555555556,180,2.2703855235673416
bronze,bronze,0.30277563773199456,0.47,0.0,moving,0.03,0.18181818181818182,4.0,0.2721072582271615,0.6945211354302263,0.0,257,2.047658250840069
bronze,bronze,0.30277563773199456,0.47,0.0,moving,0.07,0.18181818181818182,4.0,0.2721072582271615,0.6945211354302263,0.0,257,2.047658250840069
bronze,bronze,0.30277563773199456,0.47,0.0,moving,0.11,0.2727272727272727,3.0,0.2721072582271615,0.6945211354302263,0.0,257,2.3840218872037053
bronze,bronze,0.30277563773199456,0.47,0.0,double,0.0,0.18181818181818182,4.0,0.2721072582271615,0.6945211354302263,0.0,257,2.047658250840069
bronze,bronze,0.30277563773199456,0.47,0.17,moving,0.03,0.18181818181818182,4.0,0.2721072582271615,0.6945211354302263,0.0,257,2.047658250840069
bronze,bronze,0.30277563773199456,0.47,0.17,moving,0.07,0.18181818181818182,4.0,0.2721072582271615,0.6945211354302263,0.0,257,2.047658250840069
bronze,bronze,0.30277563773199456,0.47,0.17,moving,0.11,0.2727272727272727,3.0,0.2721072582271615,0.6945211354302263,0.0,257,2.3840218872037053
bronze,bronze,0.30277563773199456,0.47,0.17,double,0.0,0.18181818181818182,4.0,0.2721072582271615,0.6945211354302263,0.0,257,2.047658250840069
near_golden_m0_020,near_golden,0.5980339887498948,0.2,0.0,moving,0.03,0.2727272727272727,2.0,0.2294936218635251,0.60815749906659,0.0,257,2.661749159930978
near_golden_m0_020,near_golden,0.5980339887498948,0.2,0.0,moving,0.07,0.18181818181818182,3.0,0.22736294004534327,0.5838068497159405,0.0,257,2.3473011079829265
near_golden_m0_020,near_golden,0.5980339887498948,0.2,0.0,moving,0.11,0.09090909090909091,4.0,0.22669710197716145,0.5487747101383464,0.0,257,2.0424663972391244
near_golden_m0_020,near_golden,0.5980339887498948,0.2,0.0,double,0.0,0.18181818181818182,2.0,0.2721072582271615,0.6945211354302263,0.0196078431372549,51,2.3594229567224216
near_golden_m0_020,near_golden,0.5980339887498948,0.2,0.17,moving,0.03,0.2727272727272727,2.0,0.2294936218635251,0.60815749906659,0.0,257,2.661749159930978
near_golden_m0_020,near_golden,0.5980339887498948,0.2,0.17,moving,0.07,0.18181818181818182,3.0,0.22736294004534327,0.5838068497159405,0.0,257,2.3473011079829265
near_golden_m0_020,near_golden,0.5980339887498948,0.2,0.17,moving,0.11,0.09090909090909091,4.0,0.22669710197716145,0.5487747101383464,0.0,257,2.0424663972391244
near_golden_m0_020,near_golden,0.5980339887498948,0.2,0.17,double,0.0,0.18181818181818182,2.0,0.2721072582271615,0.6945211354302263,0.0196078431372549,51,2.3594229567224216
near_golden_m0_020,near_golden,0.5980339887498948,0.34,0.0,moving,0.03,0.18181818181818182,3.0,0.23801634913625236,0.6414908323999232,0.0,257,2.295385523567342
near_golden_m0_020,near_golden,0.5980339887498948,0.34,0.0,moving,0.07,0.18181818181818182,3.0,0.23801634913625236,0.6414908323999232,0.0,257,2.295385523567342
near_golden_m0_020,near_golden,0.5980339887498948,0.34,0.0,moving,0.11,0.09090909090909091,3.0,0.2294936218635251,0.60815749906659,0.0,257,2.1890218872037055
near_golden_m0_020,near_golden,0.5980339887498948,0.34,0.0,double,0.0,0.09090909090909091,4.0,0.2721072582271615,0.6945211354302263,0.0196078431372549,51,1.8230593203587855
near_golden_m0_020,near_golden,0.5980339887498948,0.34,0.17,moving,0.03,0.18181818181818182,3.0,0.23801634913625236,0.6414908323999232,0.0,257,2.295385523567342
near_golden_m0_020,near_golden,0.5980339887498948,0.34,0.17,moving,0.07,0.18181818181818182,3.0,0.23801634913625236,0.6414908323999232,0.0,257,2.295385523567342
near_golden_m0_020,near_golden,0.5980339887498948,0.34,0.17,moving,0.11,0.09090909090909091,3.0,0.2294936218635251,0.60815749906659,0.0,257,2.1890218872037055
near_golden_m0_020,near_golden,0.5980339887498948,0.34,0.17,double,0.0,0.09090909090909091,4.0,0.2721072582271615,0.6945211354302263,0.0196078431372549,51,1.8230593203587855
near_golden_m0_020,near_golden,0.5980339887498948,0.47,0.0,moving,0.03,0.2727272727272727,2.0,0.2721072582271615,0.6945211354302263,0.0,257,2.5840218872037055
near_golden_m0_020,near_golden,0.5980339887498948,0.47,0.0,moving,0.07,0.36363636363636365,3.0,0.2721072582271615,0.6945211354302263,0.0,257,2.5203855235673416
near_golden_m0_020,near_golden,0.5980339887498948,0.47,0.0,moving,0.11,0.45454545454545453,2.0,0.2721072582271615,0.6945211354302263,0.0,257,2.856749159930978
near_golden_m0_020,near_golden,0.5980339887498948,0.47,0.0,double,0.0,0.09090909090909091,4.0,0.2721072582271615,0.6945211354302263,0.0,257,1.9112946144764327
near_golden_m0_020,near_golden,0.5980339887498948,0.47,0.17,moving,0.03,0.2727272727272727,2.0,0.2721072582271615,0.6945211354302263,0.0,257,2.5840218872037055
near_golden_m0_020,near_golden,0.5980339887498948,0.47,0.17,moving,0.07,0.36363636363636365,3.0,0.2721072582271615,0.6945211354302263,0.0,257,2.5203855235673416
near_golden_m0_020,near_golden,0.5980339887498948,0.47,0.17,moving,0.11,0.45454545454545453,2.0,0.2721072582271615,0.6945211354302263,0.0,257,2.856749159930978
near_golden_m0_020,near_golden,0.5980339887498948,0.47,0.17,double,0.0,0.09090909090909091,4.0,0.2721072582271615,0.6945211354302263,0.0,257,1.9112946144764327
near_golden_m0_010,near_golden,0.6080339887498948,0.2,0.0,moving,0.03,0.2727272727272727,2.0,0.2294936218635251,0.60815749906659,0.0,257,2.661749159930978
near_golden_m0_010,near_golden,0.6080339887498948,0.2,0.0,moving,0.07,0.18181818181818182,3.0,0.2294936218635251,0.60815749906659,0.0,257,2.3253855235673417
near_golden_m0_010,near_golden,0.6080339887498948,0.2,0.0,moving,0.11,0.09090909090909091,3.0,0.2268302695907978,0.5646149305240213,0.0,257,2.2282101988920173
near_golden_m0_010,near_golden,0.6080339887498948,0.2,0.0,double,0.0,0.36363636363636365,2.0,0.1975333945907978,0.48142589733498825,0.0,257,2.912171237853056
near_golden_m0_010,near_golden,0.6080339887498948,0.2,0.17,moving,0.03,0.2727272727272727,2.0,0.2294936218635251,0.60815749906659,0.0,257,2.661749159930978
near_golden_m0_010,near_golden,0.6080339887498948,0.2,0.17,moving,0.07,0.18181818181818182,3.0,0.2294936218635251,0.60815749906659,0.0,257,2.3253855235673417
near_golden_m0_010,near_golden,0.6080339887498948,0.2,0.17,moving,0.11,0.09090909090909091,3.0,0.2268302695907978,0.5646149305240213,0.0,257,2.2282101988920173
near_golden_m0_010,near_golden,0.6080339887498948,0.2,0.17,double,0.0,0.36363636363636365,2.0,0.1975333945907978,0.48142589733498825,0.0,257,2.912171237853056
near_golden_m0_010,near_golden,0.6080339887498948,0.34,0.0,moving,0.03,0.18181818181818182,3.0,0.23801634913625236,0.6414908323999232,0.0,257,2.295385523567342
near_golden_m0_010,near_golden,0.6080339887498948,0.34,0.0,moving,0.07,0.18181818181818182,3.0,0.23801634913625236,0.6414908323999232,0.0,257,2.295385523567342
near_golden_m0_010,near_golden,0.6080339887498948,0.34,0.0,moving,0.11,0.09090909090909091,3.0,0.2294936218635251,0.60815749906659,0.0,257,2.1890218872037055
near_golden_m0_010,near_golden,0.6080339887498948,0.34,0.0,double,0.0,0.09090909090909091,3.0,0.2721072582271615,0.6945211354302263,0.0,257,2.1112946144764324
near_golden_m0_010,near_golden,0.6080339887498948,0.34,0.17,moving,0.03,0.18181818181818182,3.0,0.23801634913625236,0.6414908323999232,0.0,257,2.295385523567342
near_golden_m0_010,near_golden,0.6080339887498948,0.34,0.17,moving,0.07,0.18181818181818182,3.0,0.23801634913625236,0.6414908323999232,0.0,257,2.295385523567342
near_golden_m0_010,near_golden,0.6080339887498948,0.34,0.17,moving,0.11,0.09090909090909091,3.0,0.2294936218635251,0.60815749906659,0.0,257,2.1890218872037055
near_golden_m0_010,near_golden,0.6080339887498948,0.34,0.17,double,0.0,0.09090909090909091,3.0,0.2721072582271615,0.6945211354302263,0.0,257,2.1112946144764324
near_golden_m0_010,near_golden,0.6080339887498948,0.47,0.0,moving,0.03,0.18181818181818182,3.0,0.2721072582271615,0.6945211354302263,0.0,257,2.247658250840069
near_golden_m0_010,near_golden,0.6080339887498948,0.47,0.0,moving,0.07,0.2727272727272727,2.0,0.2721072582271615,0.6945211354302263,0.0,257,2.5840218872037055
near_golden_m0_010,near_golden,0.6080339887498948,0.47,0.0,moving,0.11,0.45454545454545453,2.0,0.2721072582271615,0.6945211354302263,0.0,257,2.856749159930978
near_golden_m0_010,near_golden,0.6080339887498948,0.47,0.0,double,0.0,0.09090909090909091,3.0,0.2721072582271615,0.6945211354302263,0.0,257,2.1112946144764324
near_golden_m0_010,near_golden,0.6080339887498948,0.47,0.17,moving,0.03,0.18181818181818182,3.0,0.2721072582271615,0.6945211354302263,0.0,257,2.247658250840069
near_golden_m0_010,near_golden,0.6080339887498948,0.47,0.17,moving,0.07,0.2727272727272727,2.0,0.2721072582271615,0.6945211354302263,0.0,257,2.5840218872037055
near_golden_m0_010,near_golden,0.6080339887498948,0.47,0.17,moving,0.11,0.45454545454545453,2.0,0.2721072582271615,0.6945211354302263,0.0,257,2.856749159930978
near_golden_m0_010,near_golden,0.6080339887498948,0.47,0.17,double,0.0,0.09090909090909091,3.0,0.2721072582271615,0.6945211354302263,0.0,257,2.1112946144764324
near_golden_m0_005,near_golden,0.6130339887498948,0.2,0.0,moving,0.03,0.2727272727272727,2.0,0.2294936218635251,0.60815749906659,0.0,257,2.661749159930978
near_golden_m0_005,near_golden,0.6130339887498948,0.2,0.0,moving,0.07,0.18181818181818182,3.0,0.2294936218635251,0.60815749906659,0.0,257,2.3253855235673417
near_golden_m0_005,near_golden,0.6130339887498948,0.2,0.0,moving,0.11,0.18181818181818182,3.0,0.22736294004534327,0.5838068497159405,0.0,257,2.3473011079829265
near_golden_m0_005,near_golden,0.6130339887498948,0.2,0.0,double,0.0,0.2727272727272727,2.0,0.1975333945907978,0.48142589733498825,0.0,257,2.7758076014894195
near_golden_m0_005,near_golden,0.6130339887498948,0.2,0.17,moving,0.03,0.2727272727272727,2.0,0.2294936218635251,0.60815749906659,0.0,257,2.661749159930978
near_golden_m0_005,near_golden,0.6130339887498948,0.2,0.17,moving,0.07,0.18181818181818182,3.0,0.2294936218635251,0.60815749906659,0.0,257,2.3253855235673417
near_golden_m0_005,near_golden,0.6130339887498948,0.2,0.17,moving,0.11,0.18181818181818182,3.0,0.22736294004534327,0.5838068497159405,0.0,257,2.3473011079829265
near_golden_m0_005,near_golden,0.6130339887498948,0.2,0.17,double,0.0,0.2727272727272727,2.0,0.1975333945907978,0.48142589733498825,0.0,257,2.7758076014894195
near_golden_m0_005,near_golden,0.6130339887498948,0.34,0.0,moving,0.03,0.18181818181818182,3.0,0.23801634913625236,0.6414908323999232,0.0,257,2.295385523567342
near_golden_m0_005,near_golden,0.6130339887498948,0.34,0.0,moving,0.07,0.18181818181818182,3.0,0.23801634913625236,0.6414908323999232,0.0,257,2.295385523567342
near_golden_m0_005,near_golden,0.6130339887498948,0.34,0.0,moving,0.11,0.18181818181818182,3.0,0.2294936218635251,0.60815749906659,0.0,257,2.3253855235673417
near_golden_m0_005,near_golden,0.6130339887498948,0.34,0.0,double,0.0,0.09090909090909091,3.0,0.2721072582271615,0.6945211354302263,0.0,257,2.1112946144764324
near_golden_m0_005,near_golden,0.6130339887498948,0.34,0.17,moving,0.03,0.18181818181818182,3.0,0.23801634913625236,0.6414908323999232,0.0,257,2.295385523567342
near_golden_m0_005,near_golden,0.6130339887498948,0.34,0.17,moving,0.07,0.18181818181818182,3.0,0.23801634913625236,0.6414908323999232,0.0,257,2.295385523567342
near_golden_m0_005,near_golden,0.6130339887498948,0.34,0.17,moving,0.11,0.18181818181818182,3.0,0.2294936218635251,0.60815749906659,0.0,257,2.3253855235673417
near_golden_m0_005,near_golden,0.6130339887498948,0.34,0.17,double,0.0,0.09090909090909091,3.0,0.2721072582271615,0.6945211354302263,0.0,257,2.1112946144764324
near_golden_m0_005,near_golden,0.6130339887498948,0.47,0.0,moving,0.03,0.18181818181818182,4.0,0.2721072582271615,0.6945211354302263,0.0,257,2.047658250840069
near_golden_m0_005,near_golden,0.6130339887498948,0.47,0.0,moving,0.07,0.2727272727272727,3.0,0.2721072582271615,0.6945211354302263,0.0,257,2.3840218872037053
near_golden_m0_005,near_golden,0.6130339887498948,0.47,0.0,moving,0.11,0.45454545454545453,2.0,0.2721072582271615,0.6945211354302263,0.0,257,2.856749159930978
near_golden_m0_005,near_golden,0.6130339887498948,0.47,0.0,double,0.0,0.18181818181818182,3.0,0.2721072582271615,0.6945211354302263,0.0,257,2.247658250840069
near_golden_m0_005,near_golden,0.6130339887498948,0.47,0.17,moving,0.03,0.18181818181818182,4.0,0.2721072582271615,0.6945211354302263,0.0,257,2.047658250840069
near_golden_m0_005,near_golden,0.6130339887498948,0.47,0.17,moving,0.07,0.2727272727272727,3.0,0.2721072582271615,0.6945211354302263,0.0,257,2.3840218872037053
near_golden_m0_005,near_golden,0.6130339887498948,0.47,0.17,moving,0.11,0.45454545454545453,2.0,0.2721072582271615,0.6945211354302263,0.0,257,2.856749159930978
near_golden_m0_005,near_golden,0.6130339887498948,0.47,0.17,double,0.0,0.18181818181818182,3.0,0.2721072582271615,0.6945211354302263,0.0,257,2.247658250840069
near_golden_p0_005,near_golden,0.6230339887498948,0.2,0.0,moving,0.03,0.2727272727272727,2.0,0.20818680368170692,0.5391098800189709,0.0,257,2.7238920170738354
near_golden_p0_005,near_golden,0.6230339887498948,0.2,0.0,moving,0.07,0.18181818181818182,2.0,0.2294936218635251,0.60815749906659,0.0,257,2.5253855235673415
near_golden_p0_005,near_golden,0.6230339887498948,0.2,0.0,moving,0.11,0.18181818181818182,3.0,0.22736294004534327,0.5838068497159405,0.0,257,2.3473011079829265
near_golden_p0_005,near_golden,0.6230339887498948,0.2,0.0,double,0.0,0.2727272727272727,3.0,0.19262820819308446,0.3196361719088992,0.0,257,2.7214183543729
near_golden_p0_005,near_golden,0.6230339887498948,0.2,0.17,moving,0.03,0.2727272727272727,2.0,0.20818680368170692,0.5391098800189709,0.0,257,2.7238920170738354
near_golden_p0_005,near_golden,0.6230339887498948,0.2,0.17,moving,0.07,0.18181818181818182,2.0,0.2294936218635251,0.60815749906659,0.0,257,2.5253855235673415
near_golden_p0_005,near_golden,0.6230339887498948,0.2,0.17,moving,0.11,0.18181818181818182,3.0,0.22736294004534327,0.5838068497159405,0.0,257,2.3473011079829265
near_golden_p0_005,near_golden,0.6230339887498948,0.2,0.17,double,0.0,0.2727272727272727,3.0,0.19262820819308446,0.3196361719088992,0.0,257,2.7214183543729
near_golden_p0_005,near_golden,0.6230339887498948,0.34,0.0,moving,0.03,0.18181818181818182,3.0,0.23801634913625236,0.6414908323999232,0.0,257,2.295385523567342
near_golden_p0_005,near_golden,0.6230339887498948,0.34,0.0,moving,0.07,0.18181818181818182,3.0,0.23801634913625236,0.6414908323999232,0.0,257,2.295385523567342
near_golden_p0_005,near_golden,0.6230339887498948,0.34,0.0,moving,0.11,0.18181818181818182,3.0,0.23801634913625236,0.6414908323999232,0.004739336492890996,211,2.274058509349332
near_golden_p0_005,near_golden,0.6230339887498948,0.34,0.0,double,0.0,0.09090909090909091,4.0,0.2721072582271615,0.6945211354302263,0.005235602094240838,191,1.887734405052349
near_golden_p0_005,near_golden,0.6230339887498948,0.34,0.17,moving,0.03,0.18181818181818182,3.0,0.23801634913625236,0.6414908323999232,0.0,257,2.295385523567342
near_golden_p0_005,near_golden,0.6230339887498948,0.34,0.17,moving,0.07,0.18181818181818182,3.0,0.23801634913625236,0.6414908323999232,0.0,257,2.295385523567342
near_golden_p0_005,near_golden,0.6230339887498948,0.34,0.17,moving,0.11,0.18181818181818182,3.0,0.23801634913625236,0.6414908323999232,0.004739336492890996,211,2.274058509349332
near_golden_p0_005,near_golden,0.6230339887498948,0.34,0.17,double,0.0,0.09090909090909091,4.0,0.2721072582271615,0.6945211354302263,0.005235602094240838,191,1.887734405052349
near_golden_p0_005,near_golden,0.6230339887498948,0.47,0.0,moving,0.03,0.18181818181818182,4.0,0.2721072582271615,0.6945211354302263,0.0,257,2.047658250840069
near_golden_p0_005,near_golden,0.6230339887498948,0.47,0.0,moving,0.07,0.2727272727272727,2.0,0.2721072582271615,0.6945211354302263,0.0,257,2.5840218872037055
near_golden_p0_005,near_golden,0.6230339887498948,0.47,0.0,moving,0.11,0.36363636363636365,3.0,0.2721072582271615,0.6945211354302263,0.0,257,2.5203855235673416
near_golden_p0_005,near_golden,0.6230339887498948,0.47,0.0,double,0.0,0.09090909090909091,4.0,0.2721072582271615,0.6945211354302263,0.0,257,1.9112946144764327
near_golden_p0_005,near_golden,0.6230339887498948,0.47,0.17,moving,0.03,0.18181818181818182,4.0,0.2721072582271615,0.6945211354302263,0.0,257,2.047658250840069
near_golden_p0_005,near_golden,0.6230339887498948,0.47,0.17,moving,0.07,0.2727272727272727,2.0,0.2721072582271615,0.6945211354302263,0.0,257,2.5840218872037055
near_golden_p0_005,near_golden,0.6230339887498948,0.47,0.17,moving,0.11,0.36363636363636365,3.0,0.2721072582271615,0.6945211354302263,0.0,257,2.5203855235673416
near_golden_p0_005,near_golden,0.6230339887498948,0.47,0.17,double,0.0,0.09090909090909091,4.0,0.2721072582271615,0.6945211354302263,0.0,257,1.9112946144764327
near_golden_p0_010,near_golden,0.6280339887498948,0.2,0.0,moving,0.03,0.2727272727272727,2.0,0.20818680368170692,0.5391098800189709,0.011494252873563218,87,2.672167879142801
near_golden_p0_010,near_golden,0.6280339887498948,0.2,0.0,moving,0.07,0.2727272727272727,2.0,0.2294936218635251,0.60815749906659,0.0,257,2.661749159930978
near_golden_p0_010,near_golden,0.6280339887498948,0.2,0.0,moving,0.11,0.18181818181818182,3.0,0.22736294004534327,0.5838068497159405,0.004366812227074236,229,2.327650452961092
near_golden_p0_010,near_golden,0.6280339887498948,0.2,0.0,double,0.0,0.2727272727272727,3.0,0.19265046256050408,0.3266291789019062,0.0,257,2.7151246480791933
near_golden_p0_010,near_golden,0.6280339887498948,0.2,0.17,moving,0.03,0.2727272727272727,2.0,0.20818680368170692,0.5391098800189709,0.011494252873563218,87,2.672167879142801
near_golden_p0_010,near_golden,0.6280339887498948,0.2,0.17,moving,0.07,0.2727272727272727,2.0,0.2294936218635251,0.60815749906659,0.0,257,2.661749159930978
near_golden_p0_010,near_golden,0.6280339887498948,0.2,0.17,moving,0.11,0.18181818181818182,3.0,0.22736294004534327,0.5838068497159405,0.004366812227074236,229,2.327650452961092
near_golden_p0_010,near_golden,0.6280339887498948,0.2,0.17,double,0.0,0.2727272727272727,3.0,0.19265046256050408,0.3266291789019062,0.0,257,2.7151246480791933
near_golden_p0_010,near_golden,0.6280339887498948,0.34,0.0,moving,0.03,0.18181818181818182,3.0,0.23801634913625236,0.6414908323999232,0.0,257,2.295385523567342
near_golden_p0_010,near_golden,0.6280339887498948,0.34,0.0,moving,0.07,0.2727272727272727,2.0,0.23801634913625236,0.6414908323999232,0.0,257,2.631749159930978
near_golden_p0_010,near_golden,0.6280339887498948,0.34,0.0,moving,0.11,0.18181818181818182,3.0,0.23801634913625236,0.6414908323999232,0.004366812227074236,229,2.275734868545508
near_golden_p0_010,near_golden,0.6280339887498948,0.34,0.0,double,0.0,0.09090909090909091,4.0,0.2721072582271615,0.6945211354302263,0.0,257,1.9112946144764327
near_golden_p0_010,near_golden,0.6280339887498948,0.34,0.17,moving,0.03,0.18181818181818182,3.0,0.23801634913625236,0.6414908323999232,0.0,257,2.295385523567342
near_golden_p0_010,near_golden,0.6280339887498948,0.34,0.17,moving,0.07,0.2727272727272727,2.0,0.23801634913625236,0.6414908323999232,0.0,257,2.631749159930978
near_golden_p0_010,near_golden,0.6280339887498948,0.34,0.17,moving,0.11,0.18181818181818182,3.0,0.23801634913625236,0.6414908323999232,0.004366812227074236,229,2.275734868545508
near_golden_p0_010,near_golden,0.6280339887498948,0.34,0.17,double,0.0,0.09090909090909091,4.0,0.2721072582271615,0.6945211354302263,0.0,257,1.9112946144764327
near_golden_p0_010,near_golden,0.6280339887498948,0.47,0.0,moving,0.03,0.18181818181818182,3.0,0.2721072582271615,0.6945211354302263,0.011494252873563218,87,2.1959341129090344
near_golden_p0_010,near_golden,0.6280339887498948,0.47,0.0,moving,0.07,0.2727272727272727,2.0,0.2721072582271615,0.6945211354302263,0.0,257,2.5840218872037055
near_golden_p0_010,near_golden,0.6280339887498948,0.47,0.0,moving,0.11,0.2727272727272727,2.0,0.2721072582271615,0.6945211354302263,0.0,257,2.5840218872037055
near_golden_p0_010,near_golden,0.6280339887498948,0.47,0.0,double,0.0,0.09090909090909091,3.0,0.2721072582271615,0.6945211354302263,0.0,257,2.1112946144764324
near_golden_p0_010,near_golden,0.6280339887498948,0.47,0.17,moving,0.03,0.18181818181818182,3.0,0.2721072582271615,0.6945211354302263,0.011494252873563218,87,2.1959341129090344
near_golden_p0_010,near_golden,0.6280339887498948,0.47,0.17,moving,0.07,0.2727272727272727,2.0,0.2721072582271615,0.6945211354302263,0.0,257,2.5840218872037055
near_golden_p0_010,near_golden,0.6280339887498948,0.47,0.17,moving,0.11,0.2727272727272727,2.0,0.2721072582271615,0.6945211354302263,0.0,257,2.5840218872037055
near_golden_p0_010,near_golden,0.6280339887498948,0.47,0.17,double,0.0,0.09090909090909091,3.0,0.2721072582271615,0.6945211354302263,0.0,257,2.1112946144764324
near_golden_p0_020,near_golden,0.6380339887498948,0.2,0.0,moving,0.03,0.2727272727272727,3.0,0.20818680368170692,0.5391098800189709,0.0,257,2.5238920170738353
near_golden_p0_020,near_golden,0.6380339887498948,0.2,0.0,moving,0.07,0.2727272727272727,2.0,0.2294936218635251,0.60815749906659,0.0,257,2.661749159930978
near_golden_p0_020,near_golden,0.6380339887498948,0.2,0.0,moving,0.11,0.18181818181818182,3.0,0.2294936218635251,0.60815749906659,0.0,257,2.3253855235673417
near_golden_p0_020,near_golden,0.6380339887498948,0.2,0.0,double,0.0,0.2727272727272727,3.0,0.21244816731807054,0.567248408157499,0.0,257,2.49856734174916
near_golden_p0_020,near_golden,0.6380339887498948,0.2,0.17,moving,0.03,0.2727272727272727,3.0,0.20818680368170692,0.5391098800189709,0.0,257,2.5238920170738353
near_golden_p0_020,near_golden,0.6380339887498948,0.2,0.17,moving,0.07,0.2727272727272727,2.0,0.2294936218635251,0.60815749906659,0.0,257,2.661749159930978
near_golden_p0_020,near_golden,0.6380339887498948,0.2,0.17,moving,0.11,0.18181818181818182,3.0,0.2294936218635251,0.60815749906659,0.0,257,2.3253855235673417
near_golden_p0_020,near_golden,0.6380339887498948,0.2,0.17,double,0.0,0.2727272727272727,3.0,0.21244816731807054,0.567248408157499,0.0,257,2.49856734174916
near_golden_p0_020,near_golden,0.6380339887498948,0.34,0.0,moving,0.03,0.18181818181818182,2.0,0.23801634913625236,0.6414908323999232,0.0,257,2.495385523567342
near_golden_p0_020,near_golden,0.6380339887498948,0.34,0.0,moving,0.07,0.18181818181818182,3.0,0.23777202921581173,0.5970958334594698,0.0,257,2.3353410226137497
near_golden_p0_020,near_golden,0.6380339887498948,0.34,0.0,moving,0.11,0.18181818181818182,3.0,0.23801634913625236,0.6414908323999232,0.0,257,2.295385523567342
near_golden_p0_020,near_golden,0.6380339887498948,0.34,0.0,double,0.0,0.18181818181818182,2.0,0.2721072582271615,0.6945211354302263,0.0,257,2.4476582508400693
near_golden_p0_020,near_golden,0.6380339887498948,0.34,0.17,moving,0.03,0.18181818181818182,2.0,0.23801634913625236,0.6414908323999232,0.0,257,2.495385523567342
near_golden_p0_020,near_golden,0.6380339887498948,0.34,0.17,moving,0.07,0.18181818181818182,3.0,0.23777202921581173,0.5970958334594698,0.0,257,2.3353410226137497
near_golden_p0_020,near_golden,0.6380339887498948,0.34,0.17,moving,0.11,0.18181818181818182,3.0,0.23801634913625236,0.6414908323999232,0.0,257,2.295385523567342
near_golden_p0_020,near_golden,0.6380339887498948,0.34,0.17,double,0.0,0.18181818181818182,2.0,0.2721072582271615,0.6945211354302263,0.0,257,2.4476582508400693
near_golden_p0_020,near_golden,0.6380339887498948,0.47,0.0,moving,0.03,0.18181818181818182,3.0,0.2721072582271615,0.6945211354302263,0.0,257,2.247658250840069
near_golden_p0_020,near_golden,0.6380339887498948,0.47,0.0,moving,0.07,0.18181818181818182,3.0,0.2721072582271615,0.6945211354302263,0.0,257,2.247658250840069
near_golden_p0_020,near_golden,0.6380339887498948,0.47,0.0,moving,0.11,0.2727272727272727,3.0,0.2721072582271615,0.6945211354302263,0.0,257,2.3840218872037053
near_golden_p0_020,near_golden,0.6380339887498948,0.47,0.0,double,0.0,0.18181818181818182,3.0,0.2721072582271615,0.6945211354302263,0.0,257,2.247658250840069
near_golden_p0_020,near_golden,0.6380339887498948,0.47,0.17,moving,0.03,0.18181818181818182,3.0,0.2721072582271615,0.6945211354302263,0.0,257,2.247658250840069
near_golden_p0_020,near_golden,0.6380339887498948,0.47,0.17,moving,0.07,0.18181818181818182,3.0,0.2721072582271615,0.6945211354302263,0.0,257,2.247658250840069
near_golden_p0_020,near_golden,0.6380339887498948,0.47,0.17,moving,0.11,0.2727272727272727,3.0,0.2721072582271615,0.6945211354302263,0.0,257,2.3840218872037053
near_golden_p0_020,near_golden,0.6380339887498948,0.47,0.17,double,0.0,0.18181818181818182,3.0,0.2721072582271615,0.6945211354302263,0.0,257,2.247658250840069
rational_1_2,rational_approx,0.5,0.2,0.0,moving,0.03,0.09090909090909091,6.0,0.22667484760974183,0.5417817031453395,0.005,200,2.026260103532831
rational_1_2,rational_approx,0.5,0.2,0.0,moving,0.07,0.09090909090909091,3.0,0.2268302695907978,0.5646149305240213,0.0,257,2.2282101988920173
rational_1_2,rational_approx,0.5,0.2,0.0,moving,0.11,0.18181818181818182,3.0,0.22736294004534327,0.5838068497159405,0.0,257,2.3473011079829265
rational_1_2,rational_approx,0.5,0.2,0.0,double,0.0,1.0,0.0,0.0454324106174196,0.8472605677151133,1.0,1,2.437465489056398
rational_1_2,rational_approx,0.5,0.2,0.17,moving,0.03,0.09090909090909091,6.0,0.22667484760974183,0.5417817031453395,0.005,200,2.026260103532831
rational_1_2,rational_approx,0.5,0.2,0.17,moving,0.07,0.09090909090909091,3.0,0.2268302695907978,0.5646149305240213,0.005,200,2.2057101988920174
rational_1_2,rational_approx,0.5,0.2,0.17,moving,0.11,0.18181818181818182,3.0,0.22736294004534327,0.5838068497159405,0.0,257,2.3473011079829265
rational_1_2,rational_approx,0.5,0.2,0.17,double,0.0,1.0,1.0,0.0908648212348392,0.6945211354302263,0.0,257,3.8749309781127965
rational_1_2,rational_approx,0.5,0.34,0.0,moving,0.03,0.09090909090909091,6.0,0.22669710197716145,0.5487747101383464,0.005,200,2.0199663972391244
rational_1_2,rational_approx,0.5,0.34,0.0,moving,0.07,0.09090909090909091,3.0,0.2294936218635251,0.60815749906659,0.0,257,2.1890218872037055
rational_1_2,rational_approx,0.5,0.34,0.0,moving,0.11,0.18181818181818182,3.0,0.23801634913625236,0.6414908323999232,0.005,200,2.272885523567342
rational_1_2,rational_approx,0.5,0.34,0.0,double,0.0,1.0,0.0,0.0454324106174196,0.8472605677151133,1.0,1,2.437465489056398
rational_1_2,rational_approx,0.5,0.34,0.17,moving,0.03,0.09090909090909091,6.0,0.22669710197716145,0.5487747101383464,0.005,200,2.0199663972391244
rational_1_2,rational_approx,0.5,0.34,0.17,moving,0.07,0.09090909090909091,3.0,0.2294936218635251,0.60815749906659,0.005,200,2.1665218872037055
rational_1_2,rational_approx,0.5,0.34,0.17,moving,0.11,0.18181818181818182,3.0,0.23801634913625236,0.6414908323999232,0.0,257,2.295385523567342
rational_1_2,rational_approx,0.5,0.34,0.17,double,0.0,1.0,1.0,0.0908648212348392,0.6945211354302263,0.0,257,3.8749309781127965
rational_1_2,rational_approx,0.5,0.47,0.0,moving,0.03,0.09090909090909091,2.0,0.23801634913625236,0.6414908323999232,0.005,200,2.3365218872037055
rational_1_2,rational_approx,0.5,0.47,0.0,moving,0.07,0.45454545454545453,2.0,0.2721072582271615,0.6945211354302263,0.0,257,2.856749159930978
rational_1_2,rational_approx,0.5,0.47,0.0,moving,0.11,0.36363636363636365,3.0,0.2721072582271615,0.6945211354302263,0.0,257,2.5203855235673416
rational_1_2,rational_approx,0.5,0.47,0.0,double,0.0,1.0,0.0,0.0454324106174196,0.8472605677151133,1.0,1,2.437465489056398
rational_1_2,rational_approx,0.5,0.47,0.17,moving,0.03,0.09090909090909091,2.0,0.23801634913625236,0.6414908323999232,0.005,200,2.3365218872037055
rational_1_2,rational_approx,0.5,0.47,0.17,moving,0.07,0.45454545454545453,2.0,0.2721072582271615,0.6945211354302263,0.005,200,2.834249159930978
rational_1_2,rational_approx,0.5,0.47,0.17,moving,0.11,0.36363636363636365,3.0,0.2721072582271615,0.6945211354302263,0.0,257,2.5203855235673416
rational_1_2,rational_approx,0.5,0.47,0.17,double,0.0,1.0,1.0,0.0908648212348392,0.6945211354302263,0.0,257,3.8749309781127965
rational_2_3,rational_approx,0.6666666666666666,0.2,0.0,moving,0.03,0.18181818181818182,4.0,0.2044581104998887,0.4741026650117559,0.0,257,2.2460348742166927
rational_2_3,rational_approx,0.6666666666666666,0.2,0.0,moving,0.07,0.2727272727272727,3.0,0.20809790574232226,0.5175481084571995,0.02,50,2.45329761147943
rational_2_3,rational_approx,0.6666666666666666,0.2,0.0,moving,0.11,0.2727272727272727,2.0,0.2294936218635251,0.60815749906659,0.006666666666666667,150,2.631749159930978
rational_2_3,rational_approx,0.6666666666666666,0.2,0.0,double,0.0,1.0,0.0,0.0454324106174196,0.8472605677151133,1.0,1,2.437465489056398
rational_2_3,rational_approx,0.6666666666666666,0.2,0.17,moving,0.03,0.18181818181818182,4.0,0.2044581104998887,0.4741026650117559,0.006666666666666667,150,2.2160348742166924
rational_2_3,rational_approx,0.6666666666666666,0.2,0.17,moving,0.07,0.2727272727272727,3.0,0.20809790574232226,0.5175481084571995,0.02,50,2.45329761147943
rational_2_3,rational_approx,0.6666666666666666,0.2,0.17,moving,0.11,0.2727272727272727,2.0,0.2294936218635251,0.60815749906659,0.0,257,2.661749159930978
rational_2_3,rational_approx,0.6666666666666666,0.2,0.17,double,0.0,1.0,0.0,0.0454324106174196,0.8472605677151133,1.0,1,2.437465489056398
rational_2_3,rational_approx,0.6666666666666666,0.34,0.0,moving,0.03,0.36363636363636365,2.0,0.23801634913625236,0.6414908323999232,0.0,257,2.7681127962946146
rational_2_3,rational_approx,0.6666666666666666,0.34,0.0,moving,0.07,0.2727272727272727,2.0,0.23675095798097254,0.5231465504192777,0.02,50,2.648259013713559
rational_2_3,rational_approx,0.6666666666666666,0.34,0.0,moving,0.11,0.18181818181818182,3.0,0.23801634913625236,0.6414908323999232,0.006666666666666667,150,2.2653855235673417
rational_2_3,rational_approx,0.6666666666666666,0.34,0.0,double,0.0,1.0,1.0,0.1362972318522588,0.5417817031453395,0.3333333333333333,3,2.5123964671691947
rational_2_3,rational_approx,0.6666666666666666,0.34,0.17,moving,0.03,0.36363636363636365,2.0,0.23801634913625236,0.6414908323999232,0.006666666666666667,150,2.7381127962946143
rational_2_3,rational_approx,0.6666666666666666,0.34,0.17,moving,0.07,0.2727272727272727,2.0,0.23675095798097254,0.5231465504192777,0.02,50,2.648259013713559
rational_2_3,rational_approx,0.6666666666666666,0.34,0.17,moving,0.11,0.18181818181818182,3.0,0.23801634913625236,0.6414908323999232,0.0,257,2.295385523567342
rational_2_3,rational_approx,0.6666666666666666,0.34,0.17,double,0.0,1.0,1.0,0.1362972318522588,0.5417817031453395,0.3333333333333333,3,2.5123964671691947
rational_2_3,rational_approx,0.6666666666666666,0.47,0.0,moving,0.03,0.09090909090909091,3.0,0.2721072582271615,0.6945211354302263,0.0,257,2.1112946144764324
rational_2_3,rational_approx,0.6666666666666666,0.47,0.0,moving,0.07,0.2727272727272727,2.0,0.2609650897650773,0.37488496352132716,0.02,50,2.7816944419217142
rational_2_3,rational_approx,0.6666666666666666,0.47,0.0,moving,0.11,0.18181818181818182,3.0,0.2720850038597418,0.6875281284372193,0.006666666666666667,150,2.2239519571337754
rational_2_3,rational_approx,0.6666666666666666,0.47,0.0,double,0.0,1.0,1.0,0.1362972318522588,0.5417817031453395,0.3333333333333333,3,2.5123964671691947
rational_2_3,rational_approx,0.6666666666666666,0.47,0.17,moving,0.03,0.09090909090909091,3.0,0.2721072582271615,0.6945211354302263,0.006666666666666667,150,2.0812946144764326
rational_2_3,rational_approx,0.6666666666666666,0.47,0.17,moving,0.07,0.2727272727272727,2.0,0.2609650897650773,0.37488496352132716,0.02,50,2.7816944419217142
rational_2_3,rational_approx,0.6666666666666666,0.47,0.17,moving,0.11,0.18181818181818182,3.0,0.2721072582271615,0.6945211354302263,0.0,257,2.247658250840069
rational_2_3,rational_approx,0.6666666666666666,0.47,0.17,double,0.0,1.0,1.0,0.1362972318522588,0.5417817031453395,0.3333333333333333,3,2.5123964671691947
rational_3_5,rational_approx,0.6,0.2,0.0,moving,0.03,0.2727272727272727,2.0,0.2294936218635251,0.60815749906659,0.0,257,2.661749159930978
rational_3_5,rational_approx,0.6,0.2,0.0,moving,0.07,0.18181818181818182,3.0,0.22736294004534327,0.5838068497159405,0.0,257,2.3473011079829265
rational_3_5,rational_approx,0.6,0.2,0.0,moving,0.11,0.09090909090909091,3.0,0.2268302695907978,0.5646149305240213,0.0,257,2.2282101988920173
rational_3_5,rational_approx,0.6,0.2,0.0,double,0.0,1.0,1.0,0.17600355461360853,0.23810886083613356,0.0,257,4.285702025247479
rational_3_5,rational_approx,0.6,0.2,0.17,moving,0.03,0.2727272727272727,2.0,0.2294936218635251,0.60815749906659,0.0,257,2.661749159930978
rational_3_5,rational_approx,0.6,0.2,0.17,moving,0.07,0.18181818181818182,3.0,0.22736294004534327,0.5838068497159405,0.0,257,2.3473011079829265
rational_3_5,rational_approx,0.6,0.2,0.17,moving,0.11,0.09090909090909091,3.0,0.2268302695907978,0.5646149305240213,0.0,257,2.2282101988920173
rational_3_5,rational_approx,0.6,0.2,0.17,double,0.0,1.0,1.0,0.17600355461360853,0.23810886083613356,0.0,257,4.285702025247479
rational_3_5,rational_approx,0.6,0.34,0.0,moving,0.03,0.18181818181818182,3.0,0.23801634913625236,0.6414908323999232,0.0,257,2.295385523567342
rational_3_5,rational_approx,0.6,0.34,0.0,moving,0.07,0.18181818181818182,3.0,0.23801634913625236,0.6414908323999232,0.0,257,2.295385523567342
rational_3_5,rational_approx,0.6,0.34,0.0,moving,0.11,0.09090909090909091,3.0,0.22958251980290975,0.6297192706283616,0.0,257,2.1696162927981106
rational_3_5,rational_approx,0.6,0.34,0.0,double,0.0,1.0,1.0,0.17034387126891623,0.3196361719088992,0.2,5,3.3123274452819906
rational_3_5,rational_approx,0.6,0.34,0.17,moving,0.03,0.18181818181818182,3.0,0.23801634913625236,0.6414908323999232,0.0,257,2.295385523567342
rational_3_5,rational_approx,0.6,0.34,0.17,moving,0.07,0.18181818181818182,3.0,0.23801634913625236,0.6414908323999232,0.0,257,2.295385523567342
rational_3_5,rational_approx,0.6,0.34,0.17,moving,0.11,0.09090909090909091,3.0,0.22958251980290975,0.6297192706283616,0.0,257,2.1696162927981106
rational_3_5,rational_approx,0.6,0.34,0.17,double,0.0,1.0,1.0,0.17034387126891623,0.3196361719088992,0.2,5,3.3123274452819906
rational_3_5,rational_approx,0.6,0.47,0.0,moving,0.03,0.2727272727272727,2.0,0.2721072582271615,0.6945211354302263,0.0,257,2.5840218872037055
rational_3_5,rational_approx,0.6,0.47,0.0,moving,0.07,0.36363636363636365,3.0,0.2721072582271615,0.6945211354302263,0.0,257,2.5203855235673416
rational_3_5,rational_approx,0.6,0.47,0.0,moving,0.11,0.45454545454545453,2.0,0.2721072582271615,0.6945211354302263,0.0,257,2.856749159930978
rational_3_5,rational_approx,0.6,0.47,0.0,double,0.0,0.5454545454545454,2.0,0.2044347803598253,0.3726664749392023,0.2,5,2.382781990736536
rational_3_5,rational_approx,0.6,0.47,0.17,moving,0.03,0.2727272727272727,2.0,0.2721072582271615,0.6945211354302263,0.0,257,2.5840218872037055
rational_3_5,rational_approx,0.6,0.47,0.17,moving,0.07,0.36363636363636365,3.0,0.2721072582271615,0.6945211354302263,0.0,257,2.5203855235673416
rational_3_5,rational_approx,0.6,0.47,0.17,moving,0.11,0.45454545454545453,2.0,0.2721072582271615,0.6945211354302263,0.0,257,2.856749159930978
rational_3_5,rational_approx,0.6,0.47,0.17,double,0.0,0.5454545454545454,2.0,0.2044347803598253,0.3726664749392023,0.2,5,2.382781990736536
rational_5_8,rational_approx,0.625,0.2,0.0,moving,0.03,0.2727272727272727,2.0,0.20818680368170692,0.5391098800189709,0.0,257,2.7238920170738354
rational_5_8,rational_approx,0.625,0.2,0.0,moving,0.07,0.2727272727272727,2.0,0.2294936218635251,0.60815749906659,0.0,257,2.661749159930978
rational_5_8,rational_approx,0.625,0.2,0.0,moving,0.11,0.18181818181818182,3.0,0.22736294004534327,0.5838068497159405,0.0,257,2.3473011079829265
rational_5_8,rational_approx,0.625,0.2,0.0,double,0.0,1.0,1.0,0.1590023697424057,0.41934530116348295,0.25,4,2.9975892289528656
rational_5_8,rational_approx,0.625,0.2,0.17,moving,0.03,0.2727272727272727,2.0,0.20818680368170692,0.5391098800189709,0.0,257,2.7238920170738354
rational_5_8,rational_approx,0.625,0.2,0.17,moving,0.07,0.2727272727272727,2.0,0.2294936218635251,0.60815749906659,0.00625,160,2.633624159930978
rational_5_8,rational_approx,0.625,0.2,0.17,moving,0.11,0.18181818181818182,3.0,0.22736294004534327,0.5838068497159405,0.0,257,2.3473011079829265
rational_5_8,rational_approx,0.625,0.2,0.17,double,0.0,1.0,0.0,0.0454324106174196,0.8472605677151133,1.0,1,2.437465489056398
rational_5_8,rational_approx,0.625,0.34,0.0,moving,0.03,0.18181818181818182,3.0,0.23801634913625236,0.6414908323999232,0.00625,160,2.2672605235673418
rational_5_8,rational_approx,0.625,0.34,0.0,moving,0.07,0.18181818181818182,3.0,0.23801634913625236,0.6414908323999232,0.0,257,2.295385523567342
rational_5_8,rational_approx,0.625,0.34,0.0,moving,0.11,0.18181818181818182,3.0,0.23801634913625236,0.6414908323999232,0.00625,160,2.2672605235673418
rational_5_8,rational_approx,0.625,0.34,0.0,double,0.0,0.7272727272727273,2.0,0.1817296424696784,0.4496483314665133,0.25,4,2.361225592589229
rational_5_8,rational_approx,0.625,0.34,0.17,moving,0.03,0.18181818181818182,3.0,0.23801634913625236,0.6414908323999232,0.0,257,2.295385523567342
rational_5_8,rational_approx,0.625,0.34,0.17,moving,0.07,0.18181818181818182,3.0,0.23801634913625236,0.6414908323999232,0.00625,160,2.2672605235673418
rational_5_8,rational_approx,0.625,0.34,0.17,moving,0.11,0.18181818181818182,3.0,0.23801634913625236,0.6414908323999232,0.0,257,2.295385523567342
rational_5_8,rational_approx,0.625,0.34,0.17,double,0.0,1.0,1.0,0.1590023697424057,0.41934530116348295,0.25,4,2.9975892289528656
rational_5_8,rational_approx,0.625,0.47,0.0,moving,0.03,0.18181818181818182,4.0,0.2721072582271615,0.6945211354302263,0.00625,160,2.0195332508400687
rational_5_8,rational_approx,0.625,0.47,0.0,moving,0.07,0.2727272727272727,2.0,0.2721072582271615,0.6945211354302263,0.0,257,2.5840218872037055
rational_5_8,rational_approx,0.625,0.47,0.0,moving,0.11,0.36363636363636365,3.0,0.2721072582271615,0.6945211354302263,0.00625,160,2.4922605235673414
rational_5_8,rational_approx,0.625,0.47,0.0,double,0.0,0.7272727272727273,2.0,0.1817296424696784,0.4496483314665133,0.25,4,2.361225592589229
rational_5_8,rational_approx,0.625,0.47,0.17,moving,0.03,0.18181818181818182,4.0,0.2721072582271615,0.6945211354302263,0.0,257,2.047658250840069
rational_5_8,rational_approx,0.625,0.47,0.17,moving,0.07,0.2727272727272727,2.0,0.2721072582271615,0.6945211354302263,0.00625,160,2.5558968872037053
rational_5_8,rational_approx,0.625,0.47,0.17,moving,0.11,0.36363636363636365,3.0,0.2721072582271615,0.6945211354302263,0.0,257,2.5203855235673416
rational_5_8,rational_approx,0.625,0.47,0.17,double,0.0,1.0,1.0,0.1590023697424057,0.41934530116348295,0.25,4,2.9975892289528656
rational_8_13,rational_approx,0.6153846153846154,0.2,0.0,moving,0.03,0.2727272727272727,2.0,0.2294936218635251,0.60815749906659,0.0,257,2.661749159930978
rational_8_13,rational_approx,0.6153846153846154,0.2,0.0,moving,0.07,0.18181818181818182,3.0,0.2294936218635251,0.60815749906659,0.0,257,2.3253855235673417
rational_8_13,rational_approx,0.6153846153846154,0.2,0.0,moving,0.11,0.18181818181818182,3.0,0.22736294004534327,0.5838068497159405,0.0,257,2.3473011079829265
rational_8_13,rational_approx,0.6153846153846154,0.2,0.0,double,0.0,1.0,1.0,0.18148603973100033,0.0,0.07692307692307693,13,4.153846153846153
rational_8_13,rational_approx,0.6153846153846154,0.2,0.17,moving,0.03,0.2727272727272727,2.0,0.2294936218635251,0.60815749906659,0.0,257,2.661749159930978
rational_8_13,rational_approx,0.6153846153846154,0.2,0.17,moving,0.07,0.18181818181818182,3.0,0.2294936218635251,0.60815749906659,0.0,257,2.3253855235673417
rational_8_13,rational_approx,0.6153846153846154,0.2,0.17,moving,0.11,0.18181818181818182,3.0,0.22736294004534327,0.5838068497159405,0.0,257,2.3473011079829265
rational_8_13,rational_approx,0.6153846153846154,0.2,0.17,double,0.0,1.0,1.0,0.18148603973100033,0.0,0.07692307692307693,13,4.153846153846153
rational_8_13,rational_approx,0.6153846153846154,0.34,0.0,moving,0.03,0.18181818181818182,3.0,0.23801634913625236,0.6414908323999232,0.0,257,2.295385523567342
rational_8_13,rational_approx,0.6153846153846154,0.34,0.0,moving,0.07,0.18181818181818182,3.0,0.23801634913625236,0.6414908323999232,0.0,257,2.295385523567342
rational_8_13,rational_approx,0.6153846153846154,0.34,0.0,moving,0.11,0.18181818181818182,3.0,0.2294936218635251,0.60815749906659,0.0,257,2.3253855235673417
rational_8_13,rational_approx,0.6153846153846154,0.34,0.0,double,0.0,0.2727272727272727,3.0,0.26817815620827307,0.4044437885346976,0.07692307692307693,13,2.2989376532558348
rational_8_13,rational_approx,0.6153846153846154,0.34,0.17,moving,0.03,0.18181818181818182,3.0,0.23801634913625236,0.6414908323999232,0.0,257,2.295385523567342
rational_8_13,rational_approx,0.6153846153846154,0.34,0.17,moving,0.07,0.18181818181818182,3.0,0.23801634913625236,0.6414908323999232,0.0,257,2.295385523567342
rational_8_13,rational_approx,0.6153846153846154,0.34,0.17,moving,0.11,0.18181818181818182,3.0,0.2294936218635251,0.60815749906659,0.0,257,2.3253855235673417
rational_8_13,rational_approx,0.6153846153846154,0.34,0.17,double,0.0,0.2727272727272727,3.0,0.26817815620827307,0.4044437885346976,0.07692307692307693,13,2.2989376532558348
rational_8_13,rational_approx,0.6153846153846154,0.47,0.0,moving,0.03,0.18181818181818182,4.0,0.2721072582271615,0.6945211354302263,0.0,257,2.047658250840069
rational_8_13,rational_approx,0.6153846153846154,0.47,0.0,moving,0.07,0.2727272727272727,3.0,0.2721072582271615,0.6945211354302263,0.0,257,2.3840218872037053
rational_8_13,rational_approx,0.6153846153846154,0.47,0.0,moving,0.11,0.36363636363636365,2.0,0.2721072582271615,0.6945211354302263,0.0,257,2.7203855235673418
rational_8_13,rational_approx,0.6153846153846154,0.47,0.0,double,0.0,0.45454545454545453,2.0,0.22689619598100033,0.1457464252918798,0.07692307692307693,13,3.0044925529016435
rational_8_13,rational_approx,0.6153846153846154,0.47,0.17,moving,0.03,0.18181818181818182,4.0,0.2721072582271615,0.6945211354302263,0.0,257,2.047658250840069
rational_8_13,rational_approx,0.6153846153846154,0.47,0.17,moving,0.07,0.2727272727272727,3.0,0.2721072582271615,0.6945211354302263,0.0,257,2.3840218872037053
rational_8_13,rational_approx,0.6153846153846154,0.47,0.17,moving,0.11,0.36363636363636365,2.0,0.2721072582271615,0.6945211354302263,0.0,257,2.7203855235673418
rational_8_13,rational_approx,0.6153846153846154,0.47,0.17,double,0.0,0.45454545454545453,2.0,0.22689619598100033,0.1457464252918798,0.07692307692307693,13,3.0044925529016435
rational_13_21,rational_approx,0.6190476190476191,0.2,0.0,moving,0.03,0.2727272727272727,2.0,0.20818680368170692,0.5391098800189709,0.0,257,2.7238920170738354
rational_13_21,rational_approx,0.6190476190476191,0.2,0.0,moving,0.07,0.18181818181818182,3.0,0.2294936218635251,0.60815749906659,0.0,257,2.3253855235673417
rational_13_21,rational_approx,0.6190476190476191,0.2,0.0,moving,0.11,0.18181818181818182,3.0,0.22736294004534327,0.5838068497159405,0.0,257,2.3473011079829265
rational_13_21,rational_approx,0.6190476190476191,0.2,0.0,double,0.0,1.0,1.0,0.18148603973100033,0.0,0.047619047619047616,21,4.285714285714286
rational_13_21,rational_approx,0.6190476190476191,0.2,0.17,moving,0.03,0.2727272727272727,2.0,0.20818680368170692,0.5391098800189709,0.0,257,2.7238920170738354
rational_13_21,rational_approx,0.6190476190476191,0.2,0.17,moving,0.07,0.18181818181818182,3.0,0.2294936218635251,0.60815749906659,0.0,257,2.3253855235673417
rational_13_21,rational_approx,0.6190476190476191,0.2,0.17,moving,0.11,0.18181818181818182,3.0,0.22736294004534327,0.5838068497159405,0.0,257,2.3473011079829265
rational_13_21,rational_approx,0.6190476190476191,0.2,0.17,double,0.0,1.0,1.0,0.18148603973100033,0.0,0.047619047619047616,21,4.285714285714286
rational_13_21,rational_approx,0.6190476190476191,0.34,0.0,moving,0.03,0.18181818181818182,3.0,0.23801634913625236,0.6414908323999232,0.0,257,2.295385523567342
rational_13_21,rational_approx,0.6190476190476191,0.34,0.0,moving,0.07,0.18181818181818182,3.0,0.23801634913625236,0.6414908323999232,0.0,257,2.295385523567342
rational_13_21,rational_approx,0.6190476190476191,0.34,0.0,moving,0.11,0.18181818181818182,3.0,0.2294936218635251,0.60815749906659,0.0,257,2.3253855235673417
rational_13_21,rational_approx,0.6190476190476191,0.34,0.0,double,0.0,0.09090909090909091,4.0,0.27199610592035717,0.6659663568754478,0.047619047619047616,21,1.7227082008900192
rational_13_21,rational_approx,0.6190476190476191,0.34,0.17,moving,0.03,0.18181818181818182,3.0,0.23801634913625236,0.6414908323999232,0.0,257,2.295385523567342
rational_13_21,rational_approx,0.6190476190476191,0.34,0.17,moving,0.07,0.18181818181818182,3.0,0.23801634913625236,0.6414908323999232,0.0,257,2.295385523567342
rational_13_21,rational_approx,0.6190476190476191,0.34,0.17,moving,0.11,0.18181818181818182,3.0,0.2294936218635251,0.60815749906659,0.0,257,2.3253855235673417
rational_13_21,rational_approx,0.6190476190476191,0.34,0.17,double,0.0,0.09090909090909091,4.0,0.27199610592035717,0.6659663568754478,0.047619047619047616,21,1.7227082008900192
rational_13_21,rational_approx,0.6190476190476191,0.47,0.0,moving,0.03,0.18181818181818182,4.0,0.2721072582271615,0.6945211354302263,0.0,257,2.047658250840069
rational_13_21,rational_approx,0.6190476190476191,0.47,0.0,moving,0.07,0.2727272727272727,3.0,0.2721072582271615,0.6945211354302263,0.0,257,2.3840218872037053
rational_13_21,rational_approx,0.6190476190476191,0.47,0.0,moving,0.11,0.36363636363636365,2.0,0.2721072582271615,0.6945211354302263,0.0,257,2.7203855235673418
rational_13_21,rational_approx,0.6190476190476191,0.47,0.0,double,0.0,0.45454545454545453,2.0,0.22691845034841993,0.1527394322848868,0.047619047619047616,21,3.1300669784760693
rational_13_21,rational_approx,0.6190476190476191,0.47,0.17,moving,0.03,0.18181818181818182,4.0,0.2721072582271615,0.6945211354302263,0.0,257,2.047658250840069
rational_13_21,rational_approx,0.6190476190476191,0.47,0.17,moving,0.07,0.2727272727272727,3.0,0.2721072582271615,0.6945211354302263,0.0,257,2.3840218872037053
rational_13_21,rational_approx,0.6190476190476191,0.47,0.17,moving,0.11,0.36363636363636365,2.0,0.2721072582271615,0.6945211354302263,0.0,257,2.7203855235673418
rational_13_21,rational_approx,0.6190476190476191,0.47,0.17,double,0.0,0.45454545454545453,2.0,0.22691845034841993,0.1527394322848868,0.047619047619047616,21,3.1300669784760693
control_1_3,rational_control,0.3333333333333333,0.2,0.0,moving,0.03,0.18181818181818182,4.0,0.20396970971959497,0.41934530116348295,0.0,257,2.295316501680138
control_1_3,rational_control,0.3333333333333333,0.2,0.0,moving,0.07,0.18181818181818182,3.0,0.20499078095443418,0.4932945842036751,0.01,100,2.3837621469439654
control_1_3,rational_control,0.3333333333333333,0.2,0.0,moving,0.11,0.2727272727272727,3.0,0.21244816731807054,0.567248408157499,0.0,257,2.49856734174916
control_1_3,rational_control,0.3333333333333333,0.2,0.0,double,0.0,1.0,1.0,0.1362972318522588,0.5417817031453395,0.3333333333333333,3,2.5123964671691947
control_1_3,rational_control,0.3333333333333333,0.2,0.17,moving,0.03,0.18181818181818182,4.0,0.20396970971959497,0.41934530116348295,0.0,257,2.295316501680138
control_1_3,rational_control,0.3333333333333333,0.2,0.17,moving,0.07,0.18181818181818182,3.0,0.20499078095443418,0.4932945842036751,0.01,100,2.3837621469439654
control_1_3,rational_control,0.3333333333333333,0.2,0.17,moving,0.11,0.2727272727272727,3.0,0.21244816731807054,0.567248408157499,0.0,257,2.49856734174916
control_1_3,rational_control,0.3333333333333333,0.2,0.17,double,0.0,1.0,0.0,0.0454324106174196,0.8472605677151133,1.0,1,2.437465489056398
control_1_3,rational_control,0.3333333333333333,0.34,0.0,moving,0.03,0.2727272727272727,2.0,0.2721072582271615,0.6945211354302263,0.0,257,2.5840218872037055
control_1_3,rational_control,0.3333333333333333,0.34,0.0,moving,0.07,0.2727272727272727,2.0,0.2721072582271615,0.6945211354302263,0.01,100,2.5390218872037056
control_1_3,rational_control,0.3333333333333333,0.34,0.0,moving,0.11,0.2727272727272727,3.0,0.2721072582271615,0.6945211354302263,0.0,257,2.3840218872037053
control_1_3,rational_control,0.3333333333333333,0.34,0.0,double,0.0,1.0,1.0,0.1362972318522588,0.5417817031453395,0.3333333333333333,3,2.5123964671691947
control_1_3,rational_control,0.3333333333333333,0.34,0.17,moving,0.03,0.2727272727272727,2.0,0.2721072582271615,0.6945211354302263,0.0,257,2.5840218872037055
control_1_3,rational_control,0.3333333333333333,0.34,0.17,moving,0.07,0.2727272727272727,2.0,0.2721072582271615,0.6945211354302263,0.01,100,2.5390218872037056
control_1_3,rational_control,0.3333333333333333,0.34,0.17,moving,0.11,0.2727272727272727,3.0,0.2721072582271615,0.6945211354302263,0.0,257,2.3840218872037053
control_1_3,rational_control,0.3333333333333333,0.34,0.17,double,0.0,1.0,1.0,0.1362972318522588,0.5417817031453395,0.3333333333333333,3,2.5123964671691947
control_1_3,rational_control,0.3333333333333333,0.47,0.0,moving,0.03,0.09090909090909091,5.0,0.2721072582271615,0.6945211354302263,0.0,257,1.9112946144764327
control_1_3,rational_control,0.3333333333333333,0.47,0.0,moving,0.07,0.09090909090909091,4.0,0.2721072582271615,0.6945211354302263,0.01,100,1.8662946144764327
control_1_3,rational_control,0.3333333333333333,0.47,0.0,moving,0.11,0.18181818181818182,3.0,0.2721072582271615,0.6945211354302263,0.0,257,2.247658250840069
control_1_3,rational_control,0.3333333333333333,0.47,0.0,double,0.0,1.0,1.0,0.1362972318522588,0.5417817031453395,0.3333333333333333,3,2.5123964671691947
control_1_3,rational_control,0.3333333333333333,0.47,0.17,moving,0.03,0.09090909090909091,5.0,0.2721072582271615,0.6945211354302263,0.0,257,1.9112946144764327
control_1_3,rational_control,0.3333333333333333,0.47,0.17,moving,0.07,0.09090909090909091,4.0,0.2721072582271615,0.6945211354302263,0.01,100,1.8662946144764327
control_1_3,rational_control,0.3333333333333333,0.47,0.17,moving,0.11,0.18181818181818182,3.0,0.2721072582271615,0.6945211354302263,0.0,257,2.247658250840069
control_1_3,rational_control,0.3333333333333333,0.47,0.17,double,0.0,1.0,1.0,0.1362972318522588,0.5417817031453395,0.3333333333333333,3,2.5123964671691947
control_1_4,rational_control,0.25,0.2,0.0,moving,0.03,0.2727272727272727,3.0,0.1928725281135251,0.3640311708493527,0.0,257,2.6814628553264916
control_1_4,rational_control,0.25,0.2,0.0,moving,0.07,0.2727272727272727,2.0,0.1975333945907978,0.48142589733498825,0.0,257,2.7758076014894195
control_1_4,rational_control,0.25,0.2,0.0,moving,0.11,0.36363636363636365,2.0,0.1975333945907978,0.48142589733498825,0.0,257,2.912171237853056
control_1_4,rational_control,0.25,0.2,0.0,double,0.0,1.0,1.0,0.0908648212348392,0.6945211354302263,0.5,2,2.3749309781127965
control_1_4,rational_control,0.25,0.2,0.17,moving,0.03,0.2727272727272727,3.0,0.1928725281135251,0.3640311708493527,0.0,257,2.6814628553264916
control_1_4,rational_control,0.25,0.2,0.17,moving,0.07,0.2727272727272727,2.0,0.1975333945907978,0.48142589733498825,0.0,257,2.7758076014894195
control_1_4,rational_control,0.25,0.2,0.17,moving,0.11,0.36363636363636365,2.0,0.1975333945907978,0.48142589733498825,0.0,257,2.912171237853056
control_1_4,rational_control,0.25,0.2,0.17,double,0.0,1.0,1.0,0.1362972318522588,0.5417817031453395,0.0,257,4.012396467169195
control_1_4,rational_control,0.25,0.34,0.0,moving,0.03,0.09090909090909091,4.0,0.2721072582271615,0.6945211354302263,0.0,257,1.9112946144764327
control_1_4,rational_control,0.25,0.34,0.0,moving,0.07,0.09090909090909091,3.0,0.2721072582271615,0.6945211354302263,0.0,257,2.1112946144764324
control_1_4,rational_control,0.25,0.34,0.0,moving,0.11,0.18181818181818182,3.0,0.2721072582271615,0.6945211354302263,0.0,257,2.247658250840069
control_1_4,rational_control,0.25,0.34,0.0,double,0.0,1.0,1.0,0.0908648212348392,0.6945211354302263,0.5,2,2.3749309781127965
control_1_4,rational_control,0.25,0.34,0.17,moving,0.03,0.09090909090909091,4.0,0.2721072582271615,0.6945211354302263,0.0,257,1.9112946144764327
control_1_4,rational_control,0.25,0.34,0.17,moving,0.07,0.09090909090909091,3.0,0.2721072582271615,0.6945211354302263,0.0,257,2.1112946144764324
control_1_4,rational_control,0.25,0.34,0.17,moving,0.11,0.18181818181818182,3.0,0.2721072582271615,0.6945211354302263,0.0,257,2.247658250840069
control_1_4,rational_control,0.25,0.34,0.17,double,0.0,1.0,1.0,0.1362972318522588,0.5417817031453395,0.0,257,4.012396467169195
control_1_4,rational_control,0.25,0.47,0.0,moving,0.03,0.09090909090909091,3.0,0.2721072582271615,0.6945211354302263,0.0,257,2.1112946144764324
control_1_4,rational_control,0.25,0.47,0.0,moving,0.07,0.18181818181818182,3.0,0.2721072582271615,0.6945211354302263,0.0,257,2.247658250840069
control_1_4,rational_control,0.25,0.47,0.0,moving,0.11,0.18181818181818182,4.0,0.2721072582271615,0.6945211354302263,0.0,257,2.047658250840069
control_1_4,rational_control,0.25,0.47,0.0,double,0.0,1.0,1.0,0.0908648212348392,0.6945211354302263,0.5,2,2.3749309781127965
control_1_4,rational_control,0.25,0.47,0.17,moving,0.03,0.09090909090909091,3.0,0.2721072582271615,0.6945211354302263,0.0,257,2.1112946144764324
control_1_4,rational_control,0.25,0.47,0.17,moving,0.07,0.18181818181818182,3.0,0.2721072582271615,0.6945211354302263,0.0,257,2.247658250840069
control_1_4,rational_control,0.25,0.47,0.17,moving,0.11,0.18181818181818182,4.0,0.2721072582271615,0.6945211354302263,0.0,257,2.047658250840069
control_1_4,rational_control,0.25,0.47,0.17,double,0.0,1.0,1.0,0.1362972318522588,0.5417817031453395,0.0,257,4.012396467169195
control_2_5,rational_control,0.4,0.2,0.0,moving,0.03,0.2727272727272727,2.0,0.20818680368170692,0.5391098800189709,0.0,257,2.7238920170738354
control_2_5,rational_control,0.4,0.2,0.0,moving,0.07,0.2727272727272727,3.0,0.20818680368170692,0.5391098800189709,0.0,257,2.5238920170738353
control_2_5,rational_control,0.4,0.2,0.0,moving,0.11,0.18181818181818182,3.0,0.2044581104998887,0.4741026650117559,0.0,257,2.4460348742166924
control_2_5,rational_control,0.4,0.2,0.0,double,0.0,1.0,1.0,0.17034387126891623,0.3196361719088992,0.2,5,3.3123274452819906
control_2_5,rational_control,0.4,0.2,0.17,moving,0.03,0.2727272727272727,2.0,0.20818680368170692,0.5391098800189709,0.0,257,2.7238920170738354
control_2_5,rational_control,0.4,0.2,0.17,moving,0.07,0.2727272727272727,3.0,0.20818680368170692,0.5391098800189709,0.0,257,2.5238920170738353
control_2_5,rational_control,0.4,0.2,0.17,moving,0.11,0.18181818181818182,3.0,0.2044581104998887,0.4741026650117559,0.0,257,2.4460348742166924
control_2_5,rational_control,0.4,0.2,0.17,double,0.0,1.0,1.0,0.17034387126891623,0.3196361719088992,0.2,5,3.3123274452819906
control_2_5,rational_control,0.4,0.34,0.0,moving,0.03,0.18181818181818182,2.0,0.23801634913625236,0.6414908323999232,0.0,257,2.495385523567342
control_2_5,rational_control,0.4,0.34,0.0,moving,0.07,0.2727272727272727,3.0,0.23801634913625236,0.6414908323999232,0.0,257,2.431749159930978
control_2_5,rational_control,0.4,0.34,0.0,moving,0.11,0.36363636363636365,2.0,0.23801634913625236,0.6414908323999232,0.0,257,2.7681127962946146
control_2_5,rational_control,0.4,0.34,0.0,double,0.0,0.5454545454545454,2.0,0.2044347803598253,0.3726664749392023,0.2,5,2.382781990736536
control_2_5,rational_control,0.4,0.34,0.17,moving,0.03,0.18181818181818182,2.0,0.23801634913625236,0.6414908323999232,0.0,257,2.495385523567342
control_2_5,rational_control,0.4,0.34,0.17,moving,0.07,0.2727272727272727,3.0,0.23801634913625236,0.6414908323999232,0.0,257,2.431749159930978
control_2_5,rational_control,0.4,0.34,0.17,moving,0.11,0.36363636363636365,2.0,0.23801634913625236,0.6414908323999232,0.0,257,2.7681127962946146
control_2_5,rational_control,0.4,0.34,0.17,double,0.0,0.5454545454545454,2.0,0.2044347803598253,0.3726664749392023,0.2,5,2.382781990736536
control_2_5,rational_control,0.4,0.47,0.0,moving,0.03,0.18181818181818182,3.0,0.2721072582271615,0.6945211354302263,0.0,257,2.247658250840069
control_2_5,rational_control,0.4,0.47,0.0,moving,0.07,0.18181818181818182,3.0,0.2721072582271615,0.6945211354302263,0.0,257,2.247658250840069
control_2_5,rational_control,0.4,0.47,0.0,moving,0.11,0.09090909090909091,3.0,0.2721072582271615,0.6945211354302263,0.0,257,2.1112946144764324
control_2_5,rational_control,0.4,0.47,0.0,double,0.0,0.5454545454545454,2.0,0.2044347803598253,0.3726664749392023,0.2,5,2.382781990736536
control_2_5,rational_control,0.4,0.47,0.17,moving,0.03,0.18181818181818182,3.0,0.2721072582271615,0.6945211354302263,0.0,257,2.247658250840069
control_2_5,rational_control,0.4,0.47,0.17,moving,0.07,0.18181818181818182,3.0,0.2721072582271615,0.6945211354302263,0.0,257,2.247658250840069
control_2_5,rational_control,0.4,0.47,0.17,moving,0.11,0.09090909090909091,3.0,0.2721072582271615,0.6945211354302263,0.004,250,2.0932946144764326
control_2_5,rational_control,0.4,0.47,0.17,double,0.0,0.5454545454545454,2.0,0.2044347803598253,0.3726664749392023,0.2,5,2.382781990736536
random_1,random,0.07766782664465123,0.2,0.0,moving,0.03,0.0,3.0,0.2721072582271615,0.6945211354302263,0.0,257,1.9749309781127964
random_1,random,0.07766782664465123,0.2,0.0,moving,0.07,0.0,3.0,0.2721072582271615,0.6945211354302263,0.0,257,1.9749309781127964
random_1,random,0.07766782664465123,0.2,0.0,moving,0.11,0.0,3.0,0.2721072582271615,0.6945211354302263,0.004608294930875576,217,1.9541936509238562
random_1,random,0.07766782664465123,0.2,0.0,double,0.0,0.09090909090909091,2.0,0.2721072582271615,0.6945211354302263,0.0,257,2.3112946144764326
random_1,random,0.07766782664465123,0.2,0.17,moving,0.03,0.0,3.0,0.2721072582271615,0.6945211354302263,0.0,257,1.9749309781127964
random_1,random,0.07766782664465123,0.2,0.17,moving,0.07,0.0,3.0,0.2721072582271615,0.6945211354302263,0.0,257,1.9749309781127964
random_1,random,0.07766782664465123,0.2,0.17,moving,0.11,0.0,3.0,0.2721072582271615,0.6945211354302263,0.004608294930875576,217,1.9541936509238562
random_1,random,0.07766782664465123,0.2,0.17,double,0.0,0.09090909090909091,2.0,0.2721072582271615,0.6945211354302263,0.0,257,2.3112946144764326
random_1,random,0.07766782664465123,0.34,0.0,moving,0.03,0.0,5.0,0.2721072582271615,0.6945211354302263,0.0,257,1.7749309781127964
random_1,random,0.07766782664465123,0.34,0.0,moving,0.07,0.0,5.0,0.2721072582271615,0.6945211354302263,0.0,257,1.7749309781127964
random_1,random,0.07766782664465123,0.34,0.0,moving,0.11,0.0,5.0,0.2721072582271615,0.6945211354302263,0.004608294930875576,217,1.754193650923856
random_1,random,0.07766782664465123,0.34,0.0,double,0.0,0.09090909090909091,3.0,0.2721072582271615,0.6945211354302263,0.009708737864077669,103,2.067605294088083
random_1,random,0.07766782664465123,0.34,0.17,moving,0.03,0.0,5.0,0.2721072582271615,0.6945211354302263,0.0,257,1.7749309781127964
random_1,random,0.07766782664465123,0.34,0.17,moving,0.07,0.0,5.0,0.2721072582271615,0.6945211354302263,0.0,257,1.7749309781127964
random_1,random,0.07766782664465123,0.34,0.17,moving,0.11,0.0,5.0,0.2721072582271615,0.6945211354302263,0.004608294930875576,217,1.754193650923856
random_1,random,0.07766782664465123,0.34,0.17,double,0.0,0.09090909090909091,3.0,0.2721072582271615,0.6945211354302263,0.009708737864077669,103,2.067605294088083
random_1,random,0.07766782664465123,0.47,0.0,moving,0.03,0.0,7.0,0.2721072582271615,0.6945211354302263,0.0,257,1.7749309781127964
random_1,random,0.07766782664465123,0.47,0.0,moving,0.07,0.0,7.0,0.2721072582271615,0.6945211354302263,0.0,257,1.7749309781127964
random_1,random,0.07766782664465123,0.47,0.0,moving,0.11,0.0,7.0,0.2721072582271615,0.6945211354302263,0.004608294930875576,217,1.754193650923856
random_1,random,0.07766782664465123,0.47,0.0,double,0.0,0.09090909090909091,4.0,0.2721072582271615,0.6945211354302263,0.009708737864077669,103,1.8676052940880832
random_1,random,0.07766782664465123,0.47,0.17,moving,0.03,0.0,7.0,0.2721072582271615,0.6945211354302263,0.0,257,1.7749309781127964
random_1,random,0.07766782664465123,0.47,0.17,moving,0.07,0.0,7.0,0.2721072582271615,0.6945211354302263,0.0,257,1.7749309781127964
random_1,random,0.07766782664465123,0.47,0.17,moving,0.11,0.0,7.0,0.2721072582271615,0.6945211354302263,0.004608294930875576,217,1.754193650923856
random_1,random,0.07766782664465123,0.47,0.17,double,0.0,0.09090909090909091,4.0,0.2721072582271615,0.6945211354302263,0.009708737864077669,103,1.8676052940880832
random_2,random,0.20161173178845176,0.2,0.0,moving,0.03,0.18181818181818182,2.0,0.2721072582271615,0.6945211354302263,0.0,257,2.4476582508400693
random_2,random,0.20161173178845176,0.2,0.0,moving,0.07,0.18181818181818182,2.0,0.2721072582271615,0.6945211354302263,0.0625,16,2.1664082508400693
random_2,random,0.20161173178845176,0.2,0.0,moving,0.11,0.09090909090909091,2.0,0.2721072582271615,0.6945211354302263,0.0,257,2.3112946144764326
random_2,random,0.20161173178845176,0.2,0.0,double,0.0,0.8181818181818182,2.0,0.18430481398478357,0.06637579592125048,0.016129032258064516,62,3.8949538657823117
random_2,random,0.20161173178845176,0.2,0.17,moving,0.03,0.18181818181818182,2.0,0.2721072582271615,0.6945211354302263,0.0,257,2.4476582508400693
random_2,random,0.20161173178845176,0.2,0.17,moving,0.07,0.18181818181818182,2.0,0.2721072582271615,0.6945211354302263,0.0625,16,2.1664082508400693
random_2,random,0.20161173178845176,0.2,0.17,moving,0.11,0.09090909090909091,2.0,0.2721072582271615,0.6945211354302263,0.0,257,2.3112946144764326
random_2,random,0.20161173178845176,0.2,0.17,double,0.0,0.8181818181818182,2.0,0.18430481398478357,0.06637579592125048,0.016129032258064516,62,3.8949538657823117
random_2,random,0.20161173178845176,0.34,0.0,moving,0.03,0.09090909090909091,4.0,0.2721072582271615,0.6945211354302263,0.0,257,1.9112946144764327
random_2,random,0.20161173178845176,0.34,0.0,moving,0.07,0.36363636363636365,2.0,0.22691845034841993,0.1527394322848868,0.0625,16,2.9267390563981475
random_2,random,0.20161173178845176,0.34,0.0,moving,0.11,0.18181818181818182,3.0,0.2721072582271615,0.6945211354302263,0.0,257,2.247658250840069
random_2,random,0.20161173178845176,0.34,0.0,double,0.0,0.18181818181818182,3.0,0.23801634913625236,0.6414908323999232,0.016129032258064516,62,2.2228048784060515
random_2,random,0.20161173178845176,0.34,0.17,moving,0.03,0.09090909090909091,4.0,0.2721072582271615,0.6945211354302263,0.0,257,1.9112946144764327
random_2,random,0.20161173178845176,0.34,0.17,moving,0.07,0.36363636363636365,2.0,0.22691845034841993,0.1527394322848868,0.0625,16,2.9267390563981475
random_2,random,0.20161173178845176,0.34,0.17,moving,0.11,0.18181818181818182,3.0,0.2721072582271615,0.6945211354302263,0.0,257,2.247658250840069
random_2,random,0.20161173178845176,0.34,0.17,double,0.0,0.18181818181818182,3.0,0.23801634913625236,0.6414908323999232,0.016129032258064516,62,2.2228048784060515
random_2,random,0.20161173178845176,0.47,0.0,moving,0.03,0.09090909090909091,4.0,0.2721072582271615,0.6945211354302263,0.0,257,1.9112946144764327
random_2,random,0.20161173178845176,0.47,0.0,moving,0.07,0.18181818181818182,4.0,0.2709526607878046,0.5418828646101372,0.0625,16,1.9037826945781493
random_2,random,0.20161173178845176,0.47,0.0,moving,0.11,0.18181818181818182,4.0,0.2721072582271615,0.6945211354302263,0.0,257,2.047658250840069
random_2,random,0.20161173178845176,0.47,0.0,double,0.0,0.18181818181818182,4.0,0.2721072582271615,0.6945211354302263,0.016129032258064516,62,1.9750776056787789
random_2,random,0.20161173178845176,0.47,0.17,moving,0.03,0.09090909090909091,4.0,0.2721072582271615,0.6945211354302263,0.0,257,1.9112946144764327
random_2,random,0.20161173178845176,0.47,0.17,moving,0.07,0.18181818181818182,4.0,0.2709526607878046,0.5418828646101372,0.0625,16,1.9037826945781493
random_2,random,0.20161173178845176,0.47,0.17,moving,0.11,0.18181818181818182,4.0,0.2721072582271615,0.6945211354302263,0.0,257,2.047658250840069
random_2,random,0.20161173178845176,0.47,0.17,double,0.0,0.18181818181818182,4.0,0.2721072582271615,0.6945211354302263,0.016129032258064516,62,1.9750776056787789
random_3,random,0.31455540234073975,0.2,0.0,moving,0.03,0.18181818181818182,3.0,0.20499078095443418,0.4932945842036751,0.0,257,2.4287621469439653
random_3,random,0.31455540234073975,0.2,0.0,moving,0.07,0.2727272727272727,3.0,0.21244816731807054,0.567248408157499,0.0,257,2.49856734174916
random_3,random,0.31455540234073975,0.2,0.0,moving,0.11,0.2727272727272727,3.0,0.21244816731807054,0.567248408157499,0.0,257,2.49856734174916
random_3,random,0.31455540234073975,0.2,0.0,double,0.0,0.2727272727272727,3.0,0.20818680368170692,0.5391098800189709,0.004694835680751174,213,2.502765256510455
random_3,random,0.31455540234073975,0.2,0.17,moving,0.03,0.18181818181818182,3.0,0.20499078095443418,0.4932945842036751,0.0,257,2.4287621469439653
random_3,random,0.31455540234073975,0.2,0.17,moving,0.07,0.2727272727272727,3.0,0.21244816731807054,0.567248408157499,0.0,257,2.49856734174916
random_3,random,0.31455540234073975,0.2,0.17,moving,0.11,0.2727272727272727,3.0,0.21244816731807054,0.567248408157499,0.0,257,2.49856734174916
random_3,random,0.31455540234073975,0.2,0.17,double,0.0,0.2727272727272727,3.0,0.20818680368170692,0.5391098800189709,0.004694835680751174,213,2.502765256510455
random_3,random,0.31455540234073975,0.34,0.0,moving,0.03,0.2727272727272727,2.0,0.2721072582271615,0.6945211354302263,0.0,257,2.5840218872037055
random_3,random,0.31455540234073975,0.34,0.0,moving,0.07,0.18181818181818182,2.0,0.2721072582271615,0.6945211354302263,0.0,257,2.4476582508400693
random_3,random,0.31455540234073975,0.34,0.0,moving,0.11,0.18181818181818182,3.0,0.2721072582271615,0.6945211354302263,0.0,257,2.247658250840069
random_3,random,0.31455540234073975,0.34,0.0,double,0.0,0.2727272727272727,2.0,0.23801634913625236,0.6414908323999232,0.0,257,2.631749159930978
random_3,random,0.31455540234073975,0.34,0.17,moving,0.03,0.2727272727272727,2.0,0.2721072582271615,0.6945211354302263,0.0,257,2.5840218872037055
random_3,random,0.31455540234073975,0.34,0.17,moving,0.07,0.18181818181818182,2.0,0.2721072582271615,0.6945211354302263,0.0,257,2.4476582508400693
random_3,random,0.31455540234073975,0.34,0.17,moving,0.11,0.18181818181818182,3.0,0.2721072582271615,0.6945211354302263,0.0,257,2.247658250840069
random_3,random,0.31455540234073975,0.34,0.17,double,0.0,0.2727272727272727,2.0,0.23801634913625236,0.6414908323999232,0.0,257,2.631749159930978
random_3,random,0.31455540234073975,0.47,0.0,moving,0.03,0.18181818181818182,3.0,0.2721072582271615,0.6945211354302263,0.0,257,2.247658250840069
random_3,random,0.31455540234073975,0.47,0.0,moving,0.07,0.18181818181818182,4.0,0.2721072582271615,0.6945211354302263,0.0,257,2.047658250840069
random_3,random,0.31455540234073975,0.47,0.0,moving,0.11,0.18181818181818182,3.0,0.2721072582271615,0.6945211354302263,0.0,257,2.247658250840069
random_3,random,0.31455540234073975,0.47,0.0,double,0.0,0.18181818181818182,3.0,0.2721072582271615,0.6945211354302263,0.0,257,2.247658250840069
random_3,random,0.31455540234073975,0.47,0.17,moving,0.03,0.18181818181818182,3.0,0.2721072582271615,0.6945211354302263,0.0,257,2.247658250840069
random_3,random,0.31455540234073975,0.47,0.17,moving,0.07,0.18181818181818182,4.0,0.2721072582271615,0.6945211354302263,0.0,257,2.047658250840069
random_3,random,0.31455540234073975,0.47,0.17,moving,0.11,0.18181818181818182,3.0,0.2721072582271615,0.6945211354302263,0.0,257,2.247658250840069
random_3,random,0.31455540234073975,0.47,0.17,double,0.0,0.18181818181818182,3.0,0.2721072582271615,0.6945211354302263,0.0,257,2.247658250840069
random_4,random,0.5686267188666277,0.2,0.0,moving,0.03,0.18181818181818182,3.0,0.22736294004534327,0.5838068497159405,0.0,257,2.3473011079829265
random_4,random,0.5686267188666277,0.2,0.0,moving,0.07,0.09090909090909091,4.0,0.22669710197716145,0.5487747101383464,0.0,257,2.0424663972391244
random_4,random,0.5686267188666277,0.2,0.0,moving,0.11,0.09090909090909091,6.0,0.22667484760974183,0.5417817031453395,0.0,257,2.048760103532831
random_4,random,0.5686267188666277,0.2,0.0,double,0.0,0.09090909090909091,3.0,0.2721072582271615,0.6945211354302263,0.0196078431372549,51,2.0230593203587857
random_4,random,0.5686267188666277,0.2,0.17,moving,0.03,0.18181818181818182,3.0,0.22736294004534327,0.5838068497159405,0.0,257,2.3473011079829265
random_4,random,0.5686267188666277,0.2,0.17,moving,0.07,0.09090909090909091,4.0,0.22669710197716145,0.5487747101383464,0.0,257,2.0424663972391244
random_4,random,0.5686267188666277,0.2,0.17,moving,0.11,0.09090909090909091,6.0,0.22667484760974183,0.5417817031453395,0.0,257,2.048760103532831
random_4,random,0.5686267188666277,0.2,0.17,double,0.0,0.09090909090909091,3.0,0.2721072582271615,0.6945211354302263,0.0196078431372549,51,2.0230593203587857
random_4,random,0.5686267188666277,0.34,0.0,moving,0.03,0.18181818181818182,3.0,0.2294936218635251,0.60815749906659,0.004484304932735426,223,2.305206151370032
random_4,random,0.5686267188666277,0.34,0.0,moving,0.07,0.09090909090909091,4.0,0.22736294004534327,0.5838068497159405,0.0,257,2.0109374716192896
random_4,random,0.5686267188666277,0.34,0.0,moving,0.11,0.09090909090909091,6.0,0.22667484760974183,0.5417817031453395,0.0,257,2.048760103532831
random_4,random,0.5686267188666277,0.34,0.0,double,0.0,0.09090909090909091,4.0,0.2721072582271615,0.6945211354302263,0.0196078431372549,51,1.8230593203587855
random_4,random,0.5686267188666277,0.34,0.17,moving,0.03,0.18181818181818182,3.0,0.2294936218635251,0.60815749906659,0.004484304932735426,223,2.305206151370032
random_4,random,0.5686267188666277,0.34,0.17,moving,0.07,0.09090909090909091,4.0,0.22736294004534327,0.5838068497159405,0.0,257,2.0109374716192896
random_4,random,0.5686267188666277,0.34,0.17,moving,0.11,0.09090909090909091,6.0,0.22667484760974183,0.5417817031453395,0.0,257,2.048760103532831
random_4,random,0.5686267188666277,0.34,0.17,double,0.0,0.09090909090909091,4.0,0.2721072582271615,0.6945211354302263,0.0196078431372549,51,1.8230593203587855
random_4,random,0.5686267188666277,0.47,0.0,moving,0.03,0.36363636363636365,2.0,0.2721072582271615,0.6945211354302263,0.004484304932735426,223,2.700206151370032
random_4,random,0.5686267188666277,0.47,0.0,moving,0.07,0.09090909090909091,2.0,0.23801634913625236,0.6414908323999232,0.0,257,2.3590218872037054
random_4,random,0.5686267188666277,0.47,0.0,moving,0.11,0.09090909090909091,3.0,0.2294936218635251,0.60815749906659,0.0,257,2.1890218872037055
random_4,random,0.5686267188666277,0.47,0.0,double,0.0,0.09090909090909091,5.0,0.2721072582271615,0.6945211354302263,0.0,257,1.9112946144764327
random_4,random,0.5686267188666277,0.47,0.17,moving,0.03,0.36363636363636365,2.0,0.2721072582271615,0.6945211354302263,0.004484304932735426,223,2.700206151370032
random_4,random,0.5686267188666277,0.47,0.17,moving,0.07,0.09090909090909091,2.0,0.23801634913625236,0.6414908323999232,0.0,257,2.3590218872037054
random_4,random,0.5686267188666277,0.47,0.17,moving,0.11,0.09090909090909091,3.0,0.2294936218635251,0.60815749906659,0.0,257,2.1890218872037055
random_4,random,0.5686267188666277,0.47,0.17,double,0.0,0.09090909090909091,5.0,0.2721072582271615,0.6945211354302263,0.0,257,1.9112946144764327
random_5,random,0.7811346888002152,0.2,0.0,moving,0.03,0.2727272727272727,3.0,0.1928725281135251,0.3640311708493527,0.0,257,2.6814628553264916
random_5,random,0.7811346888002152,0.2,0.0,moving,0.07,0.36363636363636365,2.0,0.21244816731807054,0.567248408157499,0.0,257,2.8349309781127965
random_5,random,0.7811346888002152,0.2,0.0,moving,0.11,0.18181818181818182,3.0,0.20499078095443418,0.4932945842036751,0.0,257,2.4287621469439653
random_5,random,0.7811346888002152,0.2,0.0,double,0.0,0.18181818181818182,3.0,0.2294936218635251,0.60815749906659,0.0,257,2.3253855235673417
random_5,random,0.7811346888002152,0.2,0.17,moving,0.03,0.2727272727272727,3.0,0.1928725281135251,0.3640311708493527,0.0,257,2.6814628553264916
random_5,random,0.7811346888002152,0.2,0.17,moving,0.07,0.36363636363636365,2.0,0.21244816731807054,0.567248408157499,0.0,257,2.8349309781127965
random_5,random,0.7811346888002152,0.2,0.17,moving,0.11,0.18181818181818182,3.0,0.20499078095443418,0.4932945842036751,0.0,257,2.4287621469439653
random_5,random,0.7811346888002152,0.2,0.17,double,0.0,0.18181818181818182,3.0,0.2294936218635251,0.60815749906659,0.0,257,2.3253855235673417
random_5,random,0.7811346888002152,0.34,0.0,moving,0.03,0.09090909090909091,4.0,0.2721072582271615,0.6945211354302263,0.0,257,1.9112946144764327
random_5,random,0.7811346888002152,0.34,0.0,moving,0.07,0.18181818181818182,2.0,0.2721072582271615,0.6945211354302263,0.0,257,2.4476582508400693
random_5,random,0.7811346888002152,0.34,0.0,moving,0.11,0.2727272727272727,2.0,0.2721072582271615,0.6945211354302263,0.0,257,2.5840218872037055
random_5,random,0.7811346888002152,0.34,0.0,double,0.0,0.18181818181818182,3.0,0.23801634913625236,0.6414908323999232,0.0,257,2.295385523567342
random_5,random,0.7811346888002152,0.34,0.17,moving,0.03,0.09090909090909091,4.0,0.2721072582271615,0.6945211354302263,0.0,257,1.9112946144764327
random_5,random,0.7811346888002152,0.34,0.17,moving,0.07,0.18181818181818182,2.0,0.2721072582271615,0.6945211354302263,0.0,257,2.4476582508400693
random_5,random,0.7811346888002152,0.34,0.17,moving,0.11,0.2727272727272727,2.0,0.2721072582271615,0.6945211354302263,0.0,257,2.5840218872037055
random_5,random,0.7811346888002152,0.34,0.17,double,0.0,0.18181818181818182,3.0,0.23801634913625236,0.6414908323999232,0.0,257,2.295385523567342
random_5,random,0.7811346888002152,0.47,0.0,moving,0.03,0.09090909090909091,3.0,0.2721072582271615,0.6945211354302263,0.0,257,2.1112946144764324
random_5,random,0.7811346888002152,0.47,0.0,moving,0.07,0.2727272727272727,3.0,0.2721072582271615,0.6945211354302263,0.0,257,2.3840218872037053
random_5,random,0.7811346888002152,0.47,0.0,moving,0.11,0.18181818181818182,3.0,0.2721072582271615,0.6945211354302263,0.0,257,2.247658250840069
random_5,random,0.7811346888002152,0.47,0.0,double,0.0,0.2727272727272727,2.0,0.2721072582271615,0.6945211354302263,0.0,257,2.5840218872037055
random_5,random,0.7811346888002152,0.47,0.17,moving,0.03,0.09090909090909091,3.0,0.2721072582271615,0.6945211354302263,0.0,257,2.1112946144764324
random_5,random,0.7811346888002152,0.47,0.17,moving,0.07,0.2727272727272727,3.0,0.2721072582271615,0.6945211354302263,0.0,257,2.3840218872037053
random_5,random,0.7811346888002152,0.47,0.17,moving,0.11,0.18181818181818182,3.0,0.2721072582271615,0.6945211354302263,0.0,257,2.247658250840069
random_5,random,0.7811346888002152,0.47,0.17,double,0.0,0.2727272727272727,2.0,0.2721072582271615,0.6945211354302263,0.0,257,2.5840218872037055
