flow,family,alpha,best_delay,best_slot_count,recall_window,recall_gain,drift_rate,split_threshold,witness_conversion,delayed_retention,release_rate,rupture_rate,recall_survival_rate,same_slot_recall_rate,split_rate,pollution,phase_lock_resistance,score
golden,phi,0.6180339887498948,13,13,13,0.06,0.0,0.18,0.9165751920965971,0.4782359679266896,0.003952569169960474,0.010163749294184076,1.0,1.0,0.0,0.11527189840442853,0.4515799455522147,0.830021355790082
golden,phi,0.6180339887498948,13,13,13,0.06,0.0,0.3,0.9165751920965971,0.4782359679266896,0.003952569169960474,0.010163749294184076,1.0,1.0,0.0,0.11527189840442853,0.4515799455522147,0.830021355790082
golden,phi,0.6180339887498948,13,13,13,0.06,0.0,0.44,0.9165751920965971,0.4782359679266896,0.003952569169960474,0.010163749294184076,1.0,1.0,0.0,0.11527189840442853,0.4515799455522147,0.830021355790082
golden,phi,0.6180339887498948,13,13,13,0.06,0.4763636363636364,0.18,0.684393063583815,0.40631434454358273,0.00846979107848673,0.16883116883116883,0.5236363636363637,0.5236363636363637,0.3527272727272727,0.09117551286225985,0.4673205801358765,0.6000315702557092
golden,phi,0.6180339887498948,13,13,13,0.06,0.44258872651356995,0.3,0.7356194690265486,0.4238368387507967,0.003952569169960474,0.1101072840203275,0.55741127348643,0.55741127348643,0.18997912317327767,0.09312927385216542,0.4686320724888795,0.6590990899208601
golden,phi,0.6180339887498948,13,13,13,0.06,0.430939226519337,0.44,0.9125993189557321,0.4771513353115727,0.003952569169960474,0.044607566346696784,0.569060773480663,0.569060773480663,0.061694290976058934,0.11331813741452296,0.46038981432977166,0.7314131960961343
golden,phi,0.6180339887498948,13,13,13,0.06,0.4794520547945205,0.18,0.6751445086705202,0.4030365769496204,0.00846979107848673,0.17334839073969507,0.5205479452054794,0.5205479452054794,0.3723536737235367,0.0882448713774015,0.46942370908392816,0.5984156409688113
golden,phi,0.6180339887498948,13,13,13,0.06,0.4490644490644491,0.3,0.7552836484983315,0.4302915082382763,0.003952569169960474,0.10502540937323546,0.5509355509355509,0.5509355509355509,0.18295218295218296,0.09671116900032563,0.4684216515853269,0.6650689478112481
golden,phi,0.6180339887498948,13,13,13,0.06,0.4392523364485981,0.44,0.8851351351351351,0.46953405017921146,0.003952569169960474,0.050818746470920384,0.5607476635514018,0.5607476635514018,0.07476635514018691,0.11071312276131554,0.46605233097939924,0.72309567138388
golden,phi,0.6180339887498948,13,13,13,0.12,0.0,0.18,0.9215469613259668,0.4795859689476711,0.003952569169960474,0.014116318464144552,1.0,1.0,0.0,0.11592315206773038,0.4525161590072194,0.8308984420004365
golden,phi,0.6180339887498948,13,13,13,0.12,0.0,0.3,0.9215469613259668,0.4795859689476711,0.003952569169960474,0.014116318464144552,1.0,1.0,0.0,0.11592315206773038,0.4525161590072194,0.8308984420004365
golden,phi,0.6180339887498948,13,13,13,0.12,0.0,0.44,0.9215469613259668,0.4795859689476711,0.003952569169960474,0.014116318464144552,1.0,1.0,0.0,0.11592315206773038,0.4525161590072194,0.8308984420004365
golden,phi,0.6180339887498948,13,13,13,0.12,0.4712103407755582,0.18,0.6981132075471698,0.4111111111111111,0.005081874647092038,0.18181818181818182,0.5287896592244419,0.5287896592244419,0.36780258519388953,0.09182676652556171,0.4643238709981231,0.601641018483393
golden,phi,0.6180339887498948,13,13,13,0.12,0.44343434343434346,0.3,0.8189158016147635,0.45022194039315155,0.003952569169960474,0.10559006211180125,0.5565656565656566,0.5565656565656566,0.1717171717171717,0.09768804949527841,0.47291605682515014,0.6814937755551613
golden,phi,0.6180339887498948,13,13,13,0.12,0.4158878504672897,0.44,0.9168591224018475,0.4783132530120482,0.003952569169960474,0.058723884810841336,0.5841121495327103,0.5841121495327103,0.08504672897196262,0.10647997394985347,0.4701624439197979,0.7267617826143136
golden,phi,0.6180339887498948,13,13,13,0.12,0.4835566382460414,0.18,0.6888361045130641,0.4078762306610408,0.005081874647092038,0.1919819311123659,0.5164433617539586,0.5164433617539586,0.40316686967113274,0.08922175187235429,0.46976133047750857,0.6002605531285806
golden,phi,0.6180339887498948,13,13,13,0.12,0.4475025484199796,0.3,0.8104046242774566,0.44763729246487866,0.003952569169960474,0.11180124223602485,0.5524974515800204,0.5524974515800204,0.18552497451580022,0.0963855421686747,0.47279218311279514,0.6756114894820479
golden,phi,0.6180339887498948,13,13,13,0.12,0.4215867158671587,0.44,0.9244186046511628,0.48036253776435045,0.003952569169960474,0.06154714850367024,0.5784132841328413,0.5784132841328413,0.08118081180811808,0.10875936177140996,0.46828387492699153,0.7287660580910104
golden,phi,0.6180339887498948,13,13,13,0.2,0.0,0.18,0.9172259507829977,0.47841306884480744,0.003952569169960474,0.028232636928289104,1.0,1.0,0.0,0.11722565939433409,0.453833390870801,0.8295061481098535
golden,phi,0.6180339887498948,13,13,13,0.2,0.0,0.3,0.9172259507829977,0.47841306884480744,0.003952569169960474,0.028232636928289104,1.0,1.0,0.0,0.11722565939433409,0.453833390870801,0.8295061481098535
golden,phi,0.6180339887498948,13,13,13,0.2,0.0,0.44,0.9172259507829977,0.47841306884480744,0.003952569169960474,0.028232636928289104,1.0,1.0,0.0,0.11722565939433409,0.453833390870801,0.8295061481098535
golden,phi,0.6180339887498948,13,13,13,0.2,0.48444976076555024,0.18,0.7246022031823746,0.4201561391057488,0.004517221908526256,0.19988706945228685,0.5155502392344498,0.5155502392344498,0.39952153110047844,0.08857049820905243,0.47102874871661626,0.6072968106134614
golden,phi,0.6180339887498948,13,13,13,0.2,0.44308943089430897,0.3,0.8467065868263473,0.4584954604409857,0.003952569169960474,0.12535290796160362,0.556910569105691,0.556910569105691,0.1991869918699187,0.10257245197004233,0.4774499237288433,0.6785776598394755
golden,phi,0.6180339887498948,13,13,13,0.2,0.41559633027522935,0.44,0.9056603773584906,0.4752475247524752,0.003952569169960474,0.08356860530773574,0.5844036697247706,0.5844036697247706,0.09541284403669725,0.1103874959296646,0.4686779275020193,0.7199652141041952
golden,phi,0.6180339887498948,13,13,13,0.2,0.4975669099756691,0.18,0.7098765432098766,0.4151624548736462,0.005081874647092038,0.21287408243929984,0.5024330900243309,0.5024330900243309,0.4282238442822384,0.08759361771409964,0.4683333073462477,0.6033096856661474
golden,phi,0.6180339887498948,13,13,13,0.2,0.46129707112970714,0.3,0.8313253012048193,0.45394736842105265,0.003952569169960474,0.13777526821005082,0.5387029288702929,0.5387029288702929,0.2301255230125523,0.10289807880169326,0.47995912368668525,0.6664953754104221
golden,phi,0.6180339887498948,13,13,13,0.2,0.41214351425942963,0.44,0.929678188319428,0.4817788758492897,0.003952569169960474,0.0818746470920384,0.5878564857405704,0.5878564857405704,0.09291628334866606,0.1103874959296646,0.4652271062133222,0.7248376955478794
golden,phi,0.6180339887498948,13,13,21,0.06,0.0,0.18,0.9164835164835164,0.4782110091743119,0.003952569169960474,0.01129305477131564,1.0,1.0,0.0,0.11559752523607945,0.45233633328606193,0.8300519680636802
golden,phi,0.6180339887498948,13,13,21,0.06,0.0,0.3,0.9164835164835164,0.4782110091743119,0.003952569169960474,0.01129305477131564,1.0,1.0,0.0,0.11559752523607945,0.45233633328606193,0.8300519680636802
golden,phi,0.6180339887498948,13,13,21,0.06,0.0,0.44,0.9164835164835164,0.4782110091743119,0.003952569169960474,0.01129305477131564,1.0,1.0,0.0,0.11559752523607945,0.45233633328606193,0.8300519680636802
golden,phi,0.6180339887498948,13,13,21,0.06,0.46919431279620855,0.18,0.6293706293706294,0.38626609442060084,0.010163749294184076,0.20045172219085264,0.5308056872037915,0.5308056872037915,0.33175355450236965,0.08075545424943015,0.4762684445574209,0.5944070944791262
golden,phi,0.6180339887498948,13,13,21,0.06,0.4282315622521808,0.3,0.7491638795986622,0.42829827915869984,0.003952569169960474,0.1101072840203275,0.5717684377478192,0.5717684377478192,0.14908802537668517,0.10159557147508955,0.4652920266125461,0.6725270170390135
golden,phi,0.6180339887498948,13,13,21,0.06,0.3235087719298246,0.44,0.919908466819222,0.4791418355184744,0.003952569169960474,0.048560135516657256,0.6764912280701755,0.6764912280701755,0.05263157894736842,0.11429501790947574,0.4568472872248188,0.740652727097606
golden,phi,0.6180339887498948,13,13,21,0.06,0.46449136276391556,0.18,0.627177700348432,0.3854389721627409,0.009599096555618294,0.19932241671372106,0.5355086372360844,0.5355086372360844,0.33397312859884837,0.08042982741777922,0.47326042462466245,0.5929142705632638
golden,phi,0.6180339887498948,13,13,21,0.06,0.43955164131305047,0.3,0.732519422863485,0.4228058936579116,0.003952569169960474,0.11462450592885376,0.5604483586869495,0.5604483586869495,0.15532425940752603,0.10192119830674047,0.46419695569482244,0.6670056827657771
golden,phi,0.6180339887498948,13,13,21,0.06,0.3249122807017544,0.44,0.9232531500572738,0.4800476474091721,0.003952569169960474,0.04799548277809147,0.6750877192982456,0.6750877192982456,0.051228070175438595,0.11429501790947574,0.4584541995041158,0.741662112945447
golden,phi,0.6180339887498948,13,13,21,0.12,0.0,0.18,0.932146829810901,0.48244099021301096,0.003952569169960474,0.015245623941276116,1.0,1.0,0.0,0.11396939107782482,0.45324694909426455,0.8330951726994327
golden,phi,0.6180339887498948,13,13,21,0.12,0.0,0.3,0.932146829810901,0.48244099021301096,0.003952569169960474,0.015245623941276116,1.0,1.0,0.0,0.11396939107782482,0.45324694909426455,0.8330951726994327
golden,phi,0.6180339887498948,13,13,21,0.12,0.0,0.44,0.932146829810901,0.48244099021301096,0.003952569169960474,0.015245623941276116,1.0,1.0,0.0,0.11396939107782482,0.45324694909426455,0.8330951726994327
golden,phi,0.6180339887498948,13,13,21,0.12,0.4986149584487535,0.18,0.6630565583634176,0.3986975397973951,0.004517221908526256,0.21513269339356295,0.5013850415512465,0.5013850415512465,0.34349030470914127,0.08401172256593943,0.47296332542312003,0.5965095783238037
golden,phi,0.6180339887498948,13,13,21,0.12,0.3962546816479401,0.3,0.8547815820543093,0.46085295989815406,0.003952569169960474,0.10897797854319594,0.6037453183520599,0.6037453183520599,0.13707865168539327,0.10420058612829697,0.4649491994495383,0.69663502294185
golden,phi,0.6180339887498948,13,13,21,0.12,0.3349616189811584,0.44,0.9448356807511737,0.4858177429088715,0.003952569169960474,0.06041784302653868,0.6650383810188416,0.6650383810188416,0.06001395673412421,0.11331813741452296,0.46439137261302865,0.7413781581169836
golden,phi,0.6180339887498948,13,13,21,0.12,0.49673202614379086,0.18,0.6586248492159228,0.3970909090909091,0.004517221908526256,0.21908526256352343,0.5032679738562091,0.5032679738562091,0.353874883286648,0.08531422989254314,0.4762686736071545,0.5940138981197982
golden,phi,0.6180339887498948,13,13,21,0.12,0.4138192862566439,0.3,0.8224852071005917,0.4512987012987013,0.003952569169960474,0.12648221343873517,0.5861807137433561,0.5861807137433561,0.15945330296127563,0.10192119830674047,0.44059881546627644,0.6792710306189049
golden,phi,0.6180339887498948,13,13,21,0.12,0.3335684062059238,0.44,0.9297423887587822,0.4817961165048544,0.003952569169960474,0.06549971767363072,0.6664315937940761,0.6664315937940761,0.06488011283497884,0.11201563008791925,0.46446563334487523,0.7372316679005994
golden,phi,0.6180339887498948,13,13,21,0.2,0.0,0.18,0.9309954751131222,0.48213239601640306,0.003952569169960474,0.032185206098249576,1.0,1.0,0.0,0.11657440573103224,0.4609174974131618,0.8331239825347097
golden,phi,0.6180339887498948,13,13,21,0.2,0.0,0.3,0.9309954751131222,0.48213239601640306,0.003952569169960474,0.032185206098249576,1.0,1.0,0.0,0.11657440573103224,0.4609174974131618,0.8331239825347097
golden,phi,0.6180339887498948,13,13,21,0.2,0.0,0.44,0.9309954751131222,0.48213239601640306,0.003952569169960474,0.032185206098249576,1.0,1.0,0.0,0.11657440573103224,0.4609174974131618,0.8331239825347097
golden,phi,0.6180339887498948,13,13,21,0.2,0.49089253187613846,0.18,0.68875,0.4078460399703923,0.003952569169960474,0.233201581027668,0.5091074681238615,0.5091074681238615,0.3551912568306011,0.08889612504070335,0.47356335717375486,0.5988067766408293
golden,phi,0.6180339887498948,13,13,21,0.2,0.4079939668174962,0.3,0.8708074534161491,0.46547144754316067,0.003952569169960474,0.14568040654997177,0.5920060331825038,0.5920060331825038,0.17194570135746606,0.10192119830674047,0.4417908376835966,0.6843648767933126
golden,phi,0.6180339887498948,13,13,21,0.2,0.3342756183745583,0.44,0.9505428226779252,0.4873222016079159,0.003952569169960474,0.08300395256916997,0.6657243816254417,0.6657243816254417,0.0784452296819788,0.11234125691957017,0.4386100509968328,0.7321570851117241
golden,phi,0.6180339887498948,13,13,21,0.2,0.49954254345837146,0.18,0.7010178117048346,0.4121166791323859,0.003952569169960474,0.24110671936758893,0.5004574565416285,0.5004574565416285,0.37328453796889294,0.08857049820905243,0.47435643450323783,0.6010300200103459
golden,phi,0.6180339887498948,13,13,21,0.2,0.4369230769230769,0.3,0.8566037735849057,0.4613821138211382,0.003952569169960474,0.16261998870694522,0.563076923076923,0.563076923076923,0.19846153846153847,0.10322370563334418,0.4682387753338655,0.6773451800652288
golden,phi,0.6180339887498948,13,13,21,0.2,0.34708392603129445,0.44,0.9336550060313631,0.48284466625077976,0.003952569169960474,0.09090909090909091,0.6529160739687055,0.6529160739687055,0.0860597439544808,0.10941061543471182,0.4689996696757379,0.7284281556661777
silver,metallic,0.43821356237309517,21,13,13,0.06,0.0,0.18,0.8369098712446352,0.45560747663551404,0.08021390374331551,0.0042780748663101605,1.0,1.0,0.0,0.053728427222403126,0.5799903111626497,0.8384766012769915
silver,metallic,0.43821356237309517,21,13,13,0.06,0.0,0.3,0.8369098712446352,0.45560747663551404,0.08021390374331551,0.0042780748663101605,1.0,1.0,0.0,0.053728427222403126,0.5799903111626497,0.8384766012769915
silver,metallic,0.43821356237309517,21,13,13,0.06,0.0,0.44,0.8369098712446352,0.45560747663551404,0.08021390374331551,0.0042780748663101605,1.0,1.0,0.0,0.053728427222403126,0.5799903111626497,0.8384766012769915
silver,metallic,0.43821356237309517,21,13,13,0.06,0.4686192468619247,0.18,0.8051643192488263,0.4460338101430429,0.09732620320855614,0.08021390374331551,0.5313807531380753,0.5313807531380753,0.3138075313807531,0.045587756431129924,0.44827410832468473,0.6381248279399895
silver,metallic,0.43821356237309517,21,13,13,0.06,0.4297872340425532,0.3,0.8135964912280702,0.4486094316807739,0.07807486631016043,0.0374331550802139,0.5702127659574469,0.5702127659574469,0.13191489361702127,0.05144903940084663,0.5834567530504511,0.71522757155734
silver,metallic,0.43821356237309517,21,13,13,0.06,0.4166666666666667,0.44,0.8391304347826087,0.4562647754137116,0.07914438502673797,0.016042780748663103,0.5833333333333334,0.5833333333333334,0.027777777777777776,0.052425919895799415,0.5633494199998403,0.7477886068461063
silver,metallic,0.43821356237309517,21,13,13,0.06,0.45491803278688525,0.18,0.7875288683602771,0.4405684754521964,0.08983957219251337,0.08235294117647059,0.5450819672131147,0.5450819672131147,0.3155737704918033,0.045587756431129924,0.44812795477927714,0.6340123394499827
silver,metallic,0.43821356237309517,21,13,13,0.06,0.41810344827586204,0.3,0.8105726872246696,0.44768856447688565,0.08128342245989305,0.039572192513368985,0.5818965517241379,0.5818965517241379,0.13793103448275862,0.05275154672745034,0.583479796049301,0.7127459711039467
silver,metallic,0.43821356237309517,21,13,13,0.06,0.4166666666666667,0.44,0.8373101952277657,0.4557260920897285,0.07807486631016043,0.016042780748663103,0.5833333333333334,0.5833333333333334,0.027777777777777776,0.052425919895799415,0.5633549023883804,0.7474336037006197
silver,metallic,0.43821356237309517,21,13,13,0.12,0.0,0.18,0.8333333333333334,0.45454545454545453,0.07700534759358289,0.0053475935828877,1.0,1.0,0.0,0.05405405405405406,0.5799934225644439,0.8377076531072517
silver,metallic,0.43821356237309517,21,13,13,0.12,0.0,0.3,0.8333333333333334,0.45454545454545453,0.07700534759358289,0.0053475935828877,1.0,1.0,0.0,0.05405405405405406,0.5799934225644439,0.8377076531072517
silver,metallic,0.43821356237309517,21,13,13,0.12,0.0,0.44,0.8333333333333334,0.45454545454545453,0.07700534759358289,0.0053475935828877,1.0,1.0,0.0,0.05405405405405406,0.5799934225644439,0.8377076531072517
silver,metallic,0.43821356237309517,21,13,13,0.12,0.4369369369369369,0.18,0.8055555555555556,0.4461538461538462,0.08877005347593583,0.07700534759358289,0.5630630630630631,0.5630630630630631,0.3063063063063063,0.04819277108433735,0.4485214595675465,0.6404147905081743
silver,metallic,0.43821356237309517,21,13,13,0.12,0.4152542372881356,0.3,0.810989010989011,0.44781553398058255,0.07700534759358289,0.04171122994652406,0.5847457627118644,0.5847457627118644,0.13983050847457626,0.05079778573754477,0.5853153541930949,0.7125695378727244
silver,metallic,0.43821356237309517,21,13,13,0.12,0.40562248995983935,0.44,0.8311688311688312,0.45390070921985815,0.07272727272727272,0.022459893048128343,0.5943775100401606,0.5943775100401606,0.04819277108433735,0.04916965157929013,0.5826835930494147,0.7433336325829778
silver,metallic,0.43821356237309517,21,13,13,0.12,0.46382978723404256,0.18,0.8014184397163121,0.4448818897637795,0.09197860962566845,0.09304812834224599,0.5361702127659574,0.5361702127659574,0.3574468085106383,0.04623901009443178,0.4504887192097008,0.6267266152779817
silver,metallic,0.43821356237309517,21,13,13,0.12,0.4152542372881356,0.3,0.8087912087912088,0.4471445929526124,0.07593582887700535,0.04385026737967915,0.5847457627118644,0.5847457627118644,0.1483050847457627,0.05014653207424292,0.5863678043557654,0.7098100719292011
silver,metallic,0.43821356237309517,21,13,13,0.12,0.44214876033057854,0.44,0.8193548387096774,0.450354609929078,0.07165775401069518,0.023529411764705882,0.5578512396694215,0.5578512396694215,0.06198347107438017,0.05079778573754477,0.4391306330918421,0.7139743056405112
silver,metallic,0.43821356237309517,21,13,13,0.2,0.0,0.18,0.8261802575107297,0.45240893066980026,0.07700534759358289,0.012834224598930482,1.0,1.0,0.0,0.052425919895799415,0.5806084522875183,0.8361122580233592
silver,metallic,0.43821356237309517,21,13,13,0.2,0.0,0.3,0.8261802575107297,0.45240893066980026,0.07700534759358289,0.012834224598930482,1.0,1.0,0.0,0.052425919895799415,0.5806084522875183,0.8361122580233592
silver,metallic,0.43821356237309517,21,13,13,0.2,0.0,0.44,0.8261802575107297,0.45240893066980026,0.07700534759358289,0.012834224598930482,1.0,1.0,0.0,0.052425919895799415,0.5806084522875183,0.8361122580233592
silver,metallic,0.43821356237309517,21,13,13,0.2,0.4525862068965517,0.18,0.8079625292740047,0.44689119170984454,0.0855614973262032,0.08877005347593583,0.5474137931034483,0.5474137931034483,0.3448275862068966,0.042005861282969716,0.45118070044098413,0.6300288965339496
silver,metallic,0.43821356237309517,21,13,13,0.2,0.4166666666666667,0.3,0.8043956043956044,0.4457978075517661,0.07165775401069518,0.05026737967914439,0.5833333333333334,0.5833333333333334,0.15416666666666667,0.045587756431129924,0.5872912481780017,0.7073252574648562
silver,metallic,0.43821356237309517,21,13,13,0.2,0.45564516129032256,0.44,0.8264642082429501,0.4524940617577197,0.06951871657754011,0.029946524064171122,0.5443548387096774,0.5443548387096774,0.06048387096774194,0.05177466623249756,0.4432871578807339,0.716092340485099
silver,metallic,0.43821356237309517,21,13,13,0.2,0.4353448275862069,0.18,0.7952941176470588,0.4429882044560944,0.08449197860962566,0.09946524064171124,0.5646551724137931,0.5646551724137931,0.38362068965517243,0.04168023445131879,0.4520885431678081,0.6256825365104586
silver,metallic,0.43821356237309517,21,13,13,0.2,0.411522633744856,0.3,0.7920353982300885,0.4419753086419753,0.07272727272727272,0.06096256684491978,0.588477366255144,0.588477366255144,0.1934156378600823,0.04656463692608271,0.44899513520129875,0.6709639513803425
silver,metallic,0.43821356237309517,21,13,13,0.2,0.43137254901960786,0.44,0.8282608695652174,0.4530321046373365,0.06951871657754011,0.031016042780748664,0.5686274509803921,0.5686274509803921,0.06274509803921569,0.051123412569195704,0.44277264423070284,0.7156950711279831
silver,metallic,0.43821356237309517,21,13,21,0.06,0.0,0.18,0.8329764453961456,0.4544392523364486,0.07914438502673797,0.0053475935828877,1.0,1.0,0.0,0.05437968088570498,0.5801947215220702,0.8376537332638586
silver,metallic,0.43821356237309517,21,13,21,0.06,0.0,0.3,0.8329764453961456,0.4544392523364486,0.07914438502673797,0.0053475935828877,1.0,1.0,0.0,0.05437968088570498,0.5801947215220702,0.8376537332638586
silver,metallic,0.43821356237309517,21,13,21,0.06,0.0,0.44,0.8329764453961456,0.4544392523364486,0.07914438502673797,0.0053475935828877,1.0,1.0,0.0,0.05437968088570498,0.5801947215220702,0.8376537332638586
silver,metallic,0.43821356237309517,21,13,21,0.06,0.4025974025974026,0.18,0.7670588235294118,0.4340878828229028,0.09518716577540107,0.10160427807486631,0.5974025974025974,0.5974025974025974,0.24675324675324675,0.04265711494627157,0.5892187979020964,0.671380968072948
silver,metallic,0.43821356237309517,21,13,21,0.06,0.40049751243781095,0.3,0.8040540540540541,0.44569288389513106,0.08663101604278074,0.05668449197860963,0.599502487562189,0.599502487562189,0.12437810945273632,0.04949527841094106,0.5831196386137498,0.714585345674005
silver,metallic,0.43821356237309517,21,13,21,0.06,0.39069767441860465,0.44,0.8351648351648352,0.4550898203592814,0.0748663101604278,0.03208556149732621,0.6093023255813953,0.6093023255813953,0.06279069767441861,0.05177466623249756,0.4432744999925128,0.7170278613462501
silver,metallic,0.43821356237309517,21,13,21,0.06,0.3979328165374677,0.18,0.7852028639618138,0.43983957219251335,0.09839572192513368,0.10160427807486631,0.6020671834625323,0.6020671834625323,0.2454780361757106,0.04656463692608271,0.5912504076354093,0.6754682446041212
silver,metallic,0.43821356237309517,21,13,21,0.06,0.4089775561097257,0.3,0.7951002227171492,0.44292803970223327,0.08128342245989305,0.05668449197860963,0.5910224438902744,0.5910224438902744,0.12468827930174564,0.05047215890589384,0.44293854470245175,0.6902545123495374
silver,metallic,0.43821356237309517,21,13,21,0.06,0.39950980392156865,0.44,0.8407079646017699,0.4567307692307692,0.07914438502673797,0.031016042780748664,0.6004901960784313,0.6004901960784313,0.061274509803921566,0.052425919895799415,0.44130470519468157,0.7182506185401768
silver,metallic,0.43821356237309517,21,13,21,0.12,0.0,0.18,0.809322033898305,0.44730679156908665,0.0748663101604278,0.011764705882352941,1.0,1.0,0.0,0.05307717355910127,0.5804348946942062,0.8327958295910195
silver,metallic,0.43821356237309517,21,13,21,0.12,0.0,0.3,0.809322033898305,0.44730679156908665,0.0748663101604278,0.011764705882352941,1.0,1.0,0.0,0.05307717355910127,0.5804348946942062,0.8327958295910195
silver,metallic,0.43821356237309517,21,13,21,0.12,0.0,0.44,0.809322033898305,0.44730679156908665,0.0748663101604278,0.011764705882352941,1.0,1.0,0.0,0.05307717355910127,0.5804348946942062,0.8327958295910195
silver,metallic,0.43821356237309517,21,13,21,0.12,0.40425531914893614,0.18,0.7546728971962616,0.43009320905459386,0.0855614973262032,0.11122994652406418,0.5957446808510638,0.5957446808510638,0.2632978723404255,0.04493650276782807,0.4532130950605917,0.6418366578572173
silver,metallic,0.43821356237309517,21,13,21,0.12,0.3920595533498759,0.3,0.8076062639821029,0.4467821782178218,0.07700534759358289,0.058823529411764705,0.607940446650124,0.607940446650124,0.11910669975186104,0.045587756431129924,0.5872060365611964,0.7175327795375328
silver,metallic,0.43821356237309517,21,13,21,0.12,0.38213399503722084,0.44,0.8267543859649122,0.4525810324129652,0.07593582887700535,0.033155080213903745,0.6178660049627791,0.6178660049627791,0.04962779156327544,0.05079778573754477,0.4439393579920373,0.7192437106070166
silver,metallic,0.43821356237309517,21,13,21,0.12,0.39572192513368987,0.18,0.7751196172248804,0.4366576819407008,0.09090909090909091,0.11550802139037433,0.6042780748663101,0.6042780748663101,0.28342245989304815,0.04233148811462065,0.4533786306830888,0.6400888203391814
silver,metallic,0.43821356237309517,21,13,21,0.12,0.4049382716049383,0.3,0.7972972972972973,0.44360902255639095,0.07807486631016043,0.06844919786096257,0.5950617283950618,0.5950617283950618,0.14320987654320988,0.04623901009443178,0.4456870050383174,0.6854590530989213
silver,metallic,0.43821356237309517,21,13,21,0.12,0.3863080684596577,0.44,0.8179824561403509,0.4499396863691194,0.07379679144385026,0.039572192513368985,0.6136919315403423,0.6136919315403423,0.06356968215158924,0.05307717355910127,0.4421730600271533,0.712822410318446
silver,metallic,0.43821356237309517,21,13,21,0.2,0.0,0.18,0.7961783439490446,0.4432624113475177,0.06951871657754011,0.025668449197860963,1.0,1.0,0.0,0.047215890589384565,0.5807883837690953,0.8298619488072422
silver,metallic,0.43821356237309517,21,13,21,0.2,0.0,0.3,0.7961783439490446,0.4432624113475177,0.06951871657754011,0.025668449197860963,1.0,1.0,0.0,0.047215890589384565,0.5807883837690953,0.8298619488072422
silver,metallic,0.43821356237309517,21,13,21,0.2,0.0,0.44,0.7961783439490446,0.4432624113475177,0.06951871657754011,0.025668449197860963,1.0,1.0,0.0,0.047215890589384565,0.5807883837690953,0.8298619488072422
silver,metallic,0.43821356237309517,21,13,21,0.2,0.3973684210526316,0.18,0.7828162291169452,0.4390896921017403,0.08342245989304813,0.11764705882352941,0.6026315789473684,0.6026315789473684,0.2657894736842105,0.0475415174210355,0.45623694026268236,0.6467399917166607
silver,metallic,0.43821356237309517,21,13,21,0.2,0.4137055837563452,0.3,0.7935779816513762,0.4424552429667519,0.07807486631016043,0.0855614973262032,0.5862944162436549,0.5862944162436549,0.1700507614213198,0.047215890589384565,0.45167846746223483,0.6771108597837459
silver,metallic,0.43821356237309517,21,13,21,0.2,0.3771712158808933,0.44,0.7886710239651417,0.440925700365408,0.06844919786096257,0.053475935828877004,0.6228287841191067,0.6228287841191067,0.062034739454094295,0.04623901009443178,0.5877736012671173,0.7304322655122466
silver,metallic,0.43821356237309517,21,13,21,0.2,0.4189189189189189,0.18,0.784841075794621,0.4397260273972603,0.0877005347593583,0.13155080213903744,0.581081081081081,0.581081081081081,0.3162162162162162,0.040703353956366005,0.45741872913907045,0.6325684939248014
silver,metallic,0.43821356237309517,21,13,21,0.2,0.41687979539641945,0.3,0.7935779816513762,0.4424552429667519,0.07593582887700535,0.0877005347593583,0.5831202046035806,0.5831202046035806,0.17391304347826086,0.047215890589384565,0.5909894776343163,0.6981901603804951
silver,metallic,0.43821356237309517,21,13,21,0.2,0.38902743142144636,0.44,0.8048780487804879,0.44594594594594594,0.07272727272727272,0.05668449197860963,0.6109725685785536,0.6109725685785536,0.0798004987531172,0.04949527841094106,0.5834355597204992,0.7275345598533033
bounded_cf_2,bounded_cf,0.6582505321462085,21,13,13,0.06,0.0,0.18,0.8102678571428571,0.4475955610357583,0.12861736334405144,0.0021436227224008574,1.0,1.0,0.0,0.11820253988928688,0.5279108764499727,0.8218027565685594
bounded_cf_2,bounded_cf,0.6582505321462085,21,13,13,0.06,0.0,0.3,0.8102678571428571,0.4475955610357583,0.12861736334405144,0.0021436227224008574,1.0,1.0,0.0,0.11820253988928688,0.5279108764499727,0.8218027565685594
bounded_cf_2,bounded_cf,0.6582505321462085,21,13,13,0.06,0.0,0.44,0.8102678571428571,0.4475955610357583,0.12861736334405144,0.0021436227224008574,1.0,1.0,0.0,0.11820253988928688,0.5279108764499727,0.8218027565685594
bounded_cf_2,bounded_cf,0.6582505321462085,21,13,13,0.06,0.4664179104477612,0.18,0.6955503512880562,0.4102209944751381,0.1339764201500536,0.09003215434083602,0.5335820895522388,0.5335820895522388,0.30970149253731344,0.09671116900032563,0.5404494234303114,0.6291631763999506
bounded_cf_2,bounded_cf,0.6582505321462085,21,13,13,0.06,0.4254545454545455,0.3,0.7516930022573364,0.42912371134020616,0.12433011789924973,0.04394426580921758,0.5745454545454546,0.5745454545454546,0.14545454545454545,0.10843373493975904,0.5347719048444144,0.6881518889012145
bounded_cf_2,bounded_cf,0.6582505321462085,21,13,13,0.06,0.4006734006734007,0.44,0.7610619469026548,0.4321608040201005,0.12004287245444802,0.02679528403001072,0.5993265993265994,0.5993265993265994,0.0707070707070707,0.11201563008791925,0.5313011583005347,0.7114948274070056
bounded_cf_2,bounded_cf,0.6582505321462085,21,13,13,0.06,0.4703703703703704,0.18,0.7002341920374707,0.4118457300275482,0.13183279742765272,0.09003215434083602,0.5296296296296297,0.5296296296296297,0.3111111111111111,0.09736242266362748,0.5405220941080606,0.6296838756474787
bounded_cf_2,bounded_cf,0.6582505321462085,21,13,13,0.06,0.4275092936802974,0.3,0.7404063205417607,0.4254215304798962,0.1232583065380493,0.05037513397642015,0.5724907063197026,0.5724907063197026,0.17100371747211895,0.10680560078150439,0.5343816063355189,0.678299410228022
bounded_cf_2,bounded_cf,0.6582505321462085,21,13,13,0.06,0.39864864864864863,0.44,0.7566371681415929,0.43073047858942065,0.12111468381564845,0.027867095391211148,0.6013513513513513,0.6013513513513513,0.07432432432432433,0.11136437642461738,0.531414300734449,0.7095787976245845
bounded_cf_2,bounded_cf,0.6582505321462085,21,13,13,0.12,0.0,0.18,0.7951002227171492,0.44292803970223327,0.12754555198285103,0.00857449088960343,1.0,1.0,0.0,0.1162487788993813,0.5289418054507218,0.8187569257816781
bounded_cf_2,bounded_cf,0.6582505321462085,21,13,13,0.12,0.0,0.3,0.7951002227171492,0.44292803970223327,0.12754555198285103,0.00857449088960343,1.0,1.0,0.0,0.1162487788993813,0.5289418054507218,0.8187569257816781
bounded_cf_2,bounded_cf,0.6582505321462085,21,13,13,0.12,0.0,0.44,0.7951002227171492,0.44292803970223327,0.12754555198285103,0.00857449088960343,1.0,1.0,0.0,0.1162487788993813,0.5289418054507218,0.8187569257816781
bounded_cf_2,bounded_cf,0.6582505321462085,21,13,13,0.12,0.4552238805970149,0.18,0.714622641509434,0.4167812929848693,0.12968917470525188,0.09110396570203644,0.5447761194029851,0.5447761194029851,0.30597014925373134,0.0986649299902312,0.5417084548392508,0.6341182431454373
bounded_cf_2,bounded_cf,0.6582505321462085,21,13,13,0.12,0.4306569343065693,0.3,0.7482993197278912,0.4280155642023346,0.12111468381564845,0.05251875669882101,0.5693430656934306,0.5693430656934306,0.16423357664233576,0.10745685444480625,0.5347434261391026,0.6817260474451504
bounded_cf_2,bounded_cf,0.6582505321462085,21,13,13,0.12,0.4586206896551724,0.44,0.781038374717833,0.4385297845373891,0.1232583065380493,0.031082529474812434,0.5413793103448276,0.5413793103448276,0.07931034482758621,0.1126668837512211,0.5335712798044165,0.7131135496845775
bounded_cf_2,bounded_cf,0.6582505321462085,21,13,13,0.12,0.45977011494252873,0.18,0.7198067632850241,0.41853932584269665,0.13719185423365488,0.09967845659163987,0.5402298850574713,0.5402298850574713,0.3448275862068966,0.09703679583197655,0.5422345558059027,0.6237934000468063
bounded_cf_2,bounded_cf,0.6582505321462085,21,13,13,0.12,0.43272727272727274,0.3,0.744920993227991,0.4269081500646831,0.1189710610932476,0.05251875669882101,0.5672727272727273,0.5672727272727273,0.16363636363636364,0.10745685444480625,0.5353325024401101,0.6813175100042299
bounded_cf_2,bounded_cf,0.6582505321462085,21,13,13,0.12,0.4554794520547945,0.44,0.7832957110609481,0.43924050632911393,0.12218649517684887,0.031082529474812434,0.5445205479452054,0.5445205479452054,0.07876712328767123,0.11299251058287203,0.534487813513328,0.7138455803205876
bounded_cf_2,bounded_cf,0.6582505321462085,21,13,13,0.2,0.0,0.18,0.7682119205298014,0.4344569288389513,0.12433011789924973,0.01714898177920686,1.0,1.0,0.0,0.11331813741452296,0.5298623237738069,0.8133033545895649
bounded_cf_2,bounded_cf,0.6582505321462085,21,13,13,0.2,0.0,0.3,0.7682119205298014,0.4344569288389513,0.12433011789924973,0.01714898177920686,1.0,1.0,0.0,0.11331813741452296,0.5298623237738069,0.8133033545895649
bounded_cf_2,bounded_cf,0.6582505321462085,21,13,13,0.2,0.0,0.44,0.7682119205298014,0.4344569288389513,0.12433011789924973,0.01714898177920686,1.0,1.0,0.0,0.11331813741452296,0.5298623237738069,0.8133033545895649
bounded_cf_2,bounded_cf,0.6582505321462085,21,13,13,0.2,0.44814814814814813,0.18,0.7253012048192771,0.420391061452514,0.12968917470525188,0.10289389067524116,0.5518518518518518,0.5518518518518518,0.34074074074074073,0.09768804949527841,0.542974724894675,0.6259874817655107
bounded_cf_2,bounded_cf,0.6582505321462085,21,13,13,0.2,0.45104895104895104,0.3,0.7494305239179955,0.4283854166666667,0.11468381564844587,0.06216505894962487,0.548951048951049,0.548951048951049,0.17832167832167833,0.10647997394985347,0.5361558221802205,0.6777187627816897
bounded_cf_2,bounded_cf,0.6582505321462085,21,13,13,0.2,0.44982698961937717,0.44,0.7623318385650224,0.43256997455470736,0.11682743837084673,0.04072883172561629,0.5501730103806228,0.5501730103806228,0.08996539792387544,0.1103874959296646,0.5371817395412819,0.706570353653988
bounded_cf_2,bounded_cf,0.6582505321462085,21,13,13,0.2,0.43636363636363634,0.18,0.7142857142857143,0.4166666666666667,0.13290460878885316,0.1082529474812433,0.5636363636363636,0.5636363636363636,0.3563636363636364,0.09605991533702377,0.5459266687271613,0.6214183381411467
bounded_cf_2,bounded_cf,0.6582505321462085,21,13,13,0.2,0.445993031358885,0.3,0.7517084282460137,0.42912873862158646,0.11361200428724544,0.06216505894962487,0.554006968641115,0.554006968641115,0.17770034843205576,0.10647997394985347,0.5376035526036897,0.6785815858021245
bounded_cf_2,bounded_cf,0.6582505321462085,21,13,13,0.2,0.43205574912891986,0.44,0.7488789237668162,0.4282051282051282,0.11361200428724544,0.05037513397642015,0.5679442508710801,0.5679442508710801,0.10801393728222997,0.10843373493975904,0.5367333389819002,0.6982810090408211
bounded_cf_2,bounded_cf,0.6582505321462085,21,13,21,0.06,0.0,0.18,0.8058035714285714,0.446229913473424,0.12861736334405144,0.004287245444801715,1.0,1.0,0.0,0.11755128622598503,0.5281741634645509,0.820892100616171
bounded_cf_2,bounded_cf,0.6582505321462085,21,13,21,0.06,0.0,0.3,0.8058035714285714,0.446229913473424,0.12861736334405144,0.004287245444801715,1.0,1.0,0.0,0.11755128622598503,0.5281741634645509,0.820892100616171
bounded_cf_2,bounded_cf,0.6582505321462085,21,13,21,0.06,0.0,0.44,0.8058035714285714,0.446229913473424,0.12861736334405144,0.004287245444801715,1.0,1.0,0.0,0.11755128622598503,0.5281741634645509,0.820892100616171
bounded_cf_2,bounded_cf,0.6582505321462085,21,13,21,0.06,0.4550898203592814,0.18,0.7064439140811456,0.413986013986014,0.13612004287245444,0.09753483386923902,0.5449101796407185,0.5449101796407185,0.27245508982035926,0.0963855421686747,0.5428706729951818,0.642028325431393
bounded_cf_2,bounded_cf,0.6582505321462085,21,13,21,0.06,0.4596100278551532,0.3,0.7470997679814385,0.42762284196547146,0.13504823151125403,0.05787781350482315,0.5403899721448467,0.5403899721448467,0.14763231197771587,0.10485183979159883,0.5382709055682513,0.6866569055739242
bounded_cf_2,bounded_cf,0.6582505321462085,21,13,21,0.06,0.4441489361702128,0.44,0.7692307692307693,0.43478260869565216,0.12433011789924973,0.03751339764201501,0.5558510638297872,0.5558510638297872,0.08244680851063829,0.11071312276131554,0.5353712358831353,0.709942676838497
bounded_cf_2,bounded_cf,0.6582505321462085,21,13,21,0.06,0.4603658536585366,0.18,0.6830985915492958,0.40585774058577406,0.1339764201500536,0.09753483386923902,0.5396341463414634,0.5396341463414634,0.2774390243902439,0.09475740801042006,0.5434208718300355,0.6360631382340761
bounded_cf_2,bounded_cf,0.6582505321462085,21,13,21,0.06,0.4604519774011299,0.3,0.7511737089201878,0.4289544235924933,0.1382636655948553,0.06216505894962487,0.53954802259887,0.53954802259887,0.15819209039548024,0.10420058612829697,0.5391080769716652,0.6844035942069052
bounded_cf_2,bounded_cf,0.6582505321462085,21,13,21,0.06,0.4441489361702128,0.44,0.7629796839729119,0.4327784891165173,0.12433011789924973,0.03858520900321544,0.5558510638297872,0.5558510638297872,0.0851063829787234,0.11006186909801367,0.5354125890068524,0.7079277190431905
bounded_cf_2,bounded_cf,0.6582505321462085,21,13,21,0.12,0.0,0.18,0.7827050997782705,0.43905472636815923,0.1264737406216506,0.011789924973204717,1.0,1.0,0.0,0.11494627157277759,0.5295032114410829,0.8163030871319766
bounded_cf_2,bounded_cf,0.6582505321462085,21,13,21,0.12,0.0,0.3,0.7827050997782705,0.43905472636815923,0.1264737406216506,0.011789924973204717,1.0,1.0,0.0,0.11494627157277759,0.5295032114410829,0.8163030871319766
bounded_cf_2,bounded_cf,0.6582505321462085,21,13,21,0.12,0.0,0.44,0.7827050997782705,0.43905472636815923,0.1264737406216506,0.011789924973204717,1.0,1.0,0.0,0.11494627157277759,0.5295032114410829,0.8163030871319766
bounded_cf_2,bounded_cf,0.6582505321462085,21,13,21,0.12,0.49696969696969695,0.18,0.7101449275362319,0.4152542372881356,0.13183279742765272,0.10932475884244373,0.503030303030303,0.503030303030303,0.30606060606060603,0.09573428850537284,0.5444363920454622,0.6328646797943691
bounded_cf_2,bounded_cf,0.6582505321462085,21,13,21,0.12,0.4447592067988669,0.3,0.7339449541284404,0.42328042328042326,0.12433011789924973,0.06538049303322616,0.5552407932011332,0.5552407932011332,0.1558073654390935,0.10420058612829697,0.5395801421792357,0.6815622221193475
bounded_cf_2,bounded_cf,0.6582505321462085,21,13,21,0.12,0.45549738219895286,0.44,0.7652370203160271,0.43350383631713557,0.11789924973204716,0.04394426580921758,0.5445026178010471,0.5445026178010471,0.08376963350785341,0.1103874959296646,0.5369615519105302,0.7087214628251176
bounded_cf_2,bounded_cf,0.6582505321462085,21,13,21,0.12,0.4969512195121951,0.18,0.7093596059113301,0.414985590778098,0.14040728831725616,0.1157556270096463,0.5030487804878049,0.5030487804878049,0.3201219512195122,0.09378052751546727,0.5484361095741344,0.6291053630106441
bounded_cf_2,bounded_cf,0.6582505321462085,21,13,21,0.12,0.4475920679886686,0.3,0.7293577981651376,0.4217506631299735,0.12433011789924973,0.06752411575562701,0.5524079320113314,0.5524079320113314,0.16147308781869688,0.10354933246499512,0.5389261909318768,0.6788466774718889
bounded_cf_2,bounded_cf,0.6582505321462085,21,13,21,0.12,0.434010152284264,0.44,0.774712643678161,0.4365284974093264,0.12540192926045016,0.04715969989281887,0.565989847715736,0.565989847715736,0.09137055837563451,0.10973624226636275,0.5378943327533374,0.70844986498859
bounded_cf_2,bounded_cf,0.6582505321462085,21,13,21,0.2,0.0,0.18,0.7577092511013216,0.43107769423558895,0.1232583065380493,0.021436227224008574,1.0,1.0,0.0,0.11201563008791925,0.5303783499617494,0.8111507466127655
bounded_cf_2,bounded_cf,0.6582505321462085,21,13,21,0.2,0.0,0.3,0.7577092511013216,0.43107769423558895,0.1232583065380493,0.021436227224008574,1.0,1.0,0.0,0.11201563008791925,0.5303783499617494,0.8111507466127655
bounded_cf_2,bounded_cf,0.6582505321462085,21,13,21,0.2,0.0,0.44,0.7577092511013216,0.43107769423558895,0.1232583065380493,0.021436227224008574,1.0,1.0,0.0,0.11201563008791925,0.5303783499617494,0.8111507466127655
bounded_cf_2,bounded_cf,0.6582505321462085,21,13,21,0.2,0.48632218844984804,0.18,0.7107843137254902,0.4154727793696275,0.1307609860664523,0.12111468381564845,0.513677811550152,0.513677811550152,0.3252279635258359,0.09443178117876913,0.5491845539496258,0.6277521538095571
bounded_cf_2,bounded_cf,0.6582505321462085,21,13,21,0.2,0.43854748603351956,0.3,0.7377049180327869,0.42452830188679247,0.12433011789924973,0.08038585209003216,0.5614525139664804,0.5614525139664804,0.1787709497206704,0.10192119830674047,0.5385793120174389,0.6749561063087068
bounded_cf_2,bounded_cf,0.6582505321462085,21,13,21,0.2,0.43169398907103823,0.44,0.7669683257918553,0.43405889884763127,0.11468381564844587,0.04823151125401929,0.5683060109289617,0.5683060109289617,0.08469945355191257,0.10973624226636275,0.5371419473385157,0.708646480014581
bounded_cf_2,bounded_cf,0.6582505321462085,21,13,21,0.2,0.49244712990936557,0.18,0.7093596059113301,0.414985590778098,0.1307609860664523,0.12540192926045016,0.5075528700906344,0.5075528700906344,0.3413897280966767,0.09378052751546727,0.5464888680371729,0.6222349815730002
bounded_cf_2,bounded_cf,0.6582505321462085,21,13,21,0.2,0.4419889502762431,0.3,0.7511737089201878,0.4289544235924933,0.12218649517684887,0.0782422293676313,0.5580110497237569,0.5580110497237569,0.17679558011049723,0.10354933246499512,0.5382710453493964,0.6781830905338879
bounded_cf_2,bounded_cf,0.6582505321462085,21,13,21,0.2,0.42857142857142855,0.44,0.7488584474885844,0.4281984334203655,0.12004287245444802,0.05894962486602358,0.5714285714285714,0.5714285714285714,0.0989010989010989,0.10615434711820254,0.5359419165620969,0.7004392148304561
random_cf_1,random_cf,0.10978777645362256,21,13,13,0.06,0.0,0.18,0.7869565217391304,0.44038929440389296,0.09659714599341383,0.0010976948408342481,1.0,1.0,0.0,0.09964181048518397,0.5830173172693964,0.8270055543035305
random_cf_1,random_cf,0.10978777645362256,21,13,13,0.06,0.0,0.3,0.7869565217391304,0.44038929440389296,0.09659714599341383,0.0010976948408342481,1.0,1.0,0.0,0.09964181048518397,0.5830173172693964,0.8270055543035305
random_cf_1,random_cf,0.10978777645362256,21,13,13,0.06,0.0,0.44,0.7869565217391304,0.44038929440389296,0.09659714599341383,0.0010976948408342481,1.0,1.0,0.0,0.09964181048518397,0.5830173172693964,0.8270055543035305
random_cf_1,random_cf,0.10978777645362256,21,13,13,0.06,0.3652173913043478,0.18,0.7559241706161137,0.43049932523616735,0.11525795828759605,0.07135016465422613,0.6347826086956522,0.6347826086956522,0.2782608695652174,0.08954737870400521,0.5935672470097171,0.6600305630904992
random_cf_1,random_cf,0.10978777645362256,21,13,13,0.06,0.3794466403162055,0.3,0.7664399092970522,0.4338896020539153,0.10537870472008781,0.03951701427003293,0.6205533596837944,0.6205533596837944,0.13043478260869565,0.095083034842071,0.5870812702893073,0.7046330577793406
random_cf_1,random_cf,0.10978777645362256,21,13,13,0.06,0.3688212927756654,0.44,0.7804878048780488,0.4383561643835616,0.09989023051591657,0.018660812294182216,0.6311787072243346,0.6311787072243346,0.049429657794676805,0.10029306414848584,0.5860001808800142,0.7311703642552765
random_cf_1,random_cf,0.10978777645362256,21,13,13,0.06,0.36796536796536794,0.18,0.7417061611374408,0.42585034013605444,0.1163556531284303,0.07683863885839737,0.6320346320346321,0.6320346320346321,0.2943722943722944,0.08889612504070335,0.5938951384057103,0.65240514072762
random_cf_1,random_cf,0.10978777645362256,21,13,13,0.06,0.3805668016194332,0.3,0.7583892617449665,0.4312977099236641,0.09989023051591657,0.03732162458836443,0.6194331983805668,0.6194331983805668,0.12550607287449392,0.09605991533702377,0.5872132906030993,0.7045241786061198
random_cf_1,random_cf,0.10978777645362256,21,13,13,0.06,0.3688212927756654,0.44,0.7804878048780488,0.4383561643835616,0.09989023051591657,0.018660812294182216,0.6311787072243346,0.6311787072243346,0.049429657794676805,0.10029306414848584,0.5860001808800142,0.7311703642552765
random_cf_1,random_cf,0.10978777645362256,21,13,13,0.12,0.0,0.18,0.7882096069868996,0.44078144078144077,0.09659714599341383,0.0043907793633369925,1.0,1.0,0.0,0.09964181048518397,0.5841023104629564,0.8272620501933238
random_cf_1,random_cf,0.10978777645362256,21,13,13,0.12,0.0,0.3,0.7882096069868996,0.44078144078144077,0.09659714599341383,0.0043907793633369925,1.0,1.0,0.0,0.09964181048518397,0.5841023104629564,0.8272620501933238
random_cf_1,random_cf,0.10978777645362256,21,13,13,0.12,0.0,0.44,0.7882096069868996,0.44078144078144077,0.09659714599341383,0.0043907793633369925,1.0,1.0,0.0,0.09964181048518397,0.5841023104629564,0.8272620501933238
random_cf_1,random_cf,0.10978777645362256,21,13,13,0.12,0.37344398340248963,0.18,0.7716346153846154,0.4355495251017639,0.11306256860592755,0.07793633369923161,0.6265560165975104,0.6265560165975104,0.2946058091286307,0.09117551286225985,0.5935000577936096,0.6580588100701871
random_cf_1,random_cf,0.10978777645362256,21,13,13,0.12,0.37448559670781895,0.3,0.7722095671981777,0.43573264781491,0.10208562019758508,0.043907793633369926,0.6255144032921811,0.6255144032921811,0.15637860082304528,0.09573428850537284,0.5887013193313988,0.6983719552404284
random_cf_1,random_cf,0.10978777645362256,21,13,13,0.12,0.3946360153256705,0.44,0.796420581655481,0.44333748443337484,0.09769484083424808,0.020856201975850714,0.6053639846743295,0.6053639846743295,0.04597701149425287,0.10094431781178768,0.5865769319943457,0.7352537853282374
random_cf_1,random_cf,0.10978777645362256,21,13,13,0.12,0.3624454148471616,0.18,0.7547619047619047,0.43012211668928085,0.1141602634467618,0.07683863885839737,0.6375545851528385,0.6375545851528385,0.29694323144104806,0.09084988603060892,0.593407825146739,0.6540964612747755
random_cf_1,random_cf,0.10978777645362256,21,13,13,0.12,0.37448559670781895,0.3,0.7722095671981777,0.43573264781491,0.10208562019758508,0.043907793633369926,0.6255144032921811,0.6255144032921811,0.15637860082304528,0.09573428850537284,0.5887013193313988,0.6983719552404284
random_cf_1,random_cf,0.10978777645362256,21,13,13,0.12,0.3938223938223938,0.44,0.7941834451901566,0.442643391521197,0.09879253567508232,0.020856201975850714,0.6061776061776062,0.6061776061776062,0.04633204633204633,0.10094431781178768,0.5862918161798136,0.7346654952889151
random_cf_1,random_cf,0.10978777645362256,21,13,13,0.2,0.0,0.18,0.7846153846153846,0.4396551724137931,0.09659714599341383,0.012074643249176729,1.0,1.0,0.0,0.09833930315858026,0.5849857633596236,0.8263741070452686
random_cf_1,random_cf,0.10978777645362256,21,13,13,0.2,0.0,0.3,0.7846153846153846,0.4396551724137931,0.09659714599341383,0.012074643249176729,1.0,1.0,0.0,0.09833930315858026,0.5849857633596236,0.8263741070452686
random_cf_1,random_cf,0.10978777645362256,21,13,13,0.2,0.0,0.44,0.7846153846153846,0.4396551724137931,0.09659714599341383,0.012074643249176729,1.0,1.0,0.0,0.09833930315858026,0.5849857633596236,0.8263741070452686
random_cf_1,random_cf,0.10978777645362256,21,13,13,0.2,0.3628691983122363,0.18,0.7788461538461539,0.43783783783783786,0.10647639956092206,0.08122941822173436,0.6371308016877637,0.6371308016877637,0.29957805907172996,0.09117551286225985,0.596226432871813,0.6583381766978641
random_cf_1,random_cf,0.10978777645362256,21,13,13,0.2,0.3603238866396761,0.3,0.7811059907834101,0.4385510996119017,0.09989023051591657,0.05159165751920966,0.6396761133603239,0.6396761133603239,0.1417004048582996,0.095083034842071,0.5902185931408801,0.7042185008037365
random_cf_1,random_cf,0.10978777645362256,21,13,13,0.2,0.3953488372093023,0.44,0.8082191780821918,0.44696969696969696,0.09769484083424808,0.03293084522502744,0.6046511627906976,0.6046511627906976,0.06201550387596899,0.09703679583197655,0.588276334224052,0.7328585481593785
random_cf_1,random_cf,0.10978777645362256,21,13,13,0.2,0.37656903765690375,0.18,0.7669902912621359,0.4340659340659341,0.10976948408342481,0.09110867178924259,0.6234309623430963,0.6234309623430963,0.3305439330543933,0.08889612504070335,0.5982517273311376,0.6470852714915118
random_cf_1,random_cf,0.10978777645362256,21,13,13,0.2,0.3771186440677966,0.3,0.7659090909090909,0.4337194337194337,0.09440175631174534,0.052689352360043906,0.6228813559322034,0.6228813559322034,0.16101694915254236,0.09475740801042006,0.5906573908262094,0.6957197884904448
random_cf_1,random_cf,0.10978777645362256,21,13,13,0.2,0.38846153846153847,0.44,0.7986425339366516,0.4440251572327044,0.09330406147091108,0.03402854006586169,0.6115384615384616,0.6115384615384616,0.057692307692307696,0.09736242266362748,0.5872675761246371,0.7319755718577399
random_cf_1,random_cf,0.10978777645362256,21,13,21,0.06,0.0,0.18,0.7891304347826087,0.44106925880923453,0.09549945115257959,0.0010976948408342481,1.0,1.0,0.0,0.09996743731683491,0.5829217763465018,0.8274034082298822
random_cf_1,random_cf,0.10978777645362256,21,13,21,0.06,0.0,0.3,0.7891304347826087,0.44106925880923453,0.09549945115257959,0.0010976948408342481,1.0,1.0,0.0,0.09996743731683491,0.5829217763465018,0.8274034082298822
random_cf_1,random_cf,0.10978777645362256,21,13,21,0.06,0.0,0.44,0.7891304347826087,0.44106925880923453,0.09549945115257959,0.0010976948408342481,1.0,1.0,0.0,0.09996743731683491,0.5829217763465018,0.8274034082298822
random_cf_1,random_cf,0.10978777645362256,21,13,21,0.06,0.4094955489614243,0.18,0.7413793103448276,0.42574257425742573,0.1251372118551043,0.09879253567508232,0.5905044510385756,0.5905044510385756,0.26706231454005935,0.08694236405079779,0.5980023413915081,0.6597999097623938
random_cf_1,random_cf,0.10978777645362256,21,13,21,0.06,0.38461538461538464,0.3,0.748868778280543,0.4282018111254851,0.10098792535675083,0.050493962678375415,0.6153846153846154,0.6153846153846154,0.12362637362637363,0.09378052751546727,0.5896061984245464,0.7030046680620737
random_cf_1,random_cf,0.10978777645362256,21,13,21,0.06,0.38320209973753283,0.44,0.786036036036036,0.4401008827238335,0.09769484083424808,0.031833150384193196,0.6167979002624672,0.6167979002624672,0.07086614173228346,0.09833930315858026,0.5882692259805717,0.725944856106012
random_cf_1,random_cf,0.10978777645362256,21,13,21,0.06,0.4146341463414634,0.18,0.7493734335839599,0.4283667621776504,0.13172338090010977,0.10208562019758508,0.5853658536585366,0.5853658536585366,0.2804878048780488,0.08531422989254314,0.6003885560046951,0.6578565644686969
random_cf_1,random_cf,0.10978777645362256,21,13,21,0.06,0.3774104683195592,0.3,0.7540229885057471,0.42988204456094364,0.10757409440175632,0.054884742041712405,0.6225895316804407,0.6225895316804407,0.13774104683195593,0.0941061543471182,0.5910408476844748,0.6999919295091769
random_cf_1,random_cf,0.10978777645362256,21,13,21,0.06,0.37994722955145116,0.44,0.7728285077951003,0.435929648241206,0.09440175631174534,0.031833150384193196,0.6200527704485488,0.6200527704485488,0.0712401055408971,0.09736242266362748,0.5874859381431985,0.7231477746178538
random_cf_1,random_cf,0.10978777645362256,21,13,21,0.12,0.0,0.18,0.7894736842105263,0.4411764705882353,0.09769484083424808,0.006586169045005488,1.0,1.0,0.0,0.09931618365353305,0.5844101215948876,0.8274674677645275
random_cf_1,random_cf,0.10978777645362256,21,13,21,0.12,0.0,0.3,0.7894736842105263,0.4411764705882353,0.09769484083424808,0.006586169045005488,1.0,1.0,0.0,0.09931618365353305,0.5844101215948876,0.8274674677645275
random_cf_1,random_cf,0.10978777645362256,21,13,21,0.12,0.0,0.44,0.7894736842105263,0.4411764705882353,0.09769484083424808,0.006586169045005488,1.0,1.0,0.0,0.09931618365353305,0.5844101215948876,0.8274674677645275
random_cf_1,random_cf,0.10978777645362256,21,13,21,0.12,0.41887905604719766,0.18,0.7358024691358025,0.4238975817923186,0.11964873765093303,0.10867178924259056,0.5811209439528023,0.5811209439528023,0.2861356932153392,0.08498860306089222,0.6019706859970986,0.6534753398167856
random_cf_1,random_cf,0.10978777645362256,21,13,21,0.12,0.3877005347593583,0.3,0.7592592592592593,0.43157894736842106,0.10318331503841932,0.06256860592755215,0.6122994652406417,0.6122994652406417,0.14171122994652408,0.09475740801042006,0.5916906230901575,0.6995862313213546
random_cf_1,random_cf,0.10978777645362256,21,13,21,0.12,0.3785900783289817,0.44,0.7802690582959642,0.43828715365239296,0.09001097694840834,0.038419319429198684,0.6214099216710183,0.6214099216710183,0.0783289817232376,0.09605991533702377,0.589134848879802,0.7225954127843164
random_cf_1,random_cf,0.10978777645362256,21,13,21,0.12,0.41812865497076024,0.18,0.7333333333333333,0.4230769230769231,0.11964873765093303,0.10976948408342481,0.5818713450292398,0.5818713450292398,0.28654970760233917,0.08531422989254314,0.6022388930223552,0.6528352562581028
random_cf_1,random_cf,0.10978777645362256,21,13,21,0.12,0.3891891891891892,0.3,0.7477064220183486,0.42782152230971127,0.10098792535675083,0.06256860592755215,0.6108108108108108,0.6108108108108108,0.14324324324324325,0.09378052751546727,0.5910664903688772,0.6967981510603296
random_cf_1,random_cf,0.10978777645362256,21,13,21,0.12,0.38726790450928383,0.44,0.7820224719101123,0.43883984867591425,0.09110867178924259,0.038419319429198684,0.6127320954907162,0.6127320954907162,0.07692307692307693,0.09475740801042006,0.5883465133184074,0.7232829611276699
random_cf_1,random_cf,0.10978777645362256,21,13,21,0.2,0.0,0.18,0.7915742793791575,0.44183168316831684,0.09769484083424808,0.015367727771679473,1.0,1.0,0.0,0.09801367632692934,0.5861094744541524,0.8277801323885972
random_cf_1,random_cf,0.10978777645362256,21,13,21,0.2,0.0,0.3,0.7915742793791575,0.44183168316831684,0.09769484083424808,0.015367727771679473,1.0,1.0,0.0,0.09801367632692934,0.5861094744541524,0.8277801323885972
random_cf_1,random_cf,0.10978777645362256,21,13,21,0.2,0.0,0.44,0.7915742793791575,0.44183168316831684,0.09769484083424808,0.015367727771679473,1.0,1.0,0.0,0.09801367632692934,0.5861094744541524,0.8277801323885972
random_cf_1,random_cf,0.10978777645362256,21,13,21,0.2,0.41317365269461076,0.18,0.7432098765432099,0.4263456090651558,0.10867178924259056,0.1163556531284303,0.5868263473053892,0.5868263473053892,0.3023952095808383,0.08498860306089222,0.6006448182641331,0.6497123801387165
random_cf_1,random_cf,0.10978777645362256,21,13,21,0.2,0.3918918918918919,0.3,0.7627906976744186,0.43271767810026385,0.09549945115257959,0.07244785949506037,0.6081081081081081,0.6081081081081081,0.14594594594594595,0.09150113969391079,0.5907215128133549,0.6985917833917852
random_cf_1,random_cf,0.10978777645362256,21,13,21,0.2,0.38320209973753283,0.44,0.7886363636363637,0.4409148665819568,0.0867178924259056,0.04939626783754116,0.6167979002624672,0.6167979002624672,0.08661417322834646,0.09378052751546727,0.5897857607405306,0.721551577485817
random_cf_1,random_cf,0.10978777645362256,21,13,21,0.2,0.4171779141104294,0.18,0.7563451776649747,0.430635838150289,0.1163556531284303,0.12403951701427003,0.5828220858895705,0.5828220858895705,0.32515337423312884,0.08336046890263758,0.6033105622405952,0.6459502556004723
random_cf_1,random_cf,0.10978777645362256,21,13,21,0.2,0.40789473684210525,0.3,0.7552447552447552,0.4302788844621514,0.09440175631174534,0.07903402854006586,0.5921052631578947,0.5921052631578947,0.17105263157894737,0.09182676652556171,0.5936193844680215,0.6900365082850932
random_cf_1,random_cf,0.10978777645362256,21,13,21,0.2,0.38181818181818183,0.44,0.8022988505747126,0.4451530612244898,0.0889132821075741,0.050493962678375415,0.6181818181818182,0.6181818181818182,0.09090909090909091,0.09573428850537284,0.5919505255595503,0.7232128289952073
fib_13_21,rational,0.6550476190476191,21,13,13,0.06,0.0,0.18,0.738045738045738,0.4246411483253589,0.0362087326943557,0.07348242811501597,1.0,1.0,0.0,0.10908498860306089,0.35748476904115967,0.7771134480970429
fib_13_21,rational,0.6550476190476191,21,13,13,0.06,0.0,0.3,0.738045738045738,0.4246411483253589,0.0362087326943557,0.07348242811501597,1.0,1.0,0.0,0.10908498860306089,0.35748476904115967,0.7771134480970429
fib_13_21,rational,0.6550476190476191,21,13,13,0.06,0.0,0.44,0.738045738045738,0.4246411483253589,0.0362087326943557,0.07348242811501597,1.0,1.0,0.0,0.10908498860306089,0.35748476904115967,0.7771134480970429
fib_13_21,rational,0.6550476190476191,21,13,13,0.06,0.42857142857142855,0.18,0.7417840375586855,0.42587601078167114,0.05750798722044728,0.15228966986155484,0.5714285714285714,0.5714285714285714,0.3867595818815331,0.09996743731683491,0.37442350695970017,0.5970854730578228
fib_13_21,rational,0.6550476190476191,21,13,13,0.06,0.43343653250773995,0.3,0.7681818181818182,0.43444730077120824,0.04472843450479233,0.12673056443024494,0.56656346749226,0.56656346749226,0.26625386996904027,0.10713122761315533,0.5952931999645747,0.6625240551169292
fib_13_21,rational,0.6550476190476191,21,13,13,0.06,0.46273291925465837,0.44,0.78125,0.43859649122807015,0.04579339723109691,0.10436634717784878,0.5372670807453416,0.5372670807453416,0.17701863354037267,0.10941061543471182,0.36383491058672257,0.6545795640705095
fib_13_21,rational,0.6550476190476191,21,13,13,0.06,0.44368600682593856,0.18,0.7470449172576832,0.42760487144790255,0.059637912673056445,0.15335463258785942,0.5563139931740614,0.5563139931740614,0.3924914675767918,0.10029306414848584,0.3752130116646215,0.5981914683644998
fib_13_21,rational,0.6550476190476191,21,13,13,0.06,0.43343653250773995,0.3,0.7681818181818182,0.43444730077120824,0.04472843450479233,0.12673056443024494,0.56656346749226,0.56656346749226,0.26625386996904027,0.10713122761315533,0.5952931999645747,0.6625240551169292
fib_13_21,rational,0.6550476190476191,21,13,13,0.06,0.47560975609756095,0.44,0.7733333333333333,0.43609022556390975,0.043663471778487756,0.10649627263045794,0.524390243902439,0.524390243902439,0.18292682926829268,0.10843373493975904,0.3625788272617515,0.6510654640220026
fib_13_21,rational,0.6550476190476191,21,13,13,0.12,0.0,0.18,0.7436974789915967,0.42650602409638555,0.038338658146964855,0.0777422790202343,1.0,1.0,0.0,0.10843373493975904,0.5900931871165545,0.8152784287708709
fib_13_21,rational,0.6550476190476191,21,13,13,0.12,0.0,0.3,0.7436974789915967,0.42650602409638555,0.038338658146964855,0.0777422790202343,1.0,1.0,0.0,0.10843373493975904,0.5900931871165545,0.8152784287708709
fib_13_21,rational,0.6550476190476191,21,13,13,0.12,0.0,0.44,0.7436974789915967,0.42650602409638555,0.038338658146964855,0.0777422790202343,1.0,1.0,0.0,0.10843373493975904,0.5900931871165545,0.8152784287708709
fib_13_21,rational,0.6550476190476191,21,13,13,0.12,0.43205574912891986,0.18,0.7434679334916865,0.4264305177111717,0.05644302449414271,0.16187433439829607,0.5679442508710801,0.5679442508710801,0.37630662020905925,0.09833930315858026,0.37992751894168164,0.5979042526368357
fib_13_21,rational,0.6550476190476191,21,13,13,0.12,0.43548387096774194,0.3,0.7688787185354691,0.4346701164294955,0.042598509052183174,0.134185303514377,0.5645161290322581,0.5645161290322581,0.2806451612903226,0.10615434711820254,0.3685938046394609,0.6219547033506642
fib_13_21,rational,0.6550476190476191,21,13,13,0.12,0.43026706231454004,0.44,0.7879464285714286,0.44069912609238454,0.03727369542066028,0.10969116080937168,0.56973293768546,0.56973293768546,0.17804154302670624,0.10973624226636275,0.5954388858437878,0.6923851629903894
fib_13_21,rational,0.6550476190476191,21,13,13,0.12,0.4413793103448276,0.18,0.7458432304038005,0.4272108843537415,0.054313099041533544,0.16293929712460065,0.5586206896551724,0.5586206896551724,0.39655172413793105,0.09964181048518397,0.38164949621068767,0.5985350870002778
fib_13_21,rational,0.6550476190476191,21,13,13,0.12,0.4426751592356688,0.3,0.7736720554272517,0.4361979166666667,0.04472843450479233,0.13738019169329074,0.5573248407643312,0.5573248407643312,0.2898089171974522,0.10550309345490068,0.3701027469428745,0.62040100635111
fib_13_21,rational,0.6550476190476191,21,13,13,0.12,0.4289940828402367,0.44,0.7897091722595079,0.44125,0.03727369542066028,0.11075612353567625,0.5710059171597633,0.5710059171597633,0.1804733727810651,0.10973624226636275,0.5950991894858477,0.6919308987945649
fib_13_21,rational,0.6550476190476191,21,13,13,0.2,0.0,0.18,0.7494692144373672,0.42839805825242716,0.03514376996805112,0.08732694355697551,1.0,1.0,0.0,0.10810810810810811,0.5903774228055256,0.8160114763658999
fib_13_21,rational,0.6550476190476191,21,13,13,0.2,0.0,0.3,0.7494692144373672,0.42839805825242716,0.03514376996805112,0.08732694355697551,1.0,1.0,0.0,0.10810810810810811,0.5903774228055256,0.8160114763658999
fib_13_21,rational,0.6550476190476191,21,13,13,0.2,0.0,0.44,0.7494692144373672,0.42839805825242716,0.03514376996805112,0.08732694355697551,1.0,1.0,0.0,0.10810810810810811,0.5903774228055256,0.8160114763658999
fib_13_21,rational,0.6550476190476191,21,13,13,0.2,0.45051194539249145,0.18,0.7553956834532374,0.430327868852459,0.04898828541001065,0.17145899893503727,0.5494880546075085,0.5494880546075085,0.3890784982935154,0.0986649299902312,0.37723424059185506,0.5993539356632465
fib_13_21,rational,0.6550476190476191,21,13,13,0.2,0.44333333333333336,0.3,0.7733644859813084,0.43610013175230566,0.043663471778487756,0.14802981895633652,0.5566666666666666,0.5566666666666666,0.30333333333333334,0.10289807880169326,0.36947729266447393,0.6159736388390337
fib_13_21,rational,0.6550476190476191,21,13,13,0.2,0.46920821114369504,0.44,0.7873303167420814,0.44050632911392407,0.03514376996805112,0.1235356762513312,0.530791788856305,0.530791788856305,0.18181818181818182,0.10745685444480625,0.37038685726380904,0.6545978288517545
fib_13_21,rational,0.6550476190476191,21,13,13,0.2,0.46048109965635736,0.18,0.7731707317073171,0.4360385144429161,0.05218317358892439,0.17358892438764642,0.5395189003436426,0.5395189003436426,0.4020618556701031,0.09899055682188213,0.3782749734600177,0.6029269604994472
fib_13_21,rational,0.6550476190476191,21,13,13,0.2,0.468013468013468,0.3,0.7966903073286052,0.44342105263157894,0.04153354632587859,0.14909478168264112,0.531986531986532,0.531986531986532,0.32996632996632996,0.10485183979159883,0.37331110589596783,0.6134373270819149
fib_13_21,rational,0.6550476190476191,21,13,13,0.2,0.45141065830721006,0.44,0.781038374717833,0.4385297845373891,0.03514376996805112,0.12460063897763578,0.54858934169279,0.54858934169279,0.1974921630094044,0.10680560078150439,0.5954730575647778,0.6848687590333462
fib_13_21,rational,0.6550476190476191,21,13,21,0.06,0.0,0.18,0.7478991596638656,0.42788461538461536,0.03727369542066028,0.07667731629392971,1.0,1.0,0.0,0.10941061543471182,0.35576070450013997,0.7786273355259626
fib_13_21,rational,0.6550476190476191,21,13,21,0.06,0.0,0.3,0.7478991596638656,0.42788461538461536,0.03727369542066028,0.07667731629392971,1.0,1.0,0.0,0.10941061543471182,0.35576070450013997,0.7786273355259626
fib_13_21,rational,0.6550476190476191,21,13,21,0.06,0.0,0.44,0.7478991596638656,0.42788461538461536,0.03727369542066028,0.07667731629392971,1.0,1.0,0.0,0.10941061543471182,0.35576070450013997,0.7786273355259626
fib_13_21,rational,0.6550476190476191,21,13,21,0.06,0.4097560975609756,0.18,0.7129186602870813,0.41620111731843573,0.06070287539936102,0.17678381256656017,0.5902439024390244,0.5902439024390244,0.33170731707317075,0.095083034842071,0.37441915918889,0.595551323660173
fib_13_21,rational,0.6550476190476191,21,13,21,0.06,0.3958333333333333,0.3,0.7545454545454545,0.43005181347150256,0.04579339723109691,0.13205537806176784,0.6041666666666666,0.6041666666666666,0.2152777777777778,0.10420058612829697,0.5951695038216189,0.6742398762378723
fib_13_21,rational,0.6550476190476191,21,13,21,0.06,0.38509316770186336,0.44,0.786036036036036,0.4401008827238335,0.043663471778487756,0.11182108626198083,0.6149068322981367,0.6149068322981367,0.13250517598343686,0.10875936177140996,0.363319420384817,0.6678213348429736
fib_13_21,rational,0.6550476190476191,21,13,21,0.06,0.41421568627450983,0.18,0.711217183770883,0.41562064156206413,0.059637912673056445,0.17678381256656017,0.5857843137254902,0.5857843137254902,0.3333333333333333,0.0941061543471182,0.37453205279138446,0.5948117612536312
fib_13_21,rational,0.6550476190476191,21,13,21,0.06,0.3895216400911162,0.3,0.7471526195899773,0.4276401564537158,0.042598509052183174,0.14057507987220447,0.6104783599088838,0.6104783599088838,0.22095671981776766,0.10224682513839141,0.370855407494313,0.6349265164808975
fib_13_21,rational,0.6550476190476191,21,13,21,0.06,0.38923395445134573,0.44,0.786036036036036,0.4401008827238335,0.042598509052183174,0.11288604898828541,0.6107660455486542,0.6107660455486542,0.13664596273291926,0.10875936177140996,0.3633176809378492,0.6665847264667201
fib_13_21,rational,0.6550476190476191,21,13,21,0.12,0.0,0.18,0.7473460721868365,0.42770352369380316,0.03727369542066028,0.08626198083067092,1.0,1.0,0.0,0.10843373493975904,0.5894687552955762,0.8154800094519209
fib_13_21,rational,0.6550476190476191,21,13,21,0.12,0.0,0.3,0.7473460721868365,0.42770352369380316,0.03727369542066028,0.08626198083067092,1.0,1.0,0.0,0.10843373493975904,0.5894687552955762,0.8154800094519209
fib_13_21,rational,0.6550476190476191,21,13,21,0.12,0.0,0.44,0.7473460721868365,0.42770352369380316,0.03727369542066028,0.08626198083067092,1.0,1.0,0.0,0.10843373493975904,0.5894687552955762,0.8154800094519209
fib_13_21,rational,0.6550476190476191,21,13,21,0.12,0.38848920863309355,0.18,0.7239709443099274,0.4199438202247191,0.054313099041533544,0.18743343982960597,0.6115107913669064,0.6115107913669064,0.33093525179856115,0.09378052751546727,0.3761919856901973,0.5978056997744293
fib_13_21,rational,0.6550476190476191,21,13,21,0.12,0.38717339667458434,0.3,0.7477064220183486,0.42782152230971127,0.04046858359957402,0.14802981895633652,0.6128266033254157,0.6128266033254157,0.22327790973871733,0.10126994464343862,0.37262461549546,0.6343328720026096
fib_13_21,rational,0.6550476190476191,21,13,21,0.12,0.3760869565217391,0.44,0.7623318385650224,0.43256997455470736,0.03727369542066028,0.12566560170394037,0.6239130434782608,0.6239130434782608,0.1391304347826087,0.1045262129599479,0.5981505719678846,0.6983244391036045
fib_13_21,rational,0.6550476190476191,21,13,21,0.12,0.3740831295843521,0.18,0.7191283292978208,0.4183098591549296,0.05750798722044728,0.18636847710330137,0.6259168704156479,0.6259168704156479,0.3276283618581907,0.09312927385216542,0.3768030243716647,0.5979632087498814
fib_13_21,rational,0.6550476190476191,21,13,21,0.12,0.38317757009345793,0.3,0.7488479262672811,0.4281949934123847,0.04153354632587859,0.1501597444089457,0.616822429906542,0.616822429906542,0.2266355140186916,0.10029306414848584,0.5978561344788791,0.6695804044956597
fib_13_21,rational,0.6550476190476191,21,13,21,0.12,0.3893805309734513,0.44,0.7617977528089888,0.43239795918367346,0.03727369542066028,0.12779552715654952,0.6106194690265486,0.6106194690265486,0.1504424778761062,0.10485183979159883,0.5975378796788364,0.6947655228452264
fib_13_21,rational,0.6550476190476191,21,13,21,0.2,0.0,0.18,0.7419354838709677,0.42592592592592593,0.03514376996805112,0.10223642172523961,1.0,1.0,0.0,0.10550309345490068,0.5904911479784478,0.8139123964480105
fib_13_21,rational,0.6550476190476191,21,13,21,0.2,0.0,0.3,0.7419354838709677,0.42592592592592593,0.03514376996805112,0.10223642172523961,1.0,1.0,0.0,0.10550309345490068,0.5904911479784478,0.8139123964480105
fib_13_21,rational,0.6550476190476191,21,13,21,0.2,0.0,0.44,0.7419354838709677,0.42592592592592593,0.03514376996805112,0.10223642172523961,1.0,1.0,0.0,0.10550309345490068,0.5904911479784478,0.8139123964480105
fib_13_21,rational,0.6550476190476191,21,13,21,0.2,0.39618138424821003,0.18,0.7333333333333333,0.4230769230769231,0.05324813631522897,0.19914802981895632,0.60381861575179,0.60381861575179,0.315035799522673,0.09312927385216542,0.3771057430479611,0.6038153893716324
fib_13_21,rational,0.6550476190476191,21,13,21,0.2,0.3905191873589165,0.3,0.7440758293838863,0.4266304347826087,0.043663471778487756,0.17252396166134185,0.6094808126410836,0.6094808126410836,0.24830699774266365,0.09801367632692934,0.5975278203097736,0.6613804977275812
fib_13_21,rational,0.6550476190476191,21,13,21,0.2,0.3926247288503254,0.44,0.767816091954023,0.4343302990897269,0.03727369542066028,0.14376996805111822,0.6073752711496746,0.6073752711496746,0.1540130151843818,0.10387495929664604,0.3707346284598797,0.6579017861654944
fib_13_21,rational,0.6550476190476191,21,13,21,0.2,0.411214953271028,0.18,0.743142144638404,0.4263233190271817,0.05005324813631523,0.2055378061767838,0.5887850467289719,0.5887850467289719,0.34345794392523366,0.09345490068381634,0.374549629592673,0.5969090056957087
fib_13_21,rational,0.6550476190476191,21,13,21,0.2,0.3940774487471526,0.3,0.7434679334916865,0.4264305177111717,0.04153354632587859,0.17678381256656017,0.6059225512528473,0.6059225512528473,0.2528473804100228,0.09671116900032563,0.5983133844947268,0.6599398152362446
fib_13_21,rational,0.6550476190476191,21,13,21,0.2,0.3951965065502183,0.44,0.771689497716895,0.43556701030927836,0.03194888178913738,0.14164004259850904,0.6048034934497817,0.6048034934497817,0.16812227074235808,0.1045262129599479,0.37093084408035815,0.6547440486489345
pi_mod1,constant,0.15359265358979313,21,13,13,0.06,0.0,0.18,0.8004246284501062,0.44457547169811323,0.0867237687366167,0.0053533190578158455,1.0,1.0,0.0,0.12113318137414524,0.5160067579150103,0.8176537534005941
pi_mod1,constant,0.15359265358979313,21,13,13,0.06,0.0,0.3,0.8004246284501062,0.44457547169811323,0.0867237687366167,0.0053533190578158455,1.0,1.0,0.0,0.12113318137414524,0.5160067579150103,0.8176537534005941
pi_mod1,constant,0.15359265358979313,21,13,13,0.06,0.0,0.44,0.8004246284501062,0.44457547169811323,0.0867237687366167,0.0053533190578158455,1.0,1.0,0.0,0.12113318137414524,0.5160067579150103,0.8176537534005941
pi_mod1,constant,0.15359265358979313,21,13,13,0.06,0.3553113553113553,0.18,0.748868778280543,0.4282018111254851,0.09957173447537473,0.0728051391862955,0.6446886446886447,0.6446886446886447,0.2454212454212454,0.10582872028655162,0.5291817006304294,0.65682024515253
pi_mod1,constant,0.15359265358979313,21,13,13,0.06,0.3642611683848797,0.3,0.789010989010989,0.44103194103194104,0.09314775160599571,0.035331905781584586,0.6357388316151202,0.6357388316151202,0.10309278350515463,0.11527189840442853,0.5207801934111724,0.7055051509006053
pi_mod1,constant,0.15359265358979313,21,13,13,0.06,0.3864406779661017,0.44,0.8060344827586207,0.44630071599045346,0.08886509635974305,0.013918629550321198,0.6135593220338983,0.6135593220338983,0.023728813559322035,0.11983067404754151,0.5193777673811386,0.7321549197443735
pi_mod1,constant,0.15359265358979313,21,13,13,0.06,0.37906137184115524,0.18,0.7225950782997763,0.41948051948051945,0.09635974304068523,0.07922912205567452,0.6209386281588448,0.6209386281588448,0.259927797833935,0.10257245197004233,0.5284545898144626,0.6471504454392447
pi_mod1,constant,0.15359265358979313,21,13,13,0.06,0.36769759450171824,0.3,0.7736263736263737,0.436183395291202,0.09421841541755889,0.0417558886509636,0.6323024054982818,0.6323024054982818,0.12027491408934708,0.1126668837512211,0.5230788201112297,0.6977294386444666
pi_mod1,constant,0.15359265358979313,21,13,13,0.06,0.3881118881118881,0.44,0.8122270742358079,0.44819277108433736,0.09314775160599571,0.018201284796573874,0.6118881118881119,0.6118881118881119,0.038461538461538464,0.11950504721589059,0.522181919875524,0.7294142439982993
pi_mod1,constant,0.15359265358979313,21,13,13,0.12,0.0,0.18,0.788135593220339,0.44075829383886256,0.08565310492505353,0.010706638115631691,1.0,1.0,0.0,0.11917942038423966,0.5183894340755548,0.8154406967030129
pi_mod1,constant,0.15359265358979313,21,13,13,0.12,0.0,0.3,0.788135593220339,0.44075829383886256,0.08565310492505353,0.010706638115631691,1.0,1.0,0.0,0.11917942038423966,0.5183894340755548,0.8154406967030129
pi_mod1,constant,0.15359265358979313,21,13,13,0.12,0.0,0.44,0.788135593220339,0.44075829383886256,0.08565310492505353,0.010706638115631691,1.0,1.0,0.0,0.11917942038423966,0.5183894340755548,0.8154406967030129
pi_mod1,constant,0.15359265358979313,21,13,13,0.12,0.3935018050541516,0.18,0.7386363636363636,0.42483660130718953,0.09421841541755889,0.0867237687366167,0.6064981949458483,0.6064981949458483,0.2815884476534296,0.10387495929664604,0.5312435417690244,0.6441773984333675
pi_mod1,constant,0.15359265358979313,21,13,13,0.12,0.40893470790378006,0.3,0.7986725663716814,0.4440344403444034,0.08886509635974305,0.04068522483940043,0.5910652920962199,0.5910652920962199,0.1134020618556701,0.1162487788993813,0.5238962712311794,0.7046478575692271
pi_mod1,constant,0.15359265358979313,21,13,13,0.12,0.39590443686006827,0.44,0.8237885462555066,0.45169082125603865,0.08993576017130621,0.023554603854389723,0.6040955631399317,0.6040955631399317,0.051194539249146756,0.11983067404754151,0.5254899461711546,0.728291182229852
pi_mod1,constant,0.15359265358979313,21,13,13,0.12,0.39705882352941174,0.18,0.7477064220183486,0.42782152230971127,0.09635974304068523,0.08779443254817987,0.6029411764705882,0.6029411764705882,0.29411764705882354,0.1045262129599479,0.531746476083305,0.6424014006526454
pi_mod1,constant,0.15359265358979313,21,13,13,0.12,0.35986159169550175,0.3,0.775330396475771,0.43672456575682383,0.08886509635974305,0.048179871520342615,0.6401384083044983,0.6401384083044983,0.1314878892733564,0.11234125691957017,0.5233513753617092,0.694602006599004
pi_mod1,constant,0.15359265358979313,21,13,13,0.12,0.3923611111111111,0.44,0.8056768558951966,0.44619105199516323,0.08779443254817987,0.02676659528907923,0.6076388888888888,0.6076388888888888,0.05555555555555555,0.11787691305763595,0.5245816440186668,0.7232790949352861
pi_mod1,constant,0.15359265358979313,21,13,13,0.2,0.0,0.18,0.7860169491525424,0.4400948991696323,0.08244111349036402,0.014989293361884369,1.0,1.0,0.0,0.1185281667209378,0.5192181983724622,0.8149731385002155
pi_mod1,constant,0.15359265358979313,21,13,13,0.2,0.0,0.3,0.7860169491525424,0.4400948991696323,0.08244111349036402,0.014989293361884369,1.0,1.0,0.0,0.1185281667209378,0.5192181983724622,0.8149731385002155
pi_mod1,constant,0.15359265358979313,21,13,13,0.2,0.0,0.44,0.7860169491525424,0.4400948991696323,0.08244111349036402,0.014989293361884369,1.0,1.0,0.0,0.1185281667209378,0.5192181983724622,0.8149731385002155
pi_mod1,constant,0.15359265358979313,21,13,13,0.2,0.38321167883211676,0.18,0.7534562211981567,0.4296977660972405,0.08993576017130621,0.09528907922912205,0.6167883211678832,0.6167883211678832,0.2773722627737226,0.10485183979159883,0.5335246980770325,0.6482244151293137
pi_mod1,constant,0.15359265358979313,21,13,13,0.2,0.32234432234432236,0.3,0.7609649122807017,0.43212951432129515,0.08565310492505353,0.05460385438972163,0.6776556776556777,0.6776556776556777,0.1282051282051282,0.1103874959296646,0.5269247438585396,0.6993595803046974
pi_mod1,constant,0.15359265358979313,21,13,13,0.2,0.36666666666666664,0.44,0.811816192560175,0.44806763285024154,0.08244111349036402,0.031049250535331904,0.6333333333333333,0.6333333333333333,0.05333333333333334,0.11755128622598503,0.5221136965443209,0.7245287761225873
pi_mod1,constant,0.15359265358979313,21,13,13,0.2,0.39849624060150374,0.18,0.7582159624413145,0.43124165554072097,0.09528907922912205,0.10278372591006424,0.6015037593984962,0.6015037593984962,0.3233082706766917,0.10354933246499512,0.5350904791925566,0.635987584785641
pi_mod1,constant,0.15359265358979313,21,13,13,0.2,0.36585365853658536,0.3,0.7700892857142857,0.43505674653215637,0.08886509635974305,0.06209850107066381,0.6341463414634146,0.6341463414634146,0.14634146341463414,0.11103874959296646,0.5284698334927487,0.6895075594339073
pi_mod1,constant,0.15359265358979313,21,13,13,0.2,0.36666666666666664,0.44,0.8026030368763557,0.4452466907340554,0.07815845824411134,0.032119914346895075,0.6333333333333333,0.6333333333333333,0.05333333333333334,0.11722565939433409,0.5220556870779605,0.7226696247956206
pi_mod1,constant,0.15359265358979313,21,13,21,0.06,0.0,0.18,0.8004246284501062,0.44457547169811323,0.0867237687366167,0.0053533190578158455,1.0,1.0,0.0,0.12113318137414524,0.5160067579150103,0.8176537534005941
pi_mod1,constant,0.15359265358979313,21,13,21,0.06,0.0,0.3,0.8004246284501062,0.44457547169811323,0.0867237687366167,0.0053533190578158455,1.0,1.0,0.0,0.12113318137414524,0.5160067579150103,0.8176537534005941
pi_mod1,constant,0.15359265358979313,21,13,21,0.06,0.0,0.44,0.8004246284501062,0.44457547169811323,0.0867237687366167,0.0053533190578158455,1.0,1.0,0.0,0.12113318137414524,0.5160067579150103,0.8176537534005941
pi_mod1,constant,0.15359265358979313,21,13,21,0.06,0.4425770308123249,0.18,0.7094594594594594,0.4150197628458498,0.09100642398286937,0.09635974304068523,0.5574229691876751,0.5574229691876751,0.24929971988795518,0.10061869098013676,0.5267302519730632,0.6465153122731058
pi_mod1,constant,0.15359265358979313,21,13,21,0.06,0.3983050847457627,0.3,0.7797356828193832,0.4381188118811881,0.09314775160599571,0.0417558886509636,0.6016949152542372,0.6016949152542372,0.10734463276836158,0.11364376424617388,0.5211323501675893,0.7022732649821266
pi_mod1,constant,0.15359265358979313,21,13,21,0.06,0.4230769230769231,0.44,0.8123620309050773,0.4482338611449452,0.09421841541755889,0.02676659528907923,0.5769230769230769,0.5769230769230769,0.06043956043956044,0.11820253988928688,0.5215930425170423,0.7227039724861398
pi_mod1,constant,0.15359265358979313,21,13,21,0.06,0.4358974358974359,0.18,0.7104072398190046,0.41534391534391535,0.09207708779443255,0.09850107066381156,0.5641025641025641,0.5641025641025641,0.2621082621082621,0.09996743731683491,0.5270139715229707,0.6430171633688786
pi_mod1,constant,0.15359265358979313,21,13,21,0.06,0.3983739837398374,0.3,0.7714285714285715,0.43548387096774194,0.08886509635974305,0.048179871520342615,0.6016260162601627,0.6016260162601627,0.11924119241192412,0.11201563008791925,0.5214838299640403,0.6970453615408412
pi_mod1,constant,0.15359265358979313,21,13,21,0.06,0.4191780821917808,0.44,0.810989010989011,0.44781553398058255,0.09314775160599571,0.02462526766595289,0.5808219178082191,0.5808219178082191,0.057534246575342465,0.1185281667209378,0.5214767458347866,0.7233363572857494
pi_mod1,constant,0.15359265358979313,21,13,21,0.12,0.0,0.18,0.7914893617021277,0.4418052256532066,0.0867237687366167,0.011777301927194861,1.0,1.0,0.0,0.11950504721589059,0.5193684467372894,0.8161897589715372
pi_mod1,constant,0.15359265358979313,21,13,21,0.12,0.0,0.3,0.7914893617021277,0.4418052256532066,0.0867237687366167,0.011777301927194861,1.0,1.0,0.0,0.11950504721589059,0.5193684467372894,0.8161897589715372
pi_mod1,constant,0.15359265358979313,21,13,21,0.12,0.0,0.44,0.7914893617021277,0.4418052256532066,0.0867237687366167,0.011777301927194861,1.0,1.0,0.0,0.11950504721589059,0.5193684467372894,0.8161897589715372
pi_mod1,constant,0.15359265358979313,21,13,21,0.12,0.4358974358974359,0.18,0.7384259259259259,0.4247669773635153,0.08886509635974305,0.10706638115631692,0.5641025641025641,0.5641025641025641,0.2849002849002849,0.10224682513839141,0.5280581678201284,0.6417437505681737
pi_mod1,constant,0.15359265358979313,21,13,21,0.12,0.4048913043478261,0.3,0.7941834451901566,0.442643391521197,0.0867237687366167,0.05460385438972163,0.595108695652174,0.595108695652174,0.125,0.11299251058287203,0.5231614748713269,0.6997982902294656
pi_mod1,constant,0.15359265358979313,21,13,21,0.12,0.4105263157894737,0.44,0.8100436681222707,0.44752714113389624,0.08244111349036402,0.029978586723768737,0.5894736842105263,0.5894736842105263,0.05789473684210526,0.11820253988928688,0.5224924321870246,0.7229586232714434
pi_mod1,constant,0.15359265358979313,21,13,21,0.12,0.4396551724137931,0.18,0.727906976744186,0.42126514131897713,0.08993576017130621,0.1145610278372591,0.5603448275862069,0.5603448275862069,0.3045977011494253,0.10029306414848584,0.5296114972590553,0.6339841535853871
pi_mod1,constant,0.15359265358979313,21,13,21,0.12,0.4199475065616798,0.3,0.77728285077951,0.43734335839599,0.0835117773019272,0.06209850107066381,0.5800524934383202,0.5800524934383202,0.14173228346456693,0.11071312276131554,0.5215363365086547,0.6911567536492927
pi_mod1,constant,0.15359265358979313,21,13,21,0.12,0.40105540897097625,0.44,0.8100436681222707,0.44752714113389624,0.08244111349036402,0.029978586723768737,0.5989445910290238,0.5989445910290238,0.05804749340369393,0.11820253988928688,0.5222238815496822,0.7228720104375862
pi_mod1,constant,0.15359265358979313,21,13,21,0.2,0.0,0.18,0.7813163481953291,0.43861740166865315,0.08137044967880086,0.020342612419700215,1.0,1.0,0.0,0.11787691305763595,0.5202677424863016,0.8139765664354324
pi_mod1,constant,0.15359265358979313,21,13,21,0.2,0.0,0.3,0.7813163481953291,0.43861740166865315,0.08137044967880086,0.020342612419700215,1.0,1.0,0.0,0.11787691305763595,0.5202677424863016,0.8139765664354324
pi_mod1,constant,0.15359265358979313,21,13,21,0.2,0.0,0.44,0.7813163481953291,0.43861740166865315,0.08137044967880086,0.020342612419700215,1.0,1.0,0.0,0.11787691305763595,0.5202677424863016,0.8139765664354324
pi_mod1,constant,0.15359265358979313,21,13,21,0.2,0.4469914040114613,0.18,0.7511961722488039,0.42896174863387976,0.08993576017130621,0.12633832976445397,0.5530085959885387,0.5530085959885387,0.31805157593123207,0.10029306414848584,0.5322419955658313,0.6346220681532654
pi_mod1,constant,0.15359265358979313,21,13,21,0.2,0.42276422764227645,0.3,0.781038374717833,0.4385297845373891,0.08244111349036402,0.0728051391862955,0.5772357723577236,0.5772357723577236,0.15989159891598917,0.10973624226636275,0.5259833597811359,0.6869366686156919
pi_mod1,constant,0.15359265358979313,21,13,21,0.2,0.39946380697050937,0.44,0.7813852813852814,0.43863912515188336,0.07387580299785867,0.044967880085653104,0.6005361930294906,0.6005361930294906,0.058981233243967826,0.11527189840442853,0.5263533399012752,0.7170111045727231
pi_mod1,constant,0.15359265358979313,21,13,21,0.2,0.4332344213649852,0.18,0.7560386473429952,0.4305364511691884,0.09528907922912205,0.12633832976445397,0.5667655786350149,0.5667655786350149,0.33827893175074186,0.10029306414848584,0.5333621710206071,0.6299858120254771
pi_mod1,constant,0.15359265358979313,21,13,21,0.2,0.4128686327077748,0.3,0.7945205479452054,0.44274809160305345,0.0835117773019272,0.07494646680942184,0.5871313672922251,0.5871313672922251,0.16621983914209115,0.11103874959296646,0.5280274052720992,0.6879468000749898
pi_mod1,constant,0.15359265358979313,21,13,21,0.2,0.3952254641909814,0.44,0.7869565217391304,0.44038929440389296,0.0728051391862955,0.047109207708779445,0.6047745358090185,0.6047745358090185,0.06631299734748011,0.11559752523607945,0.5227229390378978,0.7153135217348402
