source,seed,shuffled,windowStart,meanPressure,shockRate,bestStrategy,continueCost,bestCost,improvement,mismatchRate,summaryBits,actionHistoryBits,replayOk,leak
phi_resettable,1618,0,408,0.7612729166666666,0.10416666666666667,reset_sqrt2,1032,992,0.03875968992248062,0.8333333333333334,1848,728,True,False
phi_resettable,1618,0,564,0.4569666666666667,0.0,reset_sqrt2,1042,942,0.09596928982725528,0.78125,1840,712,True,False
phi_resettable,1618,0,888,0.7597791666666667,0.3958333333333333,argmax,1082,982,0.09242144177449169,0.8229166666666666,1832,736,True,False
phi_resettable,1618,0,1140,0.45936875000000005,0.0,argmax,1092,992,0.09157509157509157,0.8333333333333334,1832,712,True,False
phi_resettable,1618,0,1332,0.46760833333333335,0.3125,periodic_lattice,1042,1002,0.03838771593090211,0.84375,1880,736,True,False
phi_resettable,1618,0,1464,0.6996479166666667,0.10416666666666667,continue_phi,942,942,0.0,0.78125,1864,744,True,False
phi_resettable,1618,0,1992,0.76344375,0.010416666666666666,argmax,1102,992,0.0998185117967332,0.8333333333333334,1840,720,True,False
phi_resettable,1618,0,2280,0.4704291666666667,0.0,reset_sqrt2,1152,972,0.15625,0.8125,1832,744,True,False
phi_resettable,1618,1,204,0.13873125,0.0,continue_phi,192,192,0.0,0.0,1848,736,True,False
phi_resettable,1618,1,396,0.7408666666666667,0.22916666666666666,reset_phi,1042,972,0.0671785028790787,0.8125,1832,752,True,False
phi_resettable,1618,1,852,0.5511145833333333,0.7708333333333334,argmax,1112,1022,0.08093525179856115,0.8645833333333334,1832,728,True,False
phi_resettable,1618,1,1008,0.4454708333333333,0.0,argmax,1102,972,0.11796733212341198,0.8125,1832,696,True,False
phi_resettable,1618,1,1188,0.4375,0.0,argmax,1112,942,0.1528776978417266,0.78125,1824,744,True,False
phi_resettable,1618,1,1296,0.46217916666666664,0.0,reset_sqrt2,1152,992,0.1388888888888889,0.8333333333333334,1840,728,True,False
phi_resettable,1618,1,1908,0.36817916666666667,0.875,reset_sqrt2,1052,962,0.08555133079847908,0.8020833333333334,1848,696,True,False
phi_resettable,1618,1,2268,0.4646395833333334,0.0,reset_phi,1152,532,0.5381944444444444,0.3541666666666667,1840,776,True,False
phi_resettable,2718,0,372,0.7177729166666666,0.34375,reset_phi,1062,682,0.3578154425612053,0.5104166666666666,1832,768,True,False
phi_resettable,2718,0,636,0.46978958333333337,0.0,reset_sqrt2,1062,942,0.11299435028248588,0.78125,1848,720,True,False
phi_resettable,2718,0,912,0.709725,0.07291666666666667,continue_phi,622,622,0.0,0.4479166666666667,1848,736,True,False
phi_resettable,2718,0,1440,0.7370749999999999,0.21875,reset_phi,1002,822,0.17964071856287425,0.65625,1840,720,True,False
phi_resettable,2718,0,1776,0.4417708333333333,0.0,argmax,1002,992,0.00998003992015968,0.8333333333333334,1840,728,True,False
phi_resettable,2718,0,1956,0.7554833333333333,0.34375,periodic_lattice,1032,972,0.05813953488372093,0.8125,1872,768,True,False
phi_resettable,2718,0,2088,0.452675,0.0,argmax,1052,992,0.057034220532319393,0.8333333333333334,1824,712,True,False
phi_resettable,2718,0,2208,0.45188958333333334,0.0,argmax,1082,982,0.09242144177449169,0.8229166666666666,1840,736,True,False
phi_resettable,2718,1,156,0.14458125,0.0,continue_phi,192,192,0.0,0.0,1856,736,True,False
phi_resettable,2718,1,732,0.4219854166666666,0.010416666666666666,reset_sqrt2,1072,932,0.13059701492537312,0.7708333333333334,1832,752,True,False
phi_resettable,2718,1,924,0.6682354166666666,0.0,reset_phi,592,552,0.06756756756756757,0.375,1824,720,True,False
phi_resettable,2718,1,1164,0.30918125,0.0,continue_phi,612,612,0.0,0.4375,1864,752,True,False
phi_resettable,2718,1,1320,0.2928395833333333,0.3229166666666667,continue_phi,812,812,0.0,0.6458333333333334,1848,696,True,False
phi_resettable,2718,1,1560,0.4129041666666667,0.0,continue_sqrt2,1022,972,0.04892367906066536,0.8125,1880,744,True,False
phi_resettable,2718,1,2100,0.45363333333333333,0.0,reset_sqrt2,1062,1012,0.047080979284369114,0.8541666666666666,1832,704,True,False
phi_resettable,2718,1,2232,0.43259375000000005,0.0,argmax,1072,982,0.08395522388059702,0.8229166666666666,1824,712,True,False
phi_resettable,3141,0,396,0.7585770833333334,0.08333333333333333,reset_sqrt2,1112,932,0.1618705035971223,0.7708333333333334,1840,768,True,False
phi_resettable,3141,0,900,0.7431166666666668,0.19791666666666666,continue_phi,722,722,0.0,0.5520833333333334,1848,736,True,False
phi_resettable,3141,0,1440,0.7375270833333333,0.20833333333333334,argmax,1062,992,0.06591337099811675,0.8333333333333334,1832,736,True,False
phi_resettable,3141,0,1644,0.4676291666666667,0.0,argmax,1082,962,0.11090573012939002,0.8020833333333334,1840,752,True,False
phi_resettable,3141,0,1812,0.4772479166666667,0.041666666666666664,argmax,1122,972,0.13368983957219252,0.8125,1832,744,True,False
phi_resettable,3141,0,1956,0.7478854166666666,0.3333333333333333,periodic_lattice,1102,972,0.11796733212341198,0.8125,1880,768,True,False
phi_resettable,3141,0,2112,0.45901666666666663,0.0,periodic_lattice,1102,992,0.0998185117967332,0.8333333333333334,1864,760,True,False
phi_resettable,3141,0,2232,0.4606208333333333,0.0,periodic_lattice,1092,972,0.10989010989010989,0.8125,1848,712,True,False
phi_resettable,3141,1,336,0.2802208333333333,0.7083333333333334,argmax,1082,1022,0.05545286506469501,0.8645833333333334,1824,760,True,False
phi_resettable,3141,1,672,0.43850833333333333,0.0,reset_phi,1072,652,0.3917910447761194,0.4791666666666667,1840,768,True,False
phi_resettable,3141,1,1128,0.29769375000000003,0.0,continue_phi,602,602,0.0,0.4270833333333333,1856,728,True,False
phi_resettable,3141,1,1320,0.30775,0.3333333333333333,continue_phi,762,762,0.0,0.59375,1856,752,True,False
phi_resettable,3141,1,1560,0.4530708333333333,0.0,reset_phi,1122,962,0.14260249554367202,0.8020833333333334,1840,736,True,False
phi_resettable,3141,1,1740,0.4394833333333333,0.0,reset_phi,1122,872,0.22281639928698752,0.7083333333333334,1840,744,True,False
phi_resettable,3141,1,1908,0.47855000000000003,0.8333333333333334,periodic_lattice,1082,1042,0.036968576709796676,0.8854166666666666,1880,736,True,False
phi_resettable,3141,1,2124,0.45751458333333334,0.0,reset_phi,1092,862,0.21062271062271062,0.6979166666666666,1832,736,True,False
phi_resettable,4159,0,396,0.7205083333333334,0.19791666666666666,continue_phi,612,612,0.0,0.4375,1848,752,True,False
phi_resettable,4159,0,888,0.7065458333333333,0.375,continue_phi,952,952,0.0,0.7916666666666666,1848,744,True,False
phi_resettable,4159,0,996,0.41572499999999996,0.0,argmax,982,972,0.010183299389002037,0.8125,1832,712,True,False
phi_resettable,4159,0,1104,0.4209833333333333,0.0,continue_phi,932,932,0.0,0.7708333333333334,1856,752,True,False
phi_resettable,4159,0,1224,0.39218333333333333,0.0,continue_phi,962,962,0.0,0.8020833333333334,1864,728,True,False
phi_resettable,4159,0,1332,0.4204125,0.34375,reset_phi,982,842,0.1425661914460285,0.6770833333333334,1832,760,True,False
phi_resettable,4159,0,1440,0.7021666666666667,0.3229166666666667,continue_phi,672,672,0.0,0.5,1872,736,True,False
phi_resettable,4159,0,1956,0.6941354166666667,0.375,continue_phi,872,872,0.0,0.7083333333333334,1848,760,True,False
phi_resettable,4159,1,48,0.1406125,0.0,continue_phi,192,192,0.0,0.0,1848,728,True,False
phi_resettable,4159,1,204,0.14130208333333333,0.0,continue_phi,192,192,0.0,0.0,1832,768,True,False
phi_resettable,4159,1,408,0.7062416666666667,0.07291666666666667,continue_phi,552,552,0.0,0.375,1848,744,True,False
phi_resettable,4159,1,1044,0.39518125,0.0,reset_phi,992,782,0.21169354838709678,0.6145833333333334,1832,720,True,False
phi_resettable,4159,1,1164,0.39667500000000006,0.0,continue_phi,952,952,0.0,0.7916666666666666,1864,696,True,False
phi_resettable,4159,1,1764,0.30502916666666663,0.0,continue_phi,662,662,0.0,0.4895833333333333,1864,736,True,False
phi_resettable,4159,1,1884,0.32902916666666665,0.75,continue_phi,872,872,0.0,0.7083333333333334,1856,720,True,False
phi_resettable,4159,1,2100,0.3706,0.0,continue_phi,772,772,0.0,0.6041666666666666,1856,712,True,False
phi_resettable,5772,0,432,0.7402125,0.0625,reset_sqrt2,1092,922,0.15567765567765568,0.7604166666666666,1848,736,True,False
phi_resettable,5772,0,924,0.7673729166666666,0.125,argmax,1142,962,0.15761821366024517,0.8020833333333334,1824,752,True,False
phi_resettable,5772,0,1152,0.461725,0.0,argmax,1132,952,0.15901060070671377,0.7916666666666666,1840,736,True,False
phi_resettable,5772,0,1356,0.4758645833333333,0.3541666666666667,argmax,1092,962,0.11904761904761904,0.8020833333333334,1832,728,True,False
phi_resettable,5772,0,1476,0.73033125,0.1875,reset_phi,1112,922,0.17086330935251798,0.7604166666666666,1832,760,True,False
phi_resettable,5772,0,1596,0.46855625,0.0,argmax,1072,982,0.08395522388059702,0.8229166666666666,1840,736,True,False
phi_resettable,5772,0,1728,0.4646020833333333,0.0,argmax,1122,962,0.14260249554367202,0.8020833333333334,1832,744,True,False
phi_resettable,5772,0,1992,0.7168875,0.08333333333333333,continue_phi,682,682,0.0,0.5104166666666666,1856,760,True,False
phi_resettable,5772,1,108,0.14579791666666667,0.0,continue_phi,192,192,0.0,0.0,1832,728,True,False
phi_resettable,5772,1,300,0.13932291666666666,0.3958333333333333,continue_phi,552,552,0.0,0.375,1848,720,True,False
phi_resettable,5772,1,516,0.44530625,0.0,reset_sqrt2,1102,962,0.12704174228675136,0.8020833333333334,1848,736,True,False
phi_resettable,5772,1,840,0.44399583333333337,0.9583333333333334,reset_sqrt2,1092,1012,0.07326007326007326,0.8541666666666666,1840,728,True,False
phi_resettable,5772,1,1008,0.45756458333333333,0.0,argmax,1142,962,0.15761821366024517,0.8020833333333334,1832,744,True,False
phi_resettable,5772,1,1428,0.5114500000000001,0.6875,periodic_lattice,1072,962,0.10261194029850747,0.8020833333333334,1888,760,True,False
phi_resettable,5772,1,1992,0.7168875,0.08333333333333333,continue_phi,682,682,0.0,0.5104166666666666,1856,760,True,False
phi_resettable,5772,1,2148,0.261675,0.0,continue_phi,612,612,0.0,0.4375,1856,744,True,False
phi_resettable,6765,0,420,0.76858125,0.041666666666666664,reset_phi,1142,402,0.647985989492119,0.21875,1824,752,True,False
phi_resettable,6765,0,528,0.4684229166666667,0.0,reset_sqrt2,1102,952,0.13611615245009073,0.7916666666666666,1840,720,True,False
phi_resettable,6765,0,732,0.47141666666666665,0.0,reset_sqrt2,1112,922,0.17086330935251798,0.7604166666666666,1848,744,True,False
phi_resettable,6765,0,912,0.7201375,0.17708333333333334,argmax,1122,1002,0.10695187165775401,0.84375,1824,728,True,False
phi_resettable,6765,0,1368,0.4577875,0.625,argmax,1082,982,0.09242144177449169,0.8229166666666666,1832,760,True,False
phi_resettable,6765,0,1476,0.7543770833333333,0.041666666666666664,continue_sqrt2,1092,972,0.10989010989010989,0.8125,1872,720,True,False
phi_resettable,6765,0,1644,0.45875416666666663,0.0,periodic_lattice,1072,962,0.10261194029850747,0.8020833333333334,1872,712,True,False
phi_resettable,6765,0,1980,0.7386624999999999,0.15625,continue_phi,912,912,0.0,0.75,1848,752,True,False
phi_resettable,6765,1,204,0.14571666666666666,0.0,continue_phi,192,192,0.0,0.0,1840,752,True,False
phi_resettable,6765,1,432,0.7229770833333333,0.0,reset_sqrt2,1132,872,0.22968197879858657,0.7083333333333334,1848,736,True,False
phi_resettable,6765,1,672,0.45656041666666664,0.0,reset_sqrt2,1132,942,0.16784452296819788,0.78125,1832,744,True,False
phi_resettable,6765,1,1068,0.4325333333333334,0.0,reset_phi,1042,1012,0.028790786948176585,0.8541666666666666,1824,768,True,False
phi_resettable,6765,1,1308,0.4490083333333333,0.0,argmax,1102,992,0.0998185117967332,0.8333333333333334,1832,720,True,False
phi_resettable,6765,1,1428,0.5812583333333333,0.5416666666666666,reset_phi,1102,972,0.11796733212341198,0.8125,1832,752,True,False
phi_resettable,6765,1,1740,0.44368958333333336,0.0,continue_sqrt2,1082,962,0.11090573012939002,0.8020833333333334,1872,720,True,False
phi_resettable,6765,1,1968,0.7233729166666666,0.28125,continue_phi,922,922,0.0,0.7604166666666666,1856,784,True,False
sqrt2_resettable,1618,0,420,0.7052270833333334,0.0,reset_sqrt2,1042,422,0.5950095969289827,0.23958333333333334,1840,624,True,False
sqrt2_resettable,1618,0,528,0.44093958333333333,0.0,continue_sqrt2,1062,782,0.263653483992467,0.6145833333333334,1856,632,True,False
sqrt2_resettable,1618,0,888,0.7345166666666666,0.3958333333333333,argmax,1012,922,0.08893280632411067,0.7604166666666666,1840,656,True,False
sqrt2_resettable,1618,0,1056,0.43680625,0.0,reset_sqrt2,1012,522,0.4841897233201581,0.34375,1824,648,True,False
sqrt2_resettable,1618,0,1464,0.7417083333333333,0.10416666666666667,continue_sqrt2,1002,662,0.3393213572854291,0.4895833333333333,1872,648,True,False
sqrt2_resettable,1618,0,1620,0.45119166666666666,0.0,reset_sqrt2,972,582,0.4012345679012346,0.40625,1840,560,True,False
sqrt2_resettable,1618,0,1992,0.74309375,0.010416666666666666,reset_phi,1022,1012,0.009784735812133072,0.8541666666666666,1864,648,True,False
sqrt2_resettable,1618,0,2208,0.43555625000000003,0.0,reset_sqrt2,992,592,0.4032258064516129,0.4166666666666667,1832,672,True,False
sqrt2_resettable,1618,1,216,0.35575833333333334,0.0,continue_sqrt2,942,192,0.7961783439490446,0.0,1848,648,True,False
sqrt2_resettable,1618,1,396,0.68796875,0.22916666666666666,reset_sqrt2,1042,522,0.4990403071017274,0.34375,1824,664,True,False
sqrt2_resettable,1618,1,852,0.5558895833333334,0.7708333333333334,argmax,1032,1012,0.01937984496124031,0.8541666666666666,1840,632,True,False
sqrt2_resettable,1618,1,1296,0.41531875,0.0,argmax,1032,912,0.11627906976744186,0.75,1848,592,True,False
sqrt2_resettable,1618,1,1548,0.40691458333333336,0.0,continue_sqrt2,1032,672,0.3488372093023256,0.5,1872,632,True,False
sqrt2_resettable,1618,1,1740,0.4337041666666666,0.0,continue_sqrt2,1032,842,0.18410852713178294,0.6770833333333334,1872,648,True,False
sqrt2_resettable,1618,1,1860,0.4207145833333333,0.4895833333333333,continue_sqrt2,1012,812,0.1976284584980237,0.6458333333333334,1872,632,True,False
sqrt2_resettable,1618,1,2268,0.4226604166666667,0.0,argmax,1012,972,0.039525691699604744,0.8125,1848,568,True,False
sqrt2_resettable,2718,0,396,0.72289375,0.09375,argmax,1022,902,0.11741682974559686,0.7395833333333334,1848,616,True,False
sqrt2_resettable,2718,0,540,0.43662291666666664,0.0,reset_sqrt2,1052,492,0.532319391634981,0.3125,1824,568,True,False
sqrt2_resettable,2718,0,696,0.432625,0.0,reset_phi,1062,862,0.18832391713747645,0.6979166666666666,1848,648,True,False
sqrt2_resettable,2718,0,876,0.75206875,0.4479166666666667,reset_phi,1012,952,0.05928853754940711,0.7916666666666666,1848,656,True,False
sqrt2_resettable,2718,0,1464,0.7273458333333332,0.0,argmax,1032,1002,0.029069767441860465,0.84375,1848,624,True,False
sqrt2_resettable,2718,0,1644,0.4382979166666667,0.0,argmax,972,942,0.030864197530864196,0.78125,1840,600,True,False
sqrt2_resettable,2718,0,1956,0.74111875,0.34375,continue_sqrt2,1012,882,0.12845849802371542,0.71875,1880,672,True,False
sqrt2_resettable,2718,0,2064,0.4480583333333334,0.0,reset_sqrt2,1002,592,0.4091816367265469,0.4166666666666667,1832,624,True,False
sqrt2_resettable,2718,1,492,0.41190208333333334,0.0,reset_phi,1052,932,0.11406844106463879,0.7708333333333334,1856,592,True,False
sqrt2_resettable,2718,1,732,0.42734999999999995,0.010416666666666666,reset_phi,1062,962,0.09416195856873823,0.8020833333333334,1848,680,True,False
sqrt2_resettable,2718,1,924,0.6874333333333333,0.0,argmax,1032,1002,0.029069767441860465,0.84375,1824,632,True,False
sqrt2_resettable,2718,1,1080,0.43032291666666667,0.0,argmax,1032,1022,0.009689922480620155,0.8645833333333334,1832,624,True,False
sqrt2_resettable,2718,1,1296,0.41522708333333336,0.07291666666666667,argmax,1022,1002,0.019569471624266144,0.84375,1848,608,True,False
sqrt2_resettable,2718,1,1428,0.68374375,0.34375,reset_sqrt2,1072,982,0.08395522388059702,0.8229166666666666,1848,664,True,False
sqrt2_resettable,2718,1,1656,0.4388083333333333,0.0,argmax,972,952,0.0205761316872428,0.7916666666666666,1840,600,True,False
sqrt2_resettable,2718,1,2232,0.4301291666666667,0.0,continue_sqrt2,1062,902,0.15065913370998116,0.7395833333333334,1856,592,True,False
sqrt2_resettable,3141,0,384,0.7699354166666666,0.20833333333333334,reset_phi,1052,962,0.08555133079847908,0.8020833333333334,1848,656,True,False
sqrt2_resettable,3141,0,576,0.43660625000000003,0.0,reset_phi,1012,942,0.0691699604743083,0.78125,1848,496,True,False
sqrt2_resettable,3141,0,756,0.44564166666666666,0.2604166666666667,reset_sqrt2,1032,742,0.2810077519379845,0.5729166666666666,1832,696,True,False
sqrt2_resettable,3141,0,912,0.7229708333333335,0.07291666666666667,continue_phi,982,982,0.0,0.8229166666666666,1872,648,True,False
sqrt2_resettable,3141,0,1440,0.7332729166666666,0.20833333333333334,reset_phi,1032,1012,0.01937984496124031,0.8541666666666666,1856,696,True,False
sqrt2_resettable,3141,0,1956,0.7565833333333334,0.3333333333333333,periodic_lattice,1072,1052,0.018656716417910446,0.8958333333333334,1888,664,True,False
sqrt2_resettable,3141,0,2064,0.4506791666666667,0.0,reset_phi,1082,1012,0.06469500924214418,0.8541666666666666,1856,640,True,False
sqrt2_resettable,3141,0,2172,0.44510416666666663,0.0,reset_sqrt2,1042,982,0.05758157389635317,0.8229166666666666,1848,616,True,False
sqrt2_resettable,3141,1,336,0.45816666666666667,0.7083333333333334,reset_sqrt2,1082,742,0.3142329020332717,0.5729166666666666,1816,624,True,False
sqrt2_resettable,3141,1,600,0.42678750000000004,0.0,reset_phi,1022,912,0.10763209393346379,0.75,1856,552,True,False
sqrt2_resettable,3141,1,1128,0.38497291666666666,0.0,argmax,992,932,0.06048387096774194,0.7708333333333334,1840,632,True,False
sqrt2_resettable,3141,1,1320,0.41068333333333334,0.3333333333333333,continue_phi,1002,1002,0.0,0.84375,1880,680,True,False
sqrt2_resettable,3141,1,1524,0.4430145833333334,0.0,reset_sqrt2,962,892,0.07276507276507277,0.7291666666666666,1848,600,True,False
sqrt2_resettable,3141,1,1740,0.42883541666666664,0.0,argmax,1002,942,0.059880239520958084,0.78125,1840,592,True,False
sqrt2_resettable,3141,1,1908,0.4465166666666667,0.8333333333333334,reset_phi,1072,1032,0.03731343283582089,0.875,1864,640,True,False
sqrt2_resettable,3141,1,2040,0.45130000000000003,0.0,reset_phi,1072,982,0.08395522388059702,0.8229166666666666,1848,632,True,False
sqrt2_resettable,4159,0,408,0.7568958333333334,0.07291666666666667,reset_phi,992,912,0.08064516129032258,0.75,1848,624,True,False
sqrt2_resettable,4159,0,588,0.45764999999999995,0.0,argmax,1042,932,0.10556621880998081,0.7708333333333334,1824,616,True,False
sqrt2_resettable,4159,0,924,0.7535916666666668,0.0,argmax,962,952,0.010395010395010396,0.7916666666666666,1840,544,True,False
sqrt2_resettable,4159,0,1248,0.4483479166666667,0.0,argmax,1012,1002,0.009881422924901186,0.84375,1856,576,True,False
sqrt2_resettable,4159,0,1464,0.7685895833333333,0.07291666666666667,continue_phi,1012,1012,0.0,0.8541666666666666,1864,656,True,False
sqrt2_resettable,4159,0,1692,0.43671666666666664,0.0,reset_sqrt2,982,922,0.06109979633401222,0.7604166666666666,1824,648,True,False
sqrt2_resettable,4159,0,1980,0.7429895833333333,0.125,reset_sqrt2,1032,902,0.12596899224806202,0.7395833333333334,1824,664,True,False
sqrt2_resettable,4159,0,2196,0.45181458333333335,0.0,argmax,1072,942,0.12126865671641791,0.78125,1848,624,True,False
sqrt2_resettable,4159,1,48,0.3772,0.0,continue_sqrt2,872,192,0.7798165137614679,0.0,1840,608,True,False
sqrt2_resettable,4159,1,180,0.37550625,0.0,continue_sqrt2,942,192,0.7961783439490446,0.0,1864,648,True,False
sqrt2_resettable,4159,1,408,0.7568958333333334,0.07291666666666667,reset_phi,992,912,0.08064516129032258,0.75,1848,624,True,False
sqrt2_resettable,4159,1,1044,0.4074520833333333,0.0,argmax,1022,922,0.09784735812133072,0.7604166666666666,1840,608,True,False
sqrt2_resettable,4159,1,1164,0.41100416666666667,0.0,reset_phi,1052,1002,0.04752851711026616,0.84375,1848,624,True,False
sqrt2_resettable,4159,1,1404,0.47628333333333334,0.6979166666666666,reset_sqrt2,1062,992,0.06591337099811675,0.8333333333333334,1816,640,True,False
sqrt2_resettable,4159,1,1764,0.41040625000000003,0.0,reset_sqrt2,1002,882,0.11976047904191617,0.71875,1832,600,True,False
sqrt2_resettable,4159,1,2136,0.42756875,0.0,argmax,1062,912,0.14124293785310735,0.75,1848,640,True,False
sqrt2_resettable,5772,0,408,0.7547270833333334,0.3125,reset_phi,1012,972,0.039525691699604744,0.8125,1848,680,True,False
sqrt2_resettable,5772,0,660,0.4441520833333333,0.0,reset_sqrt2,1032,762,0.2616279069767442,0.59375,1824,624,True,False
sqrt2_resettable,5772,0,768,0.44852291666666666,0.20833333333333334,reset_sqrt2,1032,952,0.07751937984496124,0.7916666666666666,1824,696,True,False
sqrt2_resettable,5772,0,900,0.7158083333333334,0.375,argmax,1002,932,0.06986027944111776,0.7708333333333334,1848,632,True,False
sqrt2_resettable,5772,0,1116,0.43511458333333336,0.0,argmax,1002,972,0.029940119760479042,0.8125,1848,664,True,False
sqrt2_resettable,5772,0,1464,0.7383333333333333,0.3125,argmax,1012,942,0.0691699604743083,0.78125,1848,656,True,False
sqrt2_resettable,5772,0,1968,0.7398979166666667,0.3333333333333333,reset_phi,1032,992,0.03875968992248062,0.8333333333333334,1856,680,True,False
sqrt2_resettable,5772,0,2268,0.4439416666666667,0.0,reset_sqrt2,992,842,0.15120967741935484,0.6770833333333334,1840,576,True,False
sqrt2_resettable,5772,1,108,0.37041875,0.0,continue_sqrt2,912,192,0.7894736842105263,0.0,1864,616,True,False
sqrt2_resettable,5772,1,216,0.3929604166666667,0.0,continue_sqrt2,952,192,0.7983193277310925,0.0,1840,672,True,False
sqrt2_resettable,5772,1,516,0.4086854166666667,0.0,reset_phi,1022,972,0.04892367906066536,0.8125,1856,664,True,False
sqrt2_resettable,5772,1,936,0.7047479166666667,0.0,argmax,1002,942,0.059880239520958084,0.78125,1832,584,True,False
sqrt2_resettable,5772,1,1512,0.6097020833333333,0.0,reset_sqrt2,1042,612,0.4126679462571977,0.4375,1832,632,True,False
sqrt2_resettable,5772,1,1884,0.4151,0.6666666666666666,reset_sqrt2,1082,892,0.1756007393715342,0.7291666666666666,1840,632,True,False
sqrt2_resettable,5772,1,2088,0.4260333333333333,0.0,argmax,1032,992,0.03875968992248062,0.8333333333333334,1848,656,True,False
sqrt2_resettable,5772,1,2244,0.43418958333333335,0.0,reset_sqrt2,1022,592,0.4207436399217221,0.4166666666666667,1840,616,True,False
sqrt2_resettable,6765,0,396,0.7485354166666666,0.2916666666666667,reset_phi,1052,932,0.11406844106463879,0.7708333333333334,1856,552,True,False
sqrt2_resettable,6765,0,504,0.4550625,0.0,reset_phi,972,922,0.051440329218107,0.7604166666666666,1848,624,True,False
sqrt2_resettable,6765,0,924,0.7355312500000001,0.052083333333333336,reset_sqrt2,1022,802,0.21526418786692758,0.6354166666666666,1840,656,True,False
sqrt2_resettable,6765,0,1464,0.75103125,0.16666666666666666,reset_sqrt2,972,832,0.1440329218106996,0.6666666666666666,1840,648,True,False
sqrt2_resettable,6765,0,1620,0.43936250000000004,0.0,periodic_lattice,1012,982,0.029644268774703556,0.8229166666666666,1896,648,True,False
sqrt2_resettable,6765,0,1872,0.44505,0.59375,reset_sqrt2,1072,892,0.16791044776119404,0.7291666666666666,1832,656,True,False
sqrt2_resettable,6765,0,1980,0.7543812499999999,0.15625,periodic_lattice,1062,1012,0.047080979284369114,0.8541666666666666,1888,656,True,False
sqrt2_resettable,6765,0,2244,0.44682916666666667,0.0,reset_sqrt2,1032,762,0.2616279069767442,0.59375,1832,640,True,False
sqrt2_resettable,6765,1,204,0.39148541666666664,0.0,continue_sqrt2,922,192,0.7917570498915402,0.0,1864,712,True,False
sqrt2_resettable,6765,1,432,0.6810270833333334,0.0,reset_phi,1072,952,0.11194029850746269,0.7916666666666666,1848,600,True,False
sqrt2_resettable,6765,1,660,0.4286729166666667,0.0,reset_sqrt2,1032,752,0.2713178294573643,0.5833333333333334,1832,624,True,False
sqrt2_resettable,6765,1,1068,0.41720208333333336,0.0,argmax,1022,912,0.10763209393346379,0.75,1832,600,True,False
sqrt2_resettable,6765,1,1308,0.42820416666666666,0.0,periodic_lattice,1032,962,0.06782945736434108,0.8020833333333334,1904,656,True,False
sqrt2_resettable,6765,1,1428,0.5937375,0.5416666666666666,reset_sqrt2,1002,782,0.21956087824351297,0.6145833333333334,1832,632,True,False
sqrt2_resettable,6765,1,1740,0.43444791666666666,0.0,argmax,992,912,0.08064516129032258,0.75,1840,616,True,False
sqrt2_resettable,6765,1,1968,0.74666875,0.28125,periodic_lattice,1052,992,0.057034220532319393,0.8333333333333334,1888,656,True,False
argmax,1618,0,408,0.7089645833333332,0.10416666666666667,argmax,1002,622,0.37924151696606784,0.4479166666666667,1752,512,True,False
argmax,1618,0,516,0.43728541666666665,0.0,argmax,1012,572,0.43478260869565216,0.3958333333333333,1760,416,True,False
argmax,1618,0,696,0.4314604166666667,0.0,argmax,972,562,0.4218106995884774,0.3854166666666667,1760,464,True,False
argmax,1618,0,888,0.7419416666666666,0.3958333333333333,argmax,1042,742,0.28790786948176583,0.5729166666666666,1760,496,True,False
argmax,1618,0,1068,0.44228958333333335,0.0,argmax,1002,592,0.4091816367265469,0.4166666666666667,1768,416,True,False
argmax,1618,0,1464,0.7309104166666667,0.10416666666666667,argmax,1052,632,0.39923954372623577,0.4583333333333333,1760,456,True,False
argmax,1618,0,1632,0.44456875,0.0,argmax,992,612,0.38306451612903225,0.4375,1768,448,True,False
argmax,1618,0,1956,0.7303291666666666,0.3854166666666667,argmax,992,822,0.17137096774193547,0.65625,1760,496,True,False
argmax,1618,1,216,0.35241875,0.0,argmax,782,192,0.7544757033248082,0.0,1752,488,True,False
argmax,1618,1,396,0.6978895833333333,0.22916666666666666,argmax,1002,692,0.3093812375249501,0.5208333333333334,1760,512,True,False
argmax,1618,1,852,0.5390229166666667,0.7708333333333334,argmax,1032,882,0.14534883720930233,0.71875,1760,456,True,False
argmax,1618,1,1104,0.43099791666666665,0.0,argmax,992,602,0.39314516129032256,0.4270833333333333,1760,408,True,False
argmax,1618,1,1296,0.42153749999999995,0.0,argmax,1022,602,0.410958904109589,0.4270833333333333,1752,504,True,False
argmax,1618,1,1740,0.40577083333333336,0.0,argmax,972,632,0.3497942386831276,0.4583333333333333,1768,488,True,False
argmax,1618,1,1860,0.4241395833333333,0.4895833333333333,argmax,1032,752,0.2713178294573643,0.5833333333333334,1760,432,True,False
argmax,1618,1,2268,0.42301666666666665,0.0,argmax,1042,632,0.3934740882917466,0.4583333333333333,1736,416,True,False
argmax,2718,0,396,0.7218,0.09375,argmax,1012,612,0.3952569169960474,0.4375,1760,504,True,False
argmax,2718,0,876,0.7303812500000001,0.4479166666666667,argmax,1032,852,0.1744186046511628,0.6875,1752,416,True,False
argmax,2718,0,1152,0.42952083333333335,0.0,argmax,1002,562,0.43912175648702595,0.3854166666666667,1760,432,True,False
argmax,2718,0,1440,0.73174375,0.21875,argmax,1032,732,0.29069767441860467,0.5625,1768,496,True,False
argmax,2718,0,1692,0.4426791666666667,0.0,argmax,992,602,0.39314516129032256,0.4270833333333333,1768,416,True,False
argmax,2718,0,1860,0.4371416666666667,0.53125,argmax,992,842,0.15120967741935484,0.6770833333333334,1768,512,True,False
argmax,2718,0,1968,0.70663125,0.21875,argmax,982,712,0.27494908350305497,0.5416666666666666,1760,496,True,False
argmax,2718,0,2268,0.4507604166666667,0.0,argmax,962,592,0.38461538461538464,0.4166666666666667,1768,440,True,False
argmax,2718,1,156,0.36499791666666664,0.0,argmax,792,192,0.7575757575757576,0.0,1752,440,True,False
argmax,2718,1,396,0.7218,0.09375,argmax,1012,612,0.3952569169960474,0.4375,1760,504,True,False
argmax,2718,1,672,0.41961458333333335,0.0,argmax,982,572,0.4175152749490835,0.3958333333333333,1752,424,True,False
argmax,2718,1,1080,0.4230291666666666,0.0,argmax,1022,602,0.410958904109589,0.4270833333333333,1760,472,True,False
argmax,2718,1,1320,0.40482708333333334,0.3229166666666667,argmax,992,732,0.2620967741935484,0.5625,1768,472,True,False
argmax,2718,1,1428,0.6962625,0.34375,argmax,1032,772,0.25193798449612403,0.6041666666666666,1768,440,True,False
argmax,2718,1,1560,0.42608958333333335,0.0,argmax,1002,632,0.36926147704590817,0.4583333333333333,1760,448,True,False
argmax,2718,1,2100,0.41008958333333334,0.0,argmax,1012,612,0.3952569169960474,0.4375,1752,432,True,False
argmax,3141,0,396,0.7654395833333334,0.08333333333333333,argmax,1022,632,0.3816046966731898,0.4583333333333333,1760,480,True,False
argmax,3141,0,588,0.4358708333333334,0.0,argmax,982,552,0.4378818737270876,0.375,1760,464,True,False
argmax,3141,0,756,0.43155000000000004,0.2604166666666667,argmax,982,692,0.2953156822810591,0.5208333333333334,1760,456,True,False
argmax,3141,0,912,0.7587520833333333,0.07291666666666667,argmax,1022,582,0.43052837573385516,0.40625,1760,504,True,False
argmax,3141,0,1452,0.7421645833333333,0.08333333333333333,argmax,1012,702,0.30632411067193677,0.53125,1768,480,True,False
argmax,3141,0,1740,0.4375875,0.0,argmax,1022,592,0.4207436399217221,0.4166666666666667,1768,456,True,False
argmax,3141,0,1968,0.7577104166666667,0.20833333333333334,argmax,1042,762,0.2687140115163148,0.59375,1760,504,True,False
argmax,3141,0,2172,0.4243104166666667,0.0,argmax,982,602,0.3869653767820774,0.4270833333333333,1768,432,True,False
argmax,3141,1,336,0.46151875,0.7083333333333334,argmax,1082,952,0.12014787430683918,0.7916666666666666,1760,464,True,False
argmax,3141,1,672,0.4246208333333333,0.0,argmax,1032,562,0.45542635658914726,0.3854166666666667,1760,432,True,False
argmax,3141,1,1128,0.40302083333333333,0.0,argmax,1012,582,0.424901185770751,0.40625,1760,416,True,False
argmax,3141,1,1320,0.4046479166666667,0.3333333333333333,argmax,1022,742,0.273972602739726,0.5729166666666666,1768,472,True,False
argmax,3141,1,1560,0.39613125,0.0,argmax,1012,572,0.43478260869565216,0.3958333333333333,1752,416,True,False
argmax,3141,1,1740,0.4375875,0.0,argmax,1022,592,0.4207436399217221,0.4166666666666667,1768,456,True,False
argmax,3141,1,1908,0.45386041666666666,0.8333333333333334,reset_phi,1092,1012,0.07326007326007326,0.8541666666666666,1816,456,True,False
argmax,3141,1,2040,0.4348020833333333,0.0,argmax,962,592,0.38461538461538464,0.4166666666666667,1760,376,True,False
argmax,4159,0,396,0.7477791666666667,0.19791666666666666,argmax,1012,662,0.3458498023715415,0.4895833333333333,1752,496,True,False
argmax,4159,0,588,0.4442916666666667,0.0,argmax,992,572,0.42338709677419356,0.3958333333333333,1760,472,True,False
argmax,4159,0,912,0.7236375,0.125,argmax,1022,622,0.3913894324853229,0.4479166666666667,1744,496,True,False
argmax,4159,0,1212,0.4503770833333333,0.0,argmax,972,612,0.37037037037037035,0.4375,1768,432,True,False
argmax,4159,0,1452,0.7517895833333333,0.19791666666666666,argmax,1012,692,0.31620553359683795,0.5208333333333334,1768,480,True,False
argmax,4159,0,1644,0.44350625,0.0,argmax,972,642,0.3395061728395062,0.46875,1760,488,True,False
argmax,4159,0,1968,0.7375854166666667,0.25,argmax,1042,762,0.2687140115163148,0.59375,1752,512,True,False
argmax,4159,0,2076,0.4449854166666667,0.0,argmax,992,662,0.3326612903225806,0.4895833333333333,1752,408,True,False
argmax,4159,1,48,0.3449083333333333,0.0,argmax,832,192,0.7692307692307693,0.0,1744,408,True,False
argmax,4159,1,204,0.36794583333333336,0.0,argmax,852,192,0.7746478873239436,0.0,1744,456,True,False
argmax,4159,1,408,0.7407895833333332,0.07291666666666667,argmax,992,602,0.39314516129032256,0.4270833333333333,1760,504,True,False
argmax,4159,1,1044,0.4356229166666667,0.0,argmax,992,602,0.39314516129032256,0.4270833333333333,1768,416,True,False
argmax,4159,1,1164,0.402725,0.0,argmax,1002,562,0.43912175648702595,0.3854166666666667,1760,376,True,False
argmax,4159,1,1404,0.4821020833333333,0.6979166666666666,argmax,1052,952,0.09505703422053231,0.7916666666666666,1760,456,True,False
argmax,4159,1,1740,0.4020333333333333,0.0,argmax,1012,602,0.4051383399209486,0.4270833333333333,1760,416,True,False
argmax,4159,1,2136,0.41996458333333336,0.0,argmax,1032,652,0.3682170542635659,0.4791666666666667,1760,416,True,False
argmax,5772,0,432,0.7177166666666667,0.0625,argmax,1042,612,0.4126679462571977,0.4375,1744,504,True,False
argmax,5772,0,888,0.7231208333333333,0.5,argmax,1022,712,0.30332681017612523,0.5416666666666666,1752,424,True,False
argmax,5772,0,1008,0.44013541666666667,0.0,argmax,1002,582,0.41916167664670656,0.40625,1760,424,True,False
argmax,5772,0,1116,0.43477083333333333,0.0,argmax,982,612,0.37678207739307534,0.4375,1760,416,True,False
argmax,5772,0,1488,0.74838125,0.0625,argmax,1002,652,0.34930139720558884,0.4791666666666667,1760,480,True,False
argmax,5772,0,1596,0.43877083333333333,0.0,argmax,982,552,0.4378818737270876,0.375,1760,416,True,False
argmax,5772,0,1716,0.43826041666666665,0.0,argmax,972,612,0.37037037037037035,0.4375,1776,456,True,False
argmax,5772,0,1968,0.7571708333333333,0.3333333333333333,argmax,1032,872,0.15503875968992248,0.7083333333333334,1760,488,True,False
argmax,5772,1,108,0.3610125,0.0,argmax,822,192,0.7664233576642335,0.0,1760,432,True,False
argmax,5772,1,216,0.35078125,0.0,argmax,872,192,0.7798165137614679,0.0,1752,472,True,False
argmax,5772,1,516,0.40042916666666667,0.0,argmax,1042,562,0.46065259117082535,0.3854166666666667,1744,432,True,False
argmax,5772,1,840,0.44049374999999996,0.9583333333333334,argmax,1022,962,0.05870841487279843,0.8020833333333334,1752,424,True,False
argmax,5772,1,1032,0.4268541666666667,0.0,argmax,1002,562,0.43912175648702595,0.3854166666666667,1760,424,True,False
argmax,5772,1,1512,0.6242916666666667,0.0,argmax,1022,632,0.3816046966731898,0.4583333333333333,1752,480,True,False
argmax,5772,1,1992,0.7387812500000001,0.08333333333333333,argmax,1012,712,0.2964426877470356,0.5416666666666666,1752,472,True,False
argmax,5772,1,2148,0.41303333333333336,0.0,argmax,1002,692,0.3093812375249501,0.5208333333333334,1760,416,True,False
argmax,6765,0,420,0.7377458333333333,0.041666666666666664,argmax,1002,602,0.3992015968063872,0.4270833333333333,1752,480,True,False
argmax,6765,0,564,0.43638125,0.0,argmax,962,552,0.4261954261954262,0.375,1752,408,True,False
argmax,6765,0,720,0.4316041666666666,0.0,argmax,1032,552,0.46511627906976744,0.375,1768,440,True,False
argmax,6765,0,924,0.7326708333333333,0.052083333333333336,argmax,1052,612,0.41825095057034223,0.4375,1760,456,True,False
argmax,6765,0,1464,0.7334208333333333,0.16666666666666666,argmax,1012,662,0.3458498023715415,0.4895833333333333,1752,440,True,False
argmax,6765,0,1968,0.73840625,0.28125,argmax,1002,752,0.249500998003992,0.5833333333333334,1752,512,True,False
argmax,6765,0,2148,0.43108125,0.0,argmax,1012,692,0.31620553359683795,0.5208333333333334,1760,432,True,False
argmax,6765,0,2268,0.4425729166666667,0.0,argmax,992,582,0.41330645161290325,0.40625,1760,448,True,False
argmax,6765,1,204,0.35565,0.0,argmax,832,192,0.7692307692307693,0.0,1744,504,True,False
argmax,6765,1,432,0.6826208333333333,0.0,argmax,1012,582,0.424901185770751,0.40625,1752,464,True,False
argmax,6765,1,660,0.38954791666666666,0.0,argmax,1022,572,0.44031311154598823,0.3958333333333333,1752,448,True,False
argmax,6765,1,1068,0.40530208333333334,0.0,argmax,1022,612,0.40117416829745595,0.4375,1760,456,True,False
argmax,6765,1,1308,0.41193125,0.0,argmax,1032,612,0.4069767441860465,0.4375,1760,456,True,False
argmax,6765,1,1500,0.5998687500000001,0.0,argmax,1002,642,0.3592814371257485,0.46875,1768,424,True,False
argmax,6765,1,1740,0.41082916666666663,0.0,argmax,982,642,0.34623217922606925,0.46875,1760,480,True,False
argmax,6765,1,1968,0.73840625,0.28125,argmax,1002,752,0.249500998003992,0.5833333333333334,1752,512,True,False
human_jitter,1618,0,384,0.69801875,0.3541666666666667,argmax,992,752,0.24193548387096775,0.5833333333333334,1800,616,True,False
human_jitter,1618,0,516,0.4538,0.0,argmax,1012,612,0.3952569169960474,0.4375,1824,648,True,False
human_jitter,1618,0,900,0.7289666666666667,0.2708333333333333,argmax,1022,712,0.30332681017612523,0.5416666666666666,1816,624,True,False
human_jitter,1618,0,1080,0.45398125,0.0,argmax,992,662,0.3326612903225806,0.4895833333333333,1824,600,True,False
human_jitter,1618,0,1272,0.4361520833333334,0.0,argmax,982,612,0.37678207739307534,0.4375,1832,616,True,False
human_jitter,1618,0,1464,0.6915333333333332,0.10416666666666667,argmax,1052,632,0.39923954372623577,0.4583333333333333,1832,560,True,False
human_jitter,1618,0,1812,0.43248749999999997,0.0,argmax,1002,642,0.3592814371257485,0.46875,1832,592,True,False
human_jitter,1618,0,1992,0.7239874999999999,0.010416666666666666,argmax,952,702,0.26260504201680673,0.53125,1832,592,True,False
human_jitter,1618,1,204,0.3484125,0.0,argmax,802,272,0.6608478802992519,0.08333333333333333,1800,592,True,False
human_jitter,1618,1,396,0.6874416666666666,0.22916666666666666,argmax,1032,722,0.3003875968992248,0.5520833333333334,1816,592,True,False
human_jitter,1618,1,852,0.5238645833333333,0.7708333333333334,argmax,1022,872,0.14677103718199608,0.7083333333333334,1824,696,True,False
human_jitter,1618,1,1008,0.4181791666666667,0.0,argmax,1062,642,0.3954802259887006,0.46875,1824,592,True,False
human_jitter,1618,1,1188,0.40722083333333337,0.0,argmax,1022,622,0.3913894324853229,0.4479166666666667,1832,624,True,False
human_jitter,1618,1,1296,0.42721666666666663,0.0,argmax,992,642,0.3528225806451613,0.46875,1832,632,True,False
human_jitter,1618,1,1860,0.42002083333333334,0.4895833333333333,argmax,972,722,0.257201646090535,0.5520833333333334,1824,608,True,False
human_jitter,1618,1,2268,0.41745000000000004,0.0,argmax,1012,612,0.3952569169960474,0.4375,1824,616,True,False
human_jitter,2718,0,396,0.6740770833333333,0.09375,argmax,1032,632,0.3875968992248062,0.4583333333333333,1832,608,True,False
human_jitter,2718,0,672,0.43810625,0.0,argmax,992,622,0.37298387096774194,0.4479166666666667,1824,616,True,False
human_jitter,2718,0,900,0.7336291666666667,0.19791666666666666,argmax,982,672,0.31568228105906315,0.5,1792,648,True,False
human_jitter,2718,0,1440,0.7079916666666667,0.21875,argmax,1002,712,0.2894211576846307,0.5416666666666666,1816,640,True,False
human_jitter,2718,0,1692,0.44154166666666667,0.0,argmax,992,662,0.3326612903225806,0.4895833333333333,1824,640,True,False
human_jitter,2718,0,1848,0.4395,0.40625,argmax,942,712,0.24416135881104034,0.5416666666666666,1832,688,True,False
human_jitter,2718,0,1956,0.6825229166666666,0.34375,argmax,962,702,0.2702702702702703,0.53125,1832,656,True,False
human_jitter,2718,0,2268,0.43256875,0.0,argmax,972,572,0.411522633744856,0.3958333333333333,1840,640,True,False
human_jitter,2718,1,156,0.36448125000000003,0.0,argmax,822,242,0.7055961070559611,0.052083333333333336,1808,560,True,False
human_jitter,2718,1,396,0.6740770833333333,0.09375,argmax,1032,632,0.3875968992248062,0.4583333333333333,1832,608,True,False
human_jitter,2718,1,732,0.4190729166666667,0.010416666666666666,argmax,1002,672,0.32934131736526945,0.5,1816,672,True,False
human_jitter,2718,1,864,0.6861166666666666,0.5729166666666666,argmax,982,842,0.1425661914460285,0.6770833333333334,1816,680,True,False
human_jitter,2718,1,1080,0.42472291666666667,0.0,argmax,1012,602,0.4051383399209486,0.4270833333333333,1832,608,True,False
human_jitter,2718,1,1296,0.4194833333333334,0.07291666666666667,argmax,972,672,0.30864197530864196,0.5,1824,592,True,False
human_jitter,2718,1,1656,0.4064083333333333,0.0,argmax,1022,642,0.37181996086105673,0.46875,1832,576,True,False
human_jitter,2718,1,2100,0.4161958333333333,0.0,argmax,992,662,0.3326612903225806,0.4895833333333333,1840,584,True,False
human_jitter,3141,0,396,0.7461229166666667,0.08333333333333333,argmax,972,602,0.38065843621399176,0.4270833333333333,1832,624,True,False
human_jitter,3141,0,588,0.4399458333333333,0.0,argmax,992,592,0.4032258064516129,0.4166666666666667,1816,568,True,False
human_jitter,3141,0,912,0.7294416666666667,0.07291666666666667,argmax,982,592,0.3971486761710794,0.4166666666666667,1832,672,True,False
human_jitter,3141,0,1440,0.7397208333333333,0.20833333333333334,argmax,1032,812,0.2131782945736434,0.6458333333333334,1816,640,True,False
human_jitter,3141,0,1644,0.4420895833333333,0.0,argmax,982,642,0.34623217922606925,0.46875,1808,616,True,False
human_jitter,3141,0,1848,0.44360625,0.4166666666666667,argmax,1022,752,0.26418786692759294,0.5833333333333334,1824,640,True,False
human_jitter,3141,0,1956,0.7660583333333334,0.3333333333333333,argmax,1012,802,0.2075098814229249,0.6354166666666666,1832,664,True,False
human_jitter,3141,0,2172,0.42935625000000005,0.0,argmax,1002,662,0.3393213572854291,0.4895833333333333,1840,568,True,False
human_jitter,3141,1,336,0.4596604166666667,0.7083333333333334,argmax,1042,902,0.1343570057581574,0.7395833333333334,1808,696,True,False
human_jitter,3141,1,672,0.4075625,0.0,argmax,992,572,0.42338709677419356,0.3958333333333333,1832,640,True,False
human_jitter,3141,1,1128,0.42428333333333335,0.0,argmax,1012,642,0.36561264822134387,0.46875,1824,576,True,False
human_jitter,3141,1,1320,0.42131041666666663,0.3333333333333333,argmax,1022,752,0.26418786692759294,0.5833333333333334,1832,664,True,False
human_jitter,3141,1,1560,0.4069729166666667,0.0,argmax,982,572,0.4175152749490835,0.3958333333333333,1824,536,True,False
human_jitter,3141,1,1740,0.40872083333333337,0.0,argmax,1012,602,0.4051383399209486,0.4270833333333333,1824,600,True,False
human_jitter,3141,1,1908,0.4394520833333333,0.8333333333333334,argmax,1072,972,0.09328358208955224,0.8125,1832,672,True,False
human_jitter,3141,1,2124,0.41123333333333334,0.0,argmax,1022,702,0.3131115459882583,0.53125,1832,608,True,False
human_jitter,4159,0,396,0.71746875,0.19791666666666666,argmax,1022,712,0.30332681017612523,0.5416666666666666,1824,624,True,False
human_jitter,4159,0,552,0.43460000000000004,0.0,argmax,1012,612,0.3952569169960474,0.4375,1816,592,True,False
human_jitter,4159,0,708,0.4287145833333333,0.0,argmax,982,542,0.4480651731160896,0.3645833333333333,1824,576,True,False
human_jitter,4159,0,888,0.7150583333333334,0.375,argmax,982,742,0.24439918533604887,0.5729166666666666,1824,672,True,False
human_jitter,4159,0,1032,0.43978333333333336,0.0,argmax,972,622,0.360082304526749,0.4479166666666667,1824,616,True,False
human_jitter,4159,0,1452,0.7292645833333333,0.19791666666666666,argmax,962,662,0.31185031185031187,0.4895833333333333,1832,608,True,False
human_jitter,4159,0,1632,0.46131041666666667,0.0,argmax,972,682,0.29835390946502055,0.5104166666666666,1832,600,True,False
human_jitter,4159,0,1980,0.743475,0.125,argmax,1032,762,0.2616279069767442,0.59375,1824,688,True,False
human_jitter,4159,1,48,0.34358125,0.0,argmax,842,292,0.6532066508313539,0.10416666666666667,1816,616,True,False
human_jitter,4159,1,180,0.375825,0.0,argmax,852,252,0.704225352112676,0.0625,1824,552,True,False
human_jitter,4159,1,408,0.7165458333333333,0.07291666666666667,argmax,1002,652,0.34930139720558884,0.4791666666666667,1824,608,True,False
human_jitter,4159,1,1044,0.41820624999999995,0.0,argmax,992,642,0.3528225806451613,0.46875,1832,608,True,False
human_jitter,4159,1,1164,0.4115333333333333,0.0,argmax,972,542,0.44238683127572015,0.3645833333333333,1840,528,True,False
human_jitter,4159,1,1404,0.47153333333333336,0.6979166666666666,argmax,1012,892,0.11857707509881422,0.7291666666666666,1816,664,True,False
human_jitter,4159,1,1764,0.4109666666666667,0.0,argmax,1012,652,0.3557312252964427,0.4791666666666667,1808,616,True,False
human_jitter,4159,1,2136,0.39443125,0.0,argmax,1002,692,0.3093812375249501,0.5208333333333334,1824,584,True,False
human_jitter,5772,0,432,0.7014479166666666,0.0625,argmax,1052,642,0.3897338403041825,0.46875,1816,624,True,False
human_jitter,5772,0,564,0.44111458333333337,0.0,argmax,1002,592,0.4091816367265469,0.4166666666666667,1824,576,True,False
human_jitter,5772,0,900,0.72296875,0.375,argmax,1032,742,0.2810077519379845,0.5729166666666666,1824,648,True,False
human_jitter,5772,0,1008,0.4399916666666666,0.0,argmax,1012,602,0.4051383399209486,0.4270833333333333,1816,632,True,False
human_jitter,5772,0,1488,0.7419791666666667,0.0625,argmax,1012,682,0.32608695652173914,0.5104166666666666,1816,600,True,False
human_jitter,5772,0,1596,0.4406625,0.0,argmax,962,562,0.4158004158004158,0.3854166666666667,1832,536,True,False
human_jitter,5772,0,1716,0.4484791666666667,0.0,argmax,972,602,0.38065843621399176,0.4270833333333333,1824,616,True,False
human_jitter,5772,0,1980,0.72251875,0.20833333333333334,argmax,982,782,0.20366598778004075,0.6145833333333334,1824,680,True,False
human_jitter,5772,1,108,0.3752104166666667,0.0,argmax,842,302,0.6413301662707839,0.11458333333333333,1824,600,True,False
human_jitter,5772,1,264,0.38709791666666665,0.020833333333333332,argmax,852,262,0.6924882629107981,0.07291666666666667,1824,544,True,False
human_jitter,5772,1,516,0.40865,0.0,argmax,1022,572,0.44031311154598823,0.3958333333333333,1824,552,True,False
human_jitter,5772,1,840,0.45437083333333333,0.9583333333333334,argmax,1032,932,0.09689922480620156,0.7708333333333334,1824,680,True,False
human_jitter,5772,1,1032,0.4322875,0.0,argmax,1022,612,0.40117416829745595,0.4375,1808,640,True,False
human_jitter,5772,1,1512,0.6135020833333333,0.0,argmax,1022,672,0.3424657534246575,0.5,1840,608,True,False
human_jitter,5772,1,1884,0.40232291666666664,0.6666666666666666,argmax,1012,912,0.09881422924901186,0.75,1824,704,True,False
human_jitter,5772,1,2088,0.39503333333333335,0.0,argmax,962,662,0.31185031185031187,0.4895833333333333,1816,544,True,False
human_jitter,6765,0,420,0.7269145833333334,0.041666666666666664,argmax,982,612,0.37678207739307534,0.4375,1816,640,True,False
human_jitter,6765,0,720,0.4303854166666667,0.0,argmax,982,552,0.4378818737270876,0.375,1824,592,True,False
human_jitter,6765,0,912,0.74455625,0.17708333333333334,argmax,1032,642,0.37790697674418605,0.46875,1824,576,True,False
human_jitter,6765,0,1464,0.7352645833333332,0.16666666666666666,argmax,982,662,0.3258655804480652,0.4895833333333333,1816,648,True,False
human_jitter,6765,0,1596,0.4454520833333333,0.0,argmax,962,572,0.40540540540540543,0.3958333333333333,1824,568,True,False
human_jitter,6765,0,1884,0.44544791666666667,0.71875,argmax,962,872,0.09355509355509356,0.7083333333333334,1824,728,True,False
human_jitter,6765,0,1992,0.7046562500000001,0.03125,argmax,992,712,0.28225806451612906,0.5416666666666666,1824,576,True,False
human_jitter,6765,0,2268,0.43261875,0.0,argmax,992,592,0.4032258064516129,0.4166666666666667,1824,560,True,False
human_jitter,6765,1,204,0.36255624999999997,0.0,argmax,822,242,0.7055961070559611,0.052083333333333336,1808,584,True,False
human_jitter,6765,1,432,0.6817895833333334,0.0,argmax,992,622,0.37298387096774194,0.4479166666666667,1816,624,True,False
human_jitter,6765,1,696,0.4234770833333333,0.0,argmax,972,572,0.411522633744856,0.3958333333333333,1816,616,True,False
human_jitter,6765,1,1068,0.4133229166666667,0.0,argmax,1022,622,0.3913894324853229,0.4479166666666667,1824,600,True,False
human_jitter,6765,1,1308,0.38770625,0.0,argmax,1012,622,0.38537549407114624,0.4479166666666667,1832,616,True,False
human_jitter,6765,1,1500,0.5898604166666667,0.0,argmax,1002,682,0.3193612774451098,0.5104166666666666,1824,608,True,False
human_jitter,6765,1,1740,0.40735000000000005,0.0,argmax,972,642,0.3395061728395062,0.46875,1832,648,True,False
human_jitter,6765,1,1968,0.7118270833333332,0.28125,argmax,982,742,0.24439918533604887,0.5729166666666666,1840,592,True,False
prng,1618,0,252,0.41623541666666664,0.10416666666666667,argmax,902,772,0.14412416851441243,0.6041666666666666,1784,760,True,False
prng,1618,0,384,0.6573583333333334,0.3541666666666667,argmax,872,822,0.05733944954128441,0.65625,1776,752,True,False
prng,1618,0,576,0.41688125000000004,0.0,argmax,912,742,0.18640350877192982,0.5729166666666666,1784,768,True,False
prng,1618,0,912,0.7090958333333334,0.14583333333333334,argmax,982,872,0.1120162932790224,0.7083333333333334,1784,768,True,False
prng,1618,0,1452,0.7337250000000001,0.22916666666666666,argmax,872,802,0.08027522935779817,0.6354166666666666,1784,728,True,False
prng,1618,0,1716,0.42058749999999995,0.0,argmax,942,882,0.06369426751592357,0.71875,1792,720,True,False
prng,1618,0,1980,0.6875979166666667,0.13541666666666666,argmax,902,812,0.09977827050997783,0.6458333333333334,1784,760,True,False
prng,1618,0,2160,0.42316041666666665,0.0,argmax,912,862,0.05482456140350877,0.6979166666666666,1792,752,True,False
prng,1618,1,300,0.3964604166666667,0.6041666666666666,argmax,882,702,0.20408163265306123,0.53125,1776,736,True,False
prng,1618,1,852,0.5114479166666667,0.7708333333333334,argmax,962,802,0.16632016632016633,0.6354166666666666,1776,736,True,False
prng,1618,1,1104,0.3825020833333333,0.0,argmax,912,782,0.1425438596491228,0.6145833333333334,1784,744,True,False
prng,1618,1,1296,0.3680208333333333,0.0,argmax,922,772,0.16268980477223427,0.6041666666666666,1784,776,True,False
prng,1618,1,1548,0.3796791666666666,0.0,argmax,922,852,0.07592190889370933,0.6875,1792,752,True,False
prng,1618,1,1740,0.4096354166666667,0.0,argmax,902,882,0.022172949002217297,0.71875,1784,744,True,False
prng,1618,1,1908,0.3931,0.875,argmax,842,762,0.09501187648456057,0.59375,1784,760,True,False
prng,1618,1,2268,0.3973333333333333,0.0,continue_sqrt2,932,902,0.032188841201716736,0.7395833333333334,1824,752,True,False
prng,2718,0,396,0.7404354166666667,0.09375,argmax,992,862,0.1310483870967742,0.6979166666666666,1784,704,True,False
prng,2718,0,540,0.42388333333333333,0.0,argmax,862,812,0.058004640371229696,0.6458333333333334,1784,720,True,False
prng,2718,0,876,0.7157854166666667,0.4479166666666667,argmax,922,902,0.021691973969631236,0.7395833333333334,1776,744,True,False
prng,2718,0,1452,0.6959291666666667,0.09375,argmax,952,842,0.11554621848739496,0.6770833333333334,1784,768,True,False
prng,2718,0,1704,0.4066854166666667,0.0,argmax,942,852,0.09554140127388536,0.6875,1792,752,True,False
prng,2718,0,1836,0.43148958333333337,0.28125,argmax,862,812,0.058004640371229696,0.6458333333333334,1784,744,True,False
prng,2718,0,1980,0.6955791666666666,0.09375,argmax,962,752,0.2182952182952183,0.5833333333333334,1792,768,True,False
prng,2718,0,2148,0.43227708333333337,0.0,argmax,912,862,0.05482456140350877,0.6979166666666666,1784,736,True,False
prng,2718,1,444,0.4806270833333333,0.0,argmax,972,862,0.11316872427983539,0.6979166666666666,1792,696,True,False
prng,2718,1,564,0.40565416666666665,0.0,argmax,862,822,0.04640371229698376,0.65625,1776,744,True,False
prng,2718,1,672,0.3969770833333333,0.0,argmax,882,842,0.045351473922902494,0.6770833333333334,1776,728,True,False
prng,2718,1,1080,0.39147291666666667,0.0,continue_phi,892,892,0.0,0.7291666666666666,1824,736,True,False
prng,2718,1,1296,0.36881458333333333,0.07291666666666667,argmax,932,852,0.08583690987124463,0.6875,1792,744,True,False
prng,2718,1,1656,0.38018124999999997,0.0,argmax,952,922,0.031512605042016806,0.7604166666666666,1792,768,True,False
prng,2718,1,2052,0.41444166666666665,0.0,argmax,992,882,0.11088709677419355,0.71875,1800,752,True,False
prng,2718,1,2232,0.4034770833333334,0.0,argmax,882,782,0.11337868480725624,0.6145833333333334,1784,752,True,False
prng,3141,0,48,0.4266625,0.0,argmax,952,772,0.18907563025210083,0.6041666666666666,1776,728,True,False
prng,3141,0,288,0.44293333333333335,0.625,argmax,992,872,0.12096774193548387,0.7083333333333334,1784,776,True,False
prng,3141,0,396,0.7246604166666667,0.08333333333333333,argmax,882,872,0.011337868480725623,0.7083333333333334,1768,760,True,False
prng,3141,0,876,0.6872833333333334,0.4479166666666667,continue_phi,802,802,0.0,0.6354166666666666,1800,744,True,False
prng,3141,0,1260,0.42999375,0.0,argmax,832,732,0.1201923076923077,0.5625,1792,736,True,False
prng,3141,0,1452,0.6751062499999999,0.08333333333333333,argmax,1002,782,0.21956087824351297,0.6145833333333334,1792,720,True,False
prng,3141,0,1668,0.4188645833333333,0.0,argmax,932,782,0.1609442060085837,0.6145833333333334,1792,712,True,False
prng,3141,0,1968,0.68515625,0.20833333333333334,continue_phi,842,842,0.0,0.6770833333333334,1816,752,True,False
prng,3141,1,336,0.49351458333333337,0.7083333333333334,argmax,952,852,0.10504201680672269,0.6875,1768,752,True,False
prng,3141,1,600,0.41386875,0.0,argmax,902,842,0.06651884700665188,0.6770833333333334,1768,760,True,False
prng,3141,1,1128,0.36350208333333334,0.0,argmax,922,842,0.08676789587852494,0.6770833333333334,1784,712,True,False
prng,3141,1,1320,0.35482708333333335,0.3333333333333333,argmax,832,782,0.06009615384615385,0.6145833333333334,1792,752,True,False
prng,3141,1,1524,0.400175,0.0,argmax,942,792,0.1592356687898089,0.625,1784,728,True,False
prng,3141,1,1740,0.38469791666666664,0.0,argmax,962,772,0.19750519750519752,0.6041666666666666,1792,728,True,False
prng,3141,1,1908,0.40453125,0.8333333333333334,continue_phi,872,872,0.0,0.7083333333333334,1824,736,True,False
prng,3141,1,2040,0.33612708333333335,0.0,argmax,952,732,0.23109243697478993,0.5625,1784,752,True,False
prng,4159,0,408,0.6955375,0.07291666666666667,argmax,912,832,0.08771929824561403,0.6666666666666666,1776,752,True,False
prng,4159,0,564,0.41502291666666663,0.0,argmax,902,822,0.08869179600886919,0.65625,1792,728,True,False
prng,4159,0,804,0.42084375,0.7083333333333334,argmax,942,842,0.10615711252653928,0.6770833333333334,1784,744,True,False
prng,4159,0,912,0.7448687500000001,0.125,argmax,872,832,0.045871559633027525,0.6666666666666666,1784,720,True,False
prng,4159,0,1176,0.42860625,0.0,argmax,902,802,0.11086474501108648,0.6354166666666666,1784,736,True,False
prng,4159,0,1464,0.7145145833333334,0.07291666666666667,argmax,972,822,0.15432098765432098,0.65625,1792,768,True,False
prng,4159,0,1680,0.4214479166666667,0.0,argmax,902,812,0.09977827050997783,0.6458333333333334,1792,744,True,False
prng,4159,0,1980,0.7023166666666666,0.125,argmax,932,802,0.13948497854077252,0.6354166666666666,1792,752,True,False
prng,4159,1,48,0.37420000000000003,0.0,argmax,892,812,0.08968609865470852,0.6458333333333334,1784,720,True,False
prng,4159,1,204,0.36556041666666667,0.0,argmax,912,882,0.03289473684210526,0.71875,1784,768,True,False
prng,4159,1,408,0.6955375,0.07291666666666667,argmax,912,832,0.08771929824561403,0.6666666666666666,1776,752,True,False
prng,4159,1,1044,0.3704645833333333,0.0,continue_phi,902,902,0.0,0.7395833333333334,1808,736,True,False
prng,4159,1,1164,0.4098395833333333,0.0,argmax,912,782,0.1425438596491228,0.6145833333333334,1792,696,True,False
prng,4159,1,1404,0.47088749999999996,0.6979166666666666,argmax,932,812,0.12875536480686695,0.6458333333333334,1792,712,True,False
prng,4159,1,1764,0.3634375,0.0,argmax,932,822,0.11802575107296137,0.65625,1792,744,True,False
prng,4159,1,2100,0.3939875,0.0,argmax,872,842,0.034403669724770644,0.6770833333333334,1784,736,True,False
prng,5772,0,108,0.41711458333333334,0.0,argmax,942,852,0.09554140127388536,0.6875,1792,736,True,False
prng,5772,0,216,0.4293854166666667,0.0,argmax,932,762,0.18240343347639484,0.59375,1784,736,True,False
prng,5772,0,408,0.68005,0.3125,argmax,862,822,0.04640371229698376,0.65625,1784,736,True,False
prng,5772,0,588,0.42721875,0.0,argmax,912,772,0.15350877192982457,0.6041666666666666,1776,736,True,False
prng,5772,0,912,0.7308895833333334,0.25,argmax,942,892,0.05307855626326964,0.7291666666666666,1784,744,True,False
prng,5772,0,1488,0.6860520833333333,0.0625,argmax,952,772,0.18907563025210083,0.6041666666666666,1784,752,True,False
prng,5772,0,1872,0.45573749999999996,0.5416666666666666,argmax,882,822,0.06802721088435375,0.65625,1784,760,True,False
prng,5772,0,1992,0.6913604166666666,0.08333333333333333,argmax,862,762,0.11600928074245939,0.59375,1784,736,True,False
prng,5772,1,108,0.41711458333333334,0.0,argmax,942,852,0.09554140127388536,0.6875,1792,736,True,False
prng,5772,1,300,0.40095,0.3958333333333333,argmax,922,812,0.1193058568329718,0.6458333333333334,1792,728,True,False
prng,5772,1,516,0.37699166666666667,0.0,argmax,982,772,0.21384928716904278,0.6041666666666666,1784,760,True,False
prng,5772,1,840,0.39245625,0.9583333333333334,argmax,992,812,0.1814516129032258,0.6458333333333334,1776,752,True,False
prng,5772,1,1008,0.39524374999999995,0.0,argmax,922,812,0.1193058568329718,0.6458333333333334,1792,736,True,False
prng,5772,1,1428,0.4407208333333333,0.6875,argmax,922,822,0.10845986984815618,0.65625,1792,736,True,False
prng,5772,1,1992,0.6913604166666666,0.08333333333333333,argmax,862,762,0.11600928074245939,0.59375,1784,736,True,False
prng,5772,1,2148,0.3772708333333333,0.0,argmax,932,852,0.08583690987124463,0.6875,1784,736,True,False
prng,6765,0,84,0.42454791666666664,0.0,argmax,982,802,0.18329938900203666,0.6354166666666666,1760,720,True,False
prng,6765,0,204,0.4341145833333333,0.0,argmax,892,782,0.12331838565022421,0.6145833333333334,1784,736,True,False
prng,6765,0,408,0.7352583333333333,0.16666666666666666,argmax,902,792,0.12195121951219512,0.625,1784,736,True,False
prng,6765,0,780,0.4169958333333333,0.40625,argmax,922,812,0.1193058568329718,0.6458333333333334,1784,736,True,False
prng,6765,0,912,0.6820854166666667,0.17708333333333334,argmax,922,872,0.05422993492407809,0.7083333333333334,1784,712,True,False
prng,6765,0,1476,0.6981291666666666,0.041666666666666664,argmax,922,802,0.1301518438177874,0.6354166666666666,1768,752,True,False
prng,6765,0,1680,0.41806875,0.0,argmax,862,802,0.06960556844547564,0.6354166666666666,1792,752,True,False
prng,6765,0,1968,0.7078354166666667,0.28125,argmax,932,892,0.04291845493562232,0.7291666666666666,1776,728,True,False
prng,6765,1,204,0.4341145833333333,0.0,argmax,892,782,0.12331838565022421,0.6145833333333334,1784,736,True,False
prng,6765,1,432,0.6533666666666667,0.0,argmax,942,792,0.1592356687898089,0.625,1792,744,True,False
prng,6765,1,660,0.37893333333333334,0.0,argmax,912,782,0.1425438596491228,0.6145833333333334,1784,760,True,False
prng,6765,1,1308,0.38058125000000004,0.0,argmax,902,782,0.13303769401330376,0.6145833333333334,1784,744,True,False
prng,6765,1,1428,0.5565958333333333,0.5416666666666666,argmax,932,862,0.07510729613733906,0.6979166666666666,1784,752,True,False
prng,6765,1,1560,0.40995,0.0,argmax,922,792,0.14099783080260303,0.625,1784,736,True,False
prng,6765,1,1740,0.37731875,0.0,periodic_lattice,882,852,0.034013605442176874,0.6875,1840,768,True,False
prng,6765,1,1968,0.7078354166666667,0.28125,argmax,932,892,0.04291845493562232,0.7291666666666666,1776,728,True,False
