flow,family,alpha,best_delay,best_slot_count,context_pressure,similarity_threshold,recall_window,recall_gain,split_threshold,witness_conversion,delayed_retention,release_rate,rupture_rate,recall_survival_rate,same_slot_recall_rate,split_rate,context_distortion_rate,blocked_context_rate,pollution,phase_lock_resistance,score
golden,phi,0.6180339887498948,13,13,0.1,0.55,13,0.12,0.18,0.7166469893742621,0.41746905089408526,0.010163749294184076,0.16883116883116883,0.0,0.0,0.5301418439716312,0.4432624113475177,0.39893617021276595,0.08173233474438293,0.4610184128651811,0.34136630251395034
golden,phi,0.6180339887498948,13,13,0.1,0.55,13,0.12,0.3,0.8583042973286876,0.461875,0.003952569169960474,0.09260304912478826,0.0,0.0,0.2458521870286576,0.49019607843137253,0.3770739064856712,0.0986649299902312,0.4437671141345282,0.39273313034950685
golden,phi,0.6180339887498948,13,13,0.1,0.55,21,0.06,0.18,0.6659012629161883,0.39972432804962094,0.01355166572557877,0.1671372106154715,0.0,0.0,0.4094052558782849,0.4412171507607192,0.43568464730290457,0.07880169325952459,0.45612858885366303,0.33778974925555477
golden,phi,0.6180339887498948,13,13,0.1,0.55,21,0.06,0.44,0.9288939051918735,0.4815681685196021,0.003952569169960474,0.031055900621118012,0.0,0.0,0.0410958904109589,0.4461839530332681,0.3776908023483366,0.1126668837512211,0.4627183955301821,0.46817882471302613
golden,phi,0.6180339887498948,13,13,0.1,0.55,21,0.12,0.18,0.6773809523809524,0.4038325053229241,0.01129305477131564,0.19311123658949747,0.0,0.0,0.4796633941093969,0.4488078541374474,0.42917251051893407,0.08173233474438293,0.4562435799438519,0.33795484769815337
golden,phi,0.6180339887498948,13,13,0.1,0.55,21,0.12,0.3,0.8486997635933806,0.45907928388746805,0.004517221908526256,0.11236589497459062,0.0,0.0,0.22742857142857142,0.4617142857142857,0.40114285714285713,0.09605991533702377,0.4775748418968395,0.4047460832003887
golden,phi,0.6180339887498948,13,13,0.1,0.7,13,0.06,0.18,0.6936542669584245,0.4095607235142119,0.009034443817052512,0.11688311688311688,0.0,0.0,0.3709677419354839,0.2939068100358423,0.5501792114695341,0.08498860306089222,0.4273389684127741,0.35569242417303115
golden,phi,0.6180339887498948,13,13,0.1,0.7,21,0.2,0.18,0.7575757575757576,0.43103448275862066,0.00846979107848673,0.1727837380011293,0.0,0.0,0.4015748031496063,0.2887139107611549,0.5787401574803149,0.08791924454575056,0.45852317819918176,0.3714305611801698
golden,phi,0.6180339887498948,13,13,0.1,0.82,13,0.06,0.18,0.7511061946902655,0.42893240682248895,0.006775832862789385,0.09937888198757763,0.0,0.0,0.2962962962962963,0.18518518518518517,0.6582491582491582,0.09443178117876913,0.45328800143816694,0.4105103672762396
golden,phi,0.6180339887498948,13,13,0.1,0.82,13,0.12,0.18,0.7757437070938215,0.4368556701030928,0.010163749294184076,0.11349520045172219,0.0,0.0,0.3241935483870968,0.2161290322580645,0.6548387096774193,0.09150113969391079,0.4594566111199385,0.4005620653582506
golden,phi,0.6180339887498948,13,13,0.1,0.82,13,0.12,0.3,0.8500563697857948,0.45947592931139547,0.005081874647092038,0.06832298136645963,0.0,0.0,0.1858678955453149,0.21505376344086022,0.6405529953917051,0.10354933246499512,0.461252599773898,0.4552097433032382
golden,phi,0.6180339887498948,13,13,0.1,0.82,13,0.2,0.18,0.8034883720930233,0.4455190199871051,0.007340485601355167,0.11688311688311688,0.0,0.0,0.32192846034214617,0.2177293934681182,0.6609642301710731,0.09215239335721263,0.45950232718370854,0.40584332990628985
golden,phi,0.6180339887498948,13,13,0.1,0.82,21,0.12,0.18,0.740484429065744,0.4254473161033797,0.009034443817052512,0.13890457368718237,0.0,0.0,0.3075,0.20625,0.6725,0.08791924454575056,0.4550102781442219,0.39976859352443644
golden,phi,0.6180339887498948,13,13,0.1,0.82,21,0.12,0.3,0.8295454545454546,0.453416149068323,0.00564652738565782,0.08526256352343309,0.0,0.0,0.1724537037037037,0.19791666666666666,0.6701388888888888,0.09736242266362748,0.4627587723365739,0.45910449111026025
golden,phi,0.6180339887498948,13,13,0.22,0.55,13,0.06,0.44,0.9328859060402684,0.4826388888888889,0.003952569169960474,0.020327498588368152,0.0,0.0,0.03206997084548105,0.6209912536443148,0.37900874635568516,0.11462064474112667,0.4554522196796523,0.47095451401154514
golden,phi,0.6180339887498948,13,13,0.22,0.55,13,0.2,0.44,0.951764705882353,0.48764315852923446,0.003952569169960474,0.05928853754940711,0.0,0.0,0.14136904761904762,0.6369047619047619,0.3630952380952381,0.11103874959296646,0.4686360070266977,0.4410637837777147
golden,phi,0.6180339887498948,13,13,0.22,0.55,21,0.06,0.18,0.6659012629161883,0.39972432804962094,0.01355166572557877,0.1671372106154715,0.0,0.0,0.4094052558782849,0.5643153526970954,0.43568464730290457,0.07880169325952459,0.45612858885366303,0.33778974925555477
golden,phi,0.6180339887498948,13,13,0.22,0.55,21,0.12,0.18,0.6773809523809524,0.4038325053229241,0.01129305477131564,0.19311123658949747,0.0,0.0,0.4796633941093969,0.5708274894810659,0.42917251051893407,0.08173233474438293,0.4562435799438519,0.33795484769815337
golden,phi,0.6180339887498948,13,13,0.22,0.55,21,0.2,0.18,0.6834355828220859,0.40597667638483964,0.00846979107848673,0.21682665160926032,0.0,0.0,0.5281980742778541,0.5845942228335625,0.4154057771664374,0.08140670791273201,0.4525948496049035,0.335438965925372
golden,phi,0.6180339887498948,13,13,0.22,0.7,13,0.12,0.3,0.8616780045351474,0.4628501827040195,0.004517221908526256,0.06832298136645963,0.0,0.0,0.1926163723916533,0.4654895666131621,0.5345104333868379,0.10713122761315533,0.46601077551233483,0.42510985382529465
golden,phi,0.6180339887498948,13,13,0.22,0.7,13,0.12,0.44,0.9389830508474576,0.48426573426573427,0.003952569169960474,0.02710333145115754,0.0,0.0,0.05604719764011799,0.4498525073746313,0.5501474926253688,0.11396939107782482,0.4608393017383067,0.4783885239238092
golden,phi,0.6180339887498948,13,13,0.22,0.7,13,0.2,0.3,0.8216340621403913,0.4510423246999368,0.003952569169960474,0.10220214568040654,0.0,0.0,0.2957516339869281,0.4673202614379085,0.5326797385620915,0.09736242266362748,0.47108706249322985,0.38832454988337484
golden,phi,0.6180339887498948,13,13,0.22,0.7,13,0.2,0.44,0.9649532710280374,0.49108204518430437,0.003952569169960474,0.04630152456239413,0.0,0.0,0.11686390532544379,0.47337278106508873,0.5266272189349113,0.11331813741452296,0.46314108895353623,0.46542349098282554
golden,phi,0.6180339887498948,13,13,0.22,0.7,21,0.06,0.44,0.9175946547884187,0.47851335656213706,0.003952569169960474,0.023715415019762844,0.0,0.0,0.027860696517412936,0.46567164179104475,0.5343283582089552,0.11136437642461738,0.4580396745866905,0.4823886291339281
golden,phi,0.6180339887498948,13,13,0.22,0.7,21,0.12,0.18,0.7176196032672112,0.41779891304347827,0.01129305477131564,0.15753811405985318,0.0,0.0,0.3739946380697051,0.43297587131367293,0.5670241286863271,0.08075545424943015,0.4560054566791859,0.3502927778106718
golden,phi,0.6180339887498948,13,13,0.22,0.7,21,0.12,0.44,0.9501738122827347,0.48722519310754603,0.003952569169960474,0.045736871823828344,0.0,0.0,0.07049345417925479,0.4551863041289023,0.5448136958710977,0.10908498860306089,0.4584584202861861,0.47551937920314113
golden,phi,0.6180339887498948,13,13,0.22,0.7,21,0.2,0.18,0.7575757575757576,0.43103448275862066,0.00846979107848673,0.1727837380011293,0.0,0.0,0.4015748031496063,0.421259842519685,0.5787401574803149,0.08791924454575056,0.45852317819918176,0.35742231221129095
golden,phi,0.6180339887498948,13,13,0.22,0.7,21,0.2,0.44,0.9665871121718377,0.49150485436893204,0.003952569169960474,0.06549971767363072,0.0,0.0,0.11391129032258064,0.4405241935483871,0.5594758064516129,0.10680560078150439,0.45994872656426133,0.46573118002239194
golden,phi,0.6180339887498948,13,13,0.22,0.82,13,0.12,0.18,0.7757437070938215,0.4368556701030928,0.010163749294184076,0.11349520045172219,0.0,0.0,0.3241935483870968,0.34516129032258064,0.6548387096774193,0.09150113969391079,0.4594566111199385,0.3710689778006469
golden,phi,0.6180339887498948,13,13,0.22,0.82,13,0.12,0.3,0.8500563697857948,0.45947592931139547,0.005081874647092038,0.06832298136645963,0.0,0.0,0.1858678955453149,0.35944700460829493,0.6405529953917051,0.10354933246499512,0.461252599773898,0.4243648892325777
golden,phi,0.6180339887498948,13,13,0.22,0.82,13,0.2,0.44,0.9516685845799769,0.4876179245283019,0.003952569169960474,0.038396386222473176,0.0,0.0,0.09170305676855896,0.3435225618631732,0.6564774381368268,0.11071312276131554,0.46015353729014474,0.4716161532621885
golden,phi,0.6180339887498948,13,13,0.22,0.82,21,0.06,0.18,0.7314606741573034,0.4224529526281635,0.007340485601355167,0.1225296442687747,0.0,0.0,0.2774936061381074,0.329923273657289,0.670076726342711,0.08694236405079779,0.45678236127099414,0.3791593747942059
golden,phi,0.6180339887498948,13,13,0.22,0.82,21,0.06,0.3,0.8549107142857143,0.4608904933814681,0.003952569169960474,0.05759457933370977,0.0,0.0,0.10828729281767956,0.36132596685082874,0.6386740331491713,0.10061869098013676,0.4644654641898214,0.4482741017726412
golden,phi,0.6180339887498948,13,13,0.22,0.82,21,0.12,0.18,0.740484429065744,0.4254473161033797,0.009034443817052512,0.13890457368718237,0.0,0.0,0.3075,0.3275,0.6725,0.08791924454575056,0.4550102781442219,0.3720543078101507
golden,phi,0.6180339887498948,13,13,0.22,0.82,21,0.12,0.3,0.8295454545454546,0.453416149068323,0.00564652738565782,0.08526256352343309,0.0,0.0,0.1724537037037037,0.3298611111111111,0.6701388888888888,0.09736242266362748,0.4627587723365739,0.4289457609515301
golden,phi,0.6180339887498948,13,13,0.22,0.82,21,0.12,0.44,0.9250851305334846,0.4805424528301887,0.003952569169960474,0.038396386222473176,0.0,0.0,0.05702647657841141,0.3635437881873727,0.6364562118126272,0.10843373493975904,0.46689754018786267,0.476289912360374
golden,phi,0.6180339887498948,13,13,0.22,0.82,21,0.2,0.3,0.8574766355140186,0.46163522012578617,0.003952569169960474,0.09824957651044608,0.0,0.0,0.20092378752886836,0.3233256351039261,0.6766743648960739,0.0963855421686747,0.46941410154957364,0.4279704914512176
golden,phi,0.6180339887498948,13,13,0.36,0.55,13,0.06,0.44,0.9328859060402684,0.4826388888888889,0.003952569169960474,0.020327498588368152,0.0,0.0,0.03206997084548105,0.6209912536443148,0.37900874635568516,0.11462064474112667,0.4554522196796523,0.47095451401154514
golden,phi,0.6180339887498948,13,13,0.36,0.55,13,0.12,0.18,0.7166469893742621,0.41746905089408526,0.010163749294184076,0.16883116883116883,0.0,0.0,0.5301418439716312,0.601063829787234,0.39893617021276595,0.08173233474438293,0.4610184128651811,0.34136630251395034
golden,phi,0.6180339887498948,13,13,0.36,0.55,13,0.12,0.3,0.8583042973286876,0.461875,0.003952569169960474,0.09260304912478826,0.0,0.0,0.2458521870286576,0.6229260935143288,0.3770739064856712,0.0986649299902312,0.4437671141345282,0.39273313034950685
golden,phi,0.6180339887498948,13,13,0.36,0.55,13,0.2,0.18,0.7329268292682927,0.42294159042927515,0.00846979107848673,0.189158667419537,0.0,0.0,0.5726495726495726,0.6,0.4,0.08303484207098664,0.4557992472112362,0.34321979977343264
golden,phi,0.6180339887498948,13,13,0.36,0.55,21,0.06,0.18,0.6659012629161883,0.39972432804962094,0.01355166572557877,0.1671372106154715,0.0,0.0,0.4094052558782849,0.5643153526970954,0.43568464730290457,0.07880169325952459,0.45612858885366303,0.33778974925555477
golden,phi,0.6180339887498948,13,13,0.36,0.55,21,0.06,0.3,0.8414496036240091,0.45694956949569493,0.003952569169960474,0.07792207792207792,0.0,0.0,0.14777777777777779,0.59,0.41,0.09964181048518397,0.46955085891304105,0.4275587634504024
golden,phi,0.6180339887498948,13,13,0.36,0.55,21,0.2,0.18,0.6834355828220859,0.40597667638483964,0.00846979107848673,0.21682665160926032,0.0,0.0,0.5281980742778541,0.5845942228335625,0.4154057771664374,0.08140670791273201,0.4525948496049035,0.335438965925372
golden,phi,0.6180339887498948,13,13,0.36,0.7,13,0.06,0.44,0.929125138427464,0.48163030998851897,0.003952569169960474,0.012422360248447204,0.0,0.0,0.011940298507462687,0.44477611940298506,0.5552238805970149,0.11299251058287203,0.45226356273202173,0.4884910436611251
golden,phi,0.6180339887498948,13,13,0.36,0.7,13,0.12,0.18,0.7331812998859749,0.4230263157894737,0.006211180124223602,0.13551665725578768,0.0,0.0,0.41450777202072536,0.44905008635578586,0.5509499136442142,0.08987300553565614,0.42490096923773246,0.3492345355292776
golden,phi,0.6180339887498948,13,13,0.36,0.7,13,0.12,0.44,0.9389830508474576,0.48426573426573427,0.003952569169960474,0.02710333145115754,0.0,0.0,0.05604719764011799,0.4498525073746313,0.5501474926253688,0.11396939107782482,0.4608393017383067,0.4783885239238092
golden,phi,0.6180339887498948,13,13,0.36,0.7,13,0.2,0.18,0.754079254079254,0.4299003322259136,0.006211180124223602,0.14398644833427443,0.0,0.0,0.4381443298969072,0.4536082474226804,0.5463917525773195,0.08922175187235429,0.428229819190469,0.3533568533372054
golden,phi,0.6180339887498948,13,13,0.36,0.7,13,0.2,0.44,0.9649532710280374,0.49108204518430437,0.003952569169960474,0.04630152456239413,0.0,0.0,0.11686390532544379,0.47337278106508873,0.5266272189349113,0.11331813741452296,0.46314108895353623,0.46542349098282554
golden,phi,0.6180339887498948,13,13,0.36,0.7,21,0.06,0.18,0.6756152125279642,0.4032042723631509,0.011857707509881422,0.1422924901185771,0.0,0.0,0.35195530726256985,0.4231843575418994,0.5768156424581006,0.07912732009117551,0.4556914661378254,0.34284896279214416
golden,phi,0.6180339887498948,13,13,0.36,0.7,21,0.12,0.18,0.7176196032672112,0.41779891304347827,0.01129305477131564,0.15753811405985318,0.0,0.0,0.3739946380697051,0.43297587131367293,0.5670241286863271,0.08075545424943015,0.4560054566791859,0.3502927778106718
golden,phi,0.6180339887498948,13,13,0.36,0.7,21,0.2,0.3,0.7824074074074074,0.43896103896103894,0.005081874647092038,0.12535290796160362,0.0,0.0,0.2781954887218045,0.4197994987468672,0.5802005012531328,0.08922175187235429,0.46888064701388055,0.3853684508346629
golden,phi,0.6180339887498948,13,13,0.36,0.82,13,0.2,0.18,0.8034883720930233,0.4455190199871051,0.007340485601355167,0.11688311688311688,0.0,0.0,0.32192846034214617,0.3390357698289269,0.6609642301710731,0.09215239335721263,0.45950232718370854,0.37811615816667643
golden,phi,0.6180339887498948,13,13,0.36,0.82,13,0.2,0.44,0.9516685845799769,0.4876179245283019,0.003952569169960474,0.038396386222473176,0.0,0.0,0.09170305676855896,0.3435225618631732,0.6564774381368268,0.11071312276131554,0.46015353729014474,0.4716161532621885
silver,metallic,0.43821356237309517,21,13,0.1,0.55,13,0.12,0.18,0.7981651376146789,0.44387755102040816,0.0877005347593583,0.07379679144385026,0.0,0.0,0.536,0.04,0.176,0.05014653207424292,0.5888267226842672,0.4094147744707331
silver,metallic,0.43821356237309517,21,13,0.1,0.55,13,0.12,0.3,0.808695652173913,0.44711538461538464,0.07272727272727272,0.0374331550802139,0.0,0.0,0.2462686567164179,0.04477611940298507,0.17164179104477612,0.053402800390752195,0.5826937001451002,0.43925616075032914
silver,metallic,0.43821356237309517,21,13,0.1,0.55,21,0.06,0.18,0.7723004694835681,0.4357615894039735,0.09518716577540107,0.09732620320855614,0.0,0.0,0.40625,0.06696428571428571,0.13839285714285715,0.045913383262780855,0.593384280640471,0.39185250910669317
silver,metallic,0.43821356237309517,21,13,0.1,0.55,21,0.06,0.44,0.8322440087145969,0.45422116527942924,0.07807486631016043,0.022459893048128343,0.0,0.0,0.07851239669421488,0.05785123966942149,0.14049586776859505,0.05437968088570498,0.5808131471391811,0.4831313721911865
silver,metallic,0.43821356237309517,21,13,0.1,0.55,21,0.12,0.18,0.7570754716981132,0.43087248322147653,0.0877005347593583,0.11550802139037433,0.0,0.0,0.5023255813953489,0.05116279069767442,0.14883720930232558,0.045262129599479,0.5967491117559818,0.39444466118616617
silver,metallic,0.43821356237309517,21,13,0.1,0.55,21,0.12,0.3,0.7910112359550562,0.44165621079046424,0.07914438502673797,0.06844919786096257,0.0,0.0,0.270042194092827,0.05907172995780591,0.13924050632911392,0.047215890589384565,0.5856162217178091,0.4198470324564429
silver,metallic,0.43821356237309517,21,13,0.1,0.7,13,0.06,0.18,0.8030973451327433,0.44539877300613495,0.08342245989304813,0.044919786096256686,0.0,0.0,0.2887323943661972,0.028169014084507043,0.4154929577464789,0.051123412569195704,0.5853380216177186,0.47345630696793056
silver,metallic,0.43821356237309517,21,13,0.1,0.7,21,0.2,0.18,0.7725118483412322,0.4358288770053476,0.08663101604278074,0.11336898395721925,0.0,0.0,0.4525862068965517,0.05172413793103448,0.41379310344827586,0.045587756431129924,0.5931698913090713,0.44383359458567495
silver,metallic,0.43821356237309517,21,13,0.1,0.82,13,0.06,0.18,0.806941431670282,0.44657863145258103,0.08021390374331551,0.028877005347593583,0.0,0.0,0.1937984496124031,0.03875968992248062,0.6511627906976745,0.053728427222403126,0.5853015853756016,0.5053985798856998
silver,metallic,0.43821356237309517,21,13,0.1,0.82,13,0.12,0.18,0.8056768558951966,0.44619105199516323,0.08235294117647059,0.033155080213903745,0.0,0.0,0.2265625,0.0390625,0.6484375,0.05275154672745034,0.5863670025048298,0.4957860113604687
silver,metallic,0.43821356237309517,21,13,0.1,0.82,13,0.12,0.3,0.8042553191489362,0.44575471698113206,0.07379679144385026,0.019251336898395723,0.0,0.0,0.10687022900763359,0.03816793893129771,0.6335877862595419,0.05405405405405406,0.5846287782880832,0.5300617324998312
silver,metallic,0.43821356237309517,21,13,0.1,0.82,13,0.2,0.18,0.7947019867549668,0.44280442804428044,0.08449197860962566,0.045989304812834225,0.0,0.0,0.3046875,0.03125,0.625,0.052425919895799415,0.5881369290791241,0.47310406985650566
silver,metallic,0.43821356237309517,21,13,0.1,0.82,21,0.12,0.18,0.7923250564334086,0.4420654911838791,0.08983957219251337,0.06096256684491978,0.0,0.0,0.24778761061946902,0.048672566371681415,0.6327433628318584,0.053728427222403126,0.5911380016751637,0.48487293470293713
silver,metallic,0.43821356237309517,21,13,0.1,0.82,21,0.12,0.3,0.8140043763676149,0.4487334137515078,0.07914438502673797,0.034224598930481284,0.0,0.0,0.11297071129707113,0.0502092050209205,0.6317991631799164,0.05275154672745034,0.5667886629760355,0.5244487246107701
silver,metallic,0.43821356237309517,21,13,0.22,0.55,13,0.06,0.44,0.8423326133909287,0.45720984759671746,0.08021390374331551,0.0074866310160427805,0.0,0.0,0.0364963503649635,0.3722627737226277,0.21897810218978103,0.053402800390752195,0.5812752562390133,0.4446967398891268
silver,metallic,0.43821356237309517,21,13,0.22,0.55,13,0.2,0.44,0.8211206896551724,0.450887573964497,0.06951871657754011,0.026737967914438502,0.0,0.0,0.1276595744680851,0.3475177304964539,0.20567375886524822,0.05177466623249756,0.5826006239701444,0.41263188046683524
silver,metallic,0.43821356237309517,21,13,0.22,0.55,21,0.06,0.18,0.7723004694835681,0.4357615894039735,0.09518716577540107,0.09732620320855614,0.0,0.0,0.40625,0.36160714285714285,0.13839285714285715,0.045913383262780855,0.593384280640471,0.32715863155567276
silver,metallic,0.43821356237309517,21,13,0.22,0.55,21,0.12,0.18,0.7570754716981132,0.43087248322147653,0.0877005347593583,0.11550802139037433,0.0,0.0,0.5023255813953489,0.29767441860465116,0.14883720930232558,0.045262129599479,0.5967491117559818,0.3380991462360001
silver,metallic,0.43821356237309517,21,13,0.22,0.55,21,0.2,0.18,0.7396593673965937,0.4251748251748252,0.09411764705882353,0.1411764705882353,0.0,0.0,0.6285714285714286,0.35714285714285715,0.15714285714285714,0.040377727124715074,0.5955457084755857,0.32358441707042124
silver,metallic,0.43821356237309517,21,13,0.22,0.7,13,0.12,0.3,0.8213507625272332,0.45095693779904306,0.07593582887700535,0.029946524064171122,0.0,0.0,0.19444444444444445,0.25,0.4027777777777778,0.053728427222403126,0.5831561941148788,0.4508460217476577
silver,metallic,0.43821356237309517,21,13,0.22,0.7,13,0.12,0.44,0.8463203463203464,0.45838218053927315,0.07700534759358289,0.0106951871657754,0.0,0.0,0.040268456375838924,0.2751677852348993,0.38926174496644295,0.05275154672745034,0.580237561960546,0.49150126944086936
silver,metallic,0.43821356237309517,21,13,0.22,0.7,13,0.2,0.3,0.8183807439824945,0.4500601684717208,0.0748663101604278,0.03636363636363636,0.0,0.0,0.25384615384615383,0.3,0.35384615384615387,0.05470530771735591,0.583248302569292,0.41299350597361634
silver,metallic,0.43821356237309517,21,13,0.22,0.7,13,0.2,0.44,0.8401727861771058,0.4565727699530516,0.06951871657754011,0.019251336898395723,0.0,0.0,0.09271523178807947,0.304635761589404,0.40397350993377484,0.05177466623249756,0.5836997249224085,0.4715325194481267
silver,metallic,0.43821356237309517,21,13,0.22,0.7,21,0.06,0.44,0.8293736501079914,0.45336481700118064,0.07700534759358289,0.017112299465240642,0.0,0.0,0.04924242424242424,0.25757575757575757,0.3977272727272727,0.05307717355910127,0.5819325680280969,0.49140440048287964
silver,metallic,0.43821356237309517,21,13,0.22,0.7,21,0.12,0.18,0.7911832946635731,0.4417098445595855,0.08663101604278074,0.0877005347593583,0.0,0.0,0.35964912280701755,0.2543859649122807,0.42543859649122806,0.047215890589384565,0.591874560015482,0.40356868759938147
silver,metallic,0.43821356237309517,21,13,0.22,0.7,21,0.12,0.44,0.8446389496717724,0.4578884934756821,0.0748663101604278,0.023529411764705882,0.0,0.0,0.07569721115537849,0.24701195219123506,0.41434262948207173,0.05665906870726148,0.5819459069888451,0.4917036118029037
silver,metallic,0.43821356237309517,21,13,0.22,0.7,21,0.2,0.18,0.7725118483412322,0.4358288770053476,0.08663101604278074,0.11336898395721925,0.0,0.0,0.4525862068965517,0.25862068965517243,0.41379310344827586,0.045587756431129924,0.5931698913090713,0.3965429541915863
silver,metallic,0.43821356237309517,21,13,0.22,0.7,21,0.2,0.44,0.8388520971302428,0.4561824729891957,0.07165775401069518,0.0374331550802139,0.0,0.0,0.12096774193548387,0.2540322580645161,0.3870967741935484,0.05470530771735591,0.5668778321901791,0.4687971054115221
silver,metallic,0.43821356237309517,21,13,0.22,0.82,13,0.12,0.18,0.8056768558951966,0.44619105199516323,0.08235294117647059,0.033155080213903745,0.0,0.0,0.2265625,0.15625,0.6484375,0.05275154672745034,0.5863670025048298,0.4690002970747544
silver,metallic,0.43821356237309517,21,13,0.22,0.82,13,0.12,0.3,0.8042553191489362,0.44575471698113206,0.07379679144385026,0.019251336898395723,0.0,0.0,0.10687022900763359,0.16030534351145037,0.6335877862595419,0.05405405405405406,0.5846287782880832,0.5021446114529392
silver,metallic,0.43821356237309517,21,13,0.22,0.82,13,0.2,0.44,0.841541755888651,0.4569767441860465,0.07165775401069518,0.008556149732620321,0.0,0.0,0.027972027972027972,0.20279720279720279,0.6573426573426573,0.052425919895799415,0.5809877959005119,0.5216618802353276
silver,metallic,0.43821356237309517,21,13,0.22,0.82,21,0.06,0.18,0.7699115044247787,0.435,0.0877005347593583,0.05668449197860963,0.0,0.0,0.2222222222222222,0.15384615384615385,0.6282051282051282,0.05144903940084663,0.5878710267742147,0.4637377648138245
silver,metallic,0.43821356237309517,21,13,0.22,0.82,21,0.06,0.3,0.8185745140388769,0.4501187648456057,0.07914438502673797,0.020320855614973262,0.0,0.0,0.06584362139917696,0.15637860082304528,0.6584362139917695,0.05503093454900684,0.5842254434872587,0.5172741061771127
silver,metallic,0.43821356237309517,21,13,0.22,0.82,21,0.12,0.18,0.7923250564334086,0.4420654911838791,0.08983957219251337,0.06096256684491978,0.0,0.0,0.24778761061946902,0.1415929203539823,0.6327433628318584,0.053728427222403126,0.5911380016751637,0.46363399664983984
silver,metallic,0.43821356237309517,21,13,0.22,0.82,21,0.12,0.3,0.8140043763676149,0.4487334137515078,0.07914438502673797,0.034224598930481284,0.0,0.0,0.11297071129707113,0.15481171548117154,0.6317991631799164,0.05275154672745034,0.5667886629760355,0.5005395793627128
silver,metallic,0.43821356237309517,21,13,0.22,0.82,21,0.12,0.44,0.8469827586206896,0.45857642940490084,0.07165775401069518,0.011764705882352941,0.0,0.0,0.025830258302583026,0.17343173431734318,0.6531365313653137,0.053402800390752195,0.5792636357101117,0.5296110917655915
silver,metallic,0.43821356237309517,21,13,0.22,0.82,21,0.2,0.3,0.8167770419426048,0.44957472660996356,0.07593582887700535,0.04385026737967915,0.0,0.0,0.14937759336099585,0.15767634854771784,0.6348547717842323,0.05275154672745034,0.4458155076689473,0.4727662722405912
silver,metallic,0.43821356237309517,21,13,0.36,0.55,13,0.06,0.44,0.8423326133909287,0.45720984759671746,0.08021390374331551,0.0074866310160427805,0.0,0.0,0.0364963503649635,0.5912408759124088,0.21897810218978103,0.053402800390752195,0.5812752562390133,0.4446967398891268
silver,metallic,0.43821356237309517,21,13,0.36,0.55,13,0.12,0.18,0.7981651376146789,0.44387755102040816,0.0877005347593583,0.07379679144385026,0.0,0.0,0.536,0.584,0.176,0.05014653207424292,0.5888267226842672,0.33855763161359026
silver,metallic,0.43821356237309517,21,13,0.36,0.55,13,0.12,0.3,0.808695652173913,0.44711538461538464,0.07272727272727272,0.0374331550802139,0.0,0.0,0.2462686567164179,0.5597014925373134,0.17164179104477612,0.053402800390752195,0.5826937001451002,0.3694907023281543
silver,metallic,0.43821356237309517,21,13,0.36,0.55,13,0.2,0.18,0.7754629629629629,0.4367666232073012,0.0877005347593583,0.09197860962566845,0.0,0.0,0.671875,0.59375,0.1640625,0.04949527841094106,0.5905841348011771,0.3319680018949807
silver,metallic,0.43821356237309517,21,13,0.36,0.55,21,0.06,0.18,0.7723004694835681,0.4357615894039735,0.09518716577540107,0.09732620320855614,0.0,0.0,0.40625,0.5357142857142857,0.13839285714285715,0.045913383262780855,0.593384280640471,0.32715863155567276
silver,metallic,0.43821356237309517,21,13,0.36,0.55,21,0.06,0.3,0.7991169977924945,0.4441717791411043,0.07807486631016043,0.05026737967914439,0.0,0.0,0.19583333333333333,0.5333333333333333,0.1375,0.048518397915988276,0.587728901547532,0.3765369817552597
silver,metallic,0.43821356237309517,21,13,0.36,0.55,21,0.2,0.18,0.7396593673965937,0.4251748251748252,0.09411764705882353,0.1411764705882353,0.0,0.0,0.6285714285714286,0.5428571428571428,0.15714285714285714,0.040377727124715074,0.5955457084755857,0.32358441707042124
silver,metallic,0.43821356237309517,21,13,0.36,0.7,13,0.06,0.44,0.834051724137931,0.45475910693301996,0.07807486631016043,0.011764705882352941,0.0,0.0,0.056338028169014086,0.4225352112676056,0.3873239436619718,0.05405405405405406,0.5629463725967707,0.4647302002562669
silver,metallic,0.43821356237309517,21,13,0.36,0.7,13,0.12,0.18,0.8040089086859689,0.445679012345679,0.08342245989304813,0.05026737967914439,0.0,0.0,0.3560606060606061,0.4015151515151515,0.42424242424242425,0.04819277108433735,0.5864065784608041,0.3841900195434036
silver,metallic,0.43821356237309517,21,13,0.36,0.7,13,0.12,0.44,0.8463203463203464,0.45838218053927315,0.07700534759358289,0.0106951871657754,0.0,0.0,0.040268456375838924,0.436241610738255,0.38926174496644295,0.05275154672745034,0.580237561960546,0.47439676320884633
silver,metallic,0.43821356237309517,21,13,0.36,0.7,13,0.2,0.18,0.7855530474040632,0.43994943109987356,0.08663101604278074,0.06737967914438503,0.0,0.0,0.4666666666666667,0.3925925925925926,0.43703703703703706,0.05047215890589384,0.5878015738600046,0.38267953298151663
silver,metallic,0.43821356237309517,21,13,0.36,0.7,13,0.2,0.44,0.8401727861771058,0.4565727699530516,0.06951871657754011,0.019251336898395723,0.0,0.0,0.09271523178807947,0.4370860927152318,0.40397350993377484,0.05177466623249756,0.5836997249224085,0.4611635506685619
silver,metallic,0.43821356237309517,21,13,0.36,0.7,21,0.06,0.18,0.7755102040816326,0.4367816091954023,0.08983957219251337,0.07272727272727272,0.0,0.0,0.29955947136563876,0.3832599118942731,0.3964757709251101,0.05047215890589384,0.5905220754225755,0.3882457763415195
silver,metallic,0.43821356237309517,21,13,0.36,0.7,21,0.12,0.18,0.7911832946635731,0.4417098445595855,0.08663101604278074,0.0877005347593583,0.0,0.0,0.35964912280701755,0.35526315789473684,0.42543859649122806,0.047215890589384565,0.591874560015482,0.3817140510079028
silver,metallic,0.43821356237309517,21,13,0.36,0.7,21,0.2,0.3,0.8058035714285714,0.446229913473424,0.07272727272727272,0.06203208556149733,0.0,0.0,0.25892857142857145,0.3794642857142857,0.39285714285714285,0.05144903940084663,0.5893921040079382,0.40492796501313855
silver,metallic,0.43821356237309517,21,13,0.36,0.82,13,0.2,0.18,0.7947019867549668,0.44280442804428044,0.08449197860962566,0.045989304812834225,0.0,0.0,0.3046875,0.2734375,0.625,0.052425919895799415,0.5881369290791241,0.4177469269993629
silver,metallic,0.43821356237309517,21,13,0.36,0.82,13,0.2,0.44,0.841541755888651,0.4569767441860465,0.07165775401069518,0.008556149732620321,0.0,0.0,0.027972027972027972,0.26573426573426573,0.6573426573426573,0.052425919895799415,0.5809877959005119,0.5072762658497132
bounded_cf_2,bounded_cf,0.6582505321462085,21,13,0.1,0.55,13,0.12,0.18,0.7294117647058823,0.4217687074829932,0.12754555198285103,0.08467309753483387,0.0,0.0,0.4936708860759494,0.0,0.24050632911392406,0.10094431781178768,0.5401040877873926,0.40860905309021217
bounded_cf_2,bounded_cf,0.6582505321462085,21,13,0.1,0.55,13,0.12,0.3,0.773972602739726,0.4362934362934363,0.1264737406216506,0.04072883172561629,0.0,0.0,0.2073170731707317,0.006097560975609756,0.27439024390243905,0.1103874959296646,0.533373396431374,0.46238026417850053
bounded_cf_2,bounded_cf,0.6582505321462085,21,13,0.1,0.55,21,0.06,0.18,0.6919540229885057,0.40896739130434784,0.12754555198285103,0.08360128617363344,0.0,0.0,0.3719806763285024,0.0,0.28502415458937197,0.09801367632692934,0.5382244740476965,0.40935345479930313
bounded_cf_2,bounded_cf,0.6582505321462085,21,13,0.1,0.55,21,0.06,0.44,0.7825112107623319,0.4389937106918239,0.12540192926045016,0.022508038585209004,0.0,0.0,0.0782608695652174,0.004347826086956522,0.26956521739130435,0.11364376424617388,0.5297969552796165,0.5003216774915842
bounded_cf_2,bounded_cf,0.6582505321462085,21,13,0.1,0.55,21,0.12,0.18,0.7009345794392523,0.41208791208791207,0.12540192926045016,0.09431939978563773,0.0,0.0,0.43137254901960786,0.004901960784313725,0.29901960784313725,0.09768804949527841,0.5402408445035445,0.4123819452126908
bounded_cf_2,bounded_cf,0.6582505321462085,21,13,0.1,0.55,21,0.12,0.3,0.7505720823798627,0.4287581699346405,0.1232583065380493,0.05680600214362272,0.0,0.0,0.22972972972972974,0.0045045045045045045,0.3063063063063063,0.10680560078150439,0.5339870527881132,0.4573868381401597
bounded_cf_2,bounded_cf,0.6582505321462085,21,13,0.1,0.7,13,0.06,0.18,0.7313769751693002,0.42242503259452413,0.1307609860664523,0.04715969989281887,0.0,0.0,0.2792207792207792,0.0,0.5324675324675324,0.10550309345490068,0.5358176872596521,0.46683052678506115
bounded_cf_2,bounded_cf,0.6582505321462085,21,13,0.1,0.7,21,0.2,0.18,0.7242990654205608,0.42005420054200543,0.1264737406216506,0.08252947481243302,0.0,0.0,0.36666666666666664,0.0,0.5142857142857142,0.10094431781178768,0.5403400947542252,0.4449942213595696
bounded_cf_2,bounded_cf,0.6582505321462085,21,13,0.1,0.82,13,0.06,0.18,0.7494456762749445,0.42839036755386567,0.1264737406216506,0.027867095391211148,0.0,0.0,0.147239263803681,0.0,0.6932515337423313,0.11006186909801367,0.5360095971603029,0.5083749054531667
bounded_cf_2,bounded_cf,0.6582505321462085,21,13,0.1,0.82,13,0.12,0.18,0.7494456762749445,0.42839036755386567,0.12540192926045016,0.028938906752411574,0.0,0.0,0.15527950310559005,0.0,0.6956521739130435,0.11006186909801367,0.5330908546868096,0.5056369159369246
bounded_cf_2,bounded_cf,0.6582505321462085,21,13,0.1,0.82,13,0.12,0.3,0.7755555555555556,0.43679599499374216,0.1264737406216506,0.01714898177920686,0.0,0.0,0.08536585365853659,0.0,0.6890243902439024,0.11364376424617388,0.5294954727493477,0.5301962326843533
bounded_cf_2,bounded_cf,0.6582505321462085,21,13,0.1,0.82,13,0.2,0.18,0.7567567567567568,0.4307692307692308,0.12861736334405144,0.03536977491961415,0.0,0.0,0.20261437908496732,0.0,0.7058823529411765,0.10941061543471182,0.5331003253327775,0.49329894013838305
bounded_cf_2,bounded_cf,0.6582505321462085,21,13,0.1,0.82,21,0.12,0.18,0.7619047619047619,0.43243243243243246,0.12754555198285103,0.03965702036441586,0.0,0.0,0.16289592760180996,0.0,0.7104072398190046,0.10941061543471182,0.5370727451327824,0.5060297434973805
bounded_cf_2,bounded_cf,0.6582505321462085,21,13,0.1,0.82,21,0.12,0.3,0.7785234899328859,0.4377358490566038,0.1232583065380493,0.02465166130760986,0.0,0.0,0.08368200836820083,0.0,0.6861924686192469,0.11331813741452296,0.5319587794017262,0.5313554567926796
bounded_cf_2,bounded_cf,0.6582505321462085,21,13,0.22,0.55,13,0.06,0.44,0.7959641255605381,0.4431960049937578,0.1264737406216506,0.015005359056806002,0.0,0.0,0.06832298136645963,0.19875776397515527,0.2670807453416149,0.11559752523607945,0.5300091887211604,0.46095920279918223
bounded_cf_2,bounded_cf,0.6582505321462085,21,13,0.22,0.55,13,0.2,0.44,0.7963800904977375,0.4433249370277078,0.12004287245444802,0.028938906752411574,0.0,0.0,0.14457831325301204,0.24096385542168675,0.24096385542168675,0.11462064474112667,0.5323803463283987,0.4249016951618366
bounded_cf_2,bounded_cf,0.6582505321462085,21,13,0.22,0.55,21,0.06,0.18,0.6919540229885057,0.40896739130434784,0.12754555198285103,0.08360128617363344,0.0,0.0,0.3719806763285024,0.1932367149758454,0.28502415458937197,0.09801367632692934,0.5382244740476965,0.36518506280482416
bounded_cf_2,bounded_cf,0.6582505321462085,21,13,0.22,0.55,21,0.12,0.18,0.7009345794392523,0.41208791208791207,0.12540192926045016,0.09431939978563773,0.0,0.0,0.43137254901960786,0.20588235294117646,0.29901960784313725,0.09768804949527841,0.5402408445035445,0.3664435698625507
bounded_cf_2,bounded_cf,0.6582505321462085,21,13,0.22,0.55,21,0.2,0.18,0.7111650485436893,0.4156028368794326,0.12540192926045016,0.1189710610932476,0.0,0.0,0.5336538461538461,0.21153846153846154,0.2644230769230769,0.09540866167372192,0.5434181809385525,0.36069512164357787
bounded_cf_2,bounded_cf,0.6582505321462085,21,13,0.22,0.7,13,0.12,0.3,0.7873303167420814,0.44050632911392407,0.12861736334405144,0.02465166130760986,0.0,0.0,0.13253012048192772,0.10240963855421686,0.536144578313253,0.11331813741452296,0.5321646277776886,0.49564553154811314
bounded_cf_2,bounded_cf,0.6582505321462085,21,13,0.22,0.7,13,0.12,0.44,0.7888888888888889,0.4409937888198758,0.12218649517684887,0.015005359056806002,0.0,0.0,0.05421686746987952,0.0963855421686747,0.5301204819277109,0.11559752523607945,0.5314939649421482,0.5198122040366855
bounded_cf_2,bounded_cf,0.6582505321462085,21,13,0.22,0.7,13,0.2,0.3,0.7704545454545455,0.43517329910141206,0.1264737406216506,0.03858520900321544,0.0,0.0,0.2088607594936709,0.12658227848101267,0.5189873417721519,0.1103874959296646,0.5359701094457145,0.46539628395704197
bounded_cf_2,bounded_cf,0.6582505321462085,21,13,0.22,0.7,13,0.2,0.44,0.7871396895787139,0.44044665012406947,0.12004287245444802,0.01607717041800643,0.0,0.0,0.06547619047619048,0.10119047619047619,0.5357142857142857,0.11559752523607945,0.5281103248151888,0.5146685548610811
bounded_cf_2,bounded_cf,0.6582505321462085,21,13,0.22,0.7,21,0.06,0.44,0.7849223946784922,0.43975155279503103,0.12433011789924973,0.012861736334405145,0.0,0.0,0.04201680672268908,0.1092436974789916,0.5210084033613446,0.11527189840442853,0.5299110465475758,0.5194797775677564
bounded_cf_2,bounded_cf,0.6582505321462085,21,13,0.22,0.7,21,0.12,0.18,0.7231121281464531,0.4196547144754316,0.12861736334405144,0.06430868167202572,0.0,0.0,0.2830188679245283,0.13679245283018868,0.5330188679245284,0.10289807880169326,0.5387415854850717,0.4329070769140556
bounded_cf_2,bounded_cf,0.6582505321462085,21,13,0.22,0.7,21,0.12,0.44,0.7901785714285714,0.44139650872817954,0.12111468381564845,0.01929260450160772,0.0,0.0,0.06382978723404255,0.1148936170212766,0.5148936170212766,0.11527189840442853,0.5317717865128826,0.5129930364558468
bounded_cf_2,bounded_cf,0.6582505321462085,21,13,0.22,0.7,21,0.2,0.18,0.7242990654205608,0.42005420054200543,0.1264737406216506,0.08252947481243302,0.0,0.0,0.36666666666666664,0.13333333333333333,0.5142857142857142,0.10094431781178768,0.5403400947542252,0.4145180308833792
bounded_cf_2,bounded_cf,0.6582505321462085,21,13,0.22,0.7,21,0.2,0.44,0.7822222222222223,0.4389027431421446,0.1157556270096463,0.02465166130760986,0.0,0.0,0.09333333333333334,0.11555555555555555,0.5244444444444445,0.11462064474112667,0.5329524102610876,0.5029684382546944
bounded_cf_2,bounded_cf,0.6582505321462085,21,13,0.22,0.82,13,0.12,0.18,0.7494456762749445,0.42839036755386567,0.12540192926045016,0.028938906752411574,0.0,0.0,0.15527950310559005,0.06832298136645963,0.6956521739130435,0.11006186909801367,0.5330908546868096,0.4900202344817339
bounded_cf_2,bounded_cf,0.6582505321462085,21,13,0.22,0.82,13,0.12,0.3,0.7755555555555556,0.43679599499374216,0.1264737406216506,0.01714898177920686,0.0,0.0,0.08536585365853659,0.06097560975609756,0.6890243902439024,0.11364376424617388,0.5294954727493477,0.5162589504543881
bounded_cf_2,bounded_cf,0.6582505321462085,21,13,0.22,0.82,13,0.2,0.44,0.7849223946784922,0.43975155279503103,0.12218649517684887,0.015005359056806002,0.0,0.0,0.06358381502890173,0.06358381502890173,0.6994219653179191,0.11527189840442853,0.5321926145282341,0.5240094305901936
bounded_cf_2,bounded_cf,0.6582505321462085,21,13,0.22,0.82,21,0.06,0.18,0.755056179775281,0.43021766965428937,0.12754555198285103,0.03536977491961415,0.0,0.0,0.14285714285714285,0.08755760368663594,0.7050691244239631,0.10941061543471182,0.5356575403153967,0.4904015214742321
bounded_cf_2,bounded_cf,0.6582505321462085,21,13,0.22,0.82,21,0.06,0.3,0.7738359201773836,0.43625,0.12433011789924973,0.01822079314040729,0.0,0.0,0.07079646017699115,0.0752212389380531,0.7035398230088495,0.11364376424617388,0.5308679249616617,0.5170074747060903
bounded_cf_2,bounded_cf,0.6582505321462085,21,13,0.22,0.82,21,0.12,0.18,0.7619047619047619,0.43243243243243246,0.12754555198285103,0.03965702036441586,0.0,0.0,0.16289592760180996,0.08597285067873303,0.7104072398190046,0.10941061543471182,0.5370727451327824,0.48637880619938434
bounded_cf_2,bounded_cf,0.6582505321462085,21,13,0.22,0.82,21,0.12,0.3,0.7785234899328859,0.4377358490566038,0.1232583065380493,0.02465166130760986,0.0,0.0,0.08368200836820083,0.08786610878661087,0.6861924686192469,0.11331813741452296,0.5319587794017262,0.5112717747843114
bounded_cf_2,bounded_cf,0.6582505321462085,21,13,0.22,0.82,21,0.12,0.44,0.7770419426048565,0.4372670807453416,0.12111468381564845,0.01607717041800643,0.0,0.0,0.036734693877551024,0.0653061224489796,0.710204081632653,0.11462064474112667,0.5310705808818379,0.5296618766166181
bounded_cf_2,bounded_cf,0.6582505321462085,21,13,0.22,0.82,21,0.2,0.3,0.7792792792792793,0.4379746835443038,0.1232583065380493,0.030010718113612004,0.0,0.0,0.11946902654867257,0.08849557522123894,0.672566371681416,0.1126668837512211,0.534081482865705,0.5011986189911152
bounded_cf_2,bounded_cf,0.6582505321462085,21,13,0.36,0.55,13,0.06,0.44,0.7959641255605381,0.4431960049937578,0.1264737406216506,0.015005359056806002,0.0,0.0,0.06832298136645963,0.35403726708074534,0.2670807453416149,0.11559752523607945,0.5300091887211604,0.4263895488506463
bounded_cf_2,bounded_cf,0.6582505321462085,21,13,0.36,0.55,13,0.12,0.18,0.7294117647058823,0.4217687074829932,0.12754555198285103,0.08467309753483387,0.0,0.0,0.4936708860759494,0.3670886075949367,0.24050632911392406,0.10094431781178768,0.5401040877873926,0.3286090530902122
bounded_cf_2,bounded_cf,0.6582505321462085,21,13,0.36,0.55,13,0.12,0.3,0.773972602739726,0.4362934362934363,0.1264737406216506,0.04072883172561629,0.0,0.0,0.2073170731707317,0.35365853658536583,0.27439024390243905,0.1103874959296646,0.533373396431374,0.383773992401497
bounded_cf_2,bounded_cf,0.6582505321462085,21,13,0.36,0.55,13,0.2,0.18,0.7266187050359713,0.42083333333333334,0.12861736334405144,0.09967845659163987,0.0,0.0,0.5714285714285714,0.38509316770186336,0.22981366459627328,0.0986649299902312,0.5440310493174612,0.32635428032394376
bounded_cf_2,bounded_cf,0.6582505321462085,21,13,0.36,0.55,21,0.06,0.18,0.6919540229885057,0.40896739130434784,0.12754555198285103,0.08360128617363344,0.0,0.0,0.3719806763285024,0.3526570048309179,0.28502415458937197,0.09801367632692934,0.5382244740476965,0.3293534547993031
bounded_cf_2,bounded_cf,0.6582505321462085,21,13,0.36,0.55,21,0.06,0.3,0.7767653758542141,0.4371794871794872,0.12861736334405144,0.03536977491961415,0.0,0.0,0.1415929203539823,0.37168141592920356,0.2920353982300885,0.11103874959296646,0.5325154963827132,0.40622674775473383
bounded_cf_2,bounded_cf,0.6582505321462085,21,13,0.36,0.55,21,0.2,0.18,0.7111650485436893,0.4156028368794326,0.12540192926045016,0.1189710610932476,0.0,0.0,0.5336538461538461,0.3605769230769231,0.2644230769230769,0.09540866167372192,0.5434181809385525,0.32904676999522625
bounded_cf_2,bounded_cf,0.6582505321462085,21,13,0.36,0.7,13,0.06,0.44,0.8008948545861297,0.44472049689440996,0.12861736334405144,0.00857449088960343,0.0,0.0,0.03468208092485549,0.2138728323699422,0.5375722543352601,0.11657440573103224,0.5300209259069502,0.500707560768713
bounded_cf_2,bounded_cf,0.6582505321462085,21,13,0.36,0.7,13,0.12,0.18,0.7471264367816092,0.4276315789473684,0.1307609860664523,0.05466237942122187,0.0,0.0,0.3246753246753247,0.2532467532467532,0.5194805194805194,0.10582872028655162,0.5382114699174543,0.39899396134931164
bounded_cf_2,bounded_cf,0.6582505321462085,21,13,0.36,0.7,13,0.12,0.44,0.7888888888888889,0.4409937888198758,0.12218649517684887,0.015005359056806002,0.0,0.0,0.05421686746987952,0.22289156626506024,0.5301204819277109,0.11559752523607945,0.5314939649421482,0.490896541386083
bounded_cf_2,bounded_cf,0.6582505321462085,21,13,0.36,0.7,13,0.2,0.18,0.7570754716981132,0.43087248322147653,0.13719185423365488,0.06430868167202572,0.0,0.0,0.37341772151898733,0.22784810126582278,0.5443037974683544,0.1045262129599479,0.538124421224824,0.39915010003797896
bounded_cf_2,bounded_cf,0.6582505321462085,21,13,0.36,0.7,13,0.2,0.44,0.7871396895787139,0.44044665012406947,0.12004287245444802,0.01607717041800643,0.0,0.0,0.06547619047619048,0.22023809523809523,0.5357142857142857,0.11559752523607945,0.5281103248151888,0.48745767050733957
bounded_cf_2,bounded_cf,0.6582505321462085,21,13,0.36,0.7,21,0.06,0.18,0.7231121281464531,0.4196547144754316,0.13290460878885316,0.06002143622722401,0.0,0.0,0.2631578947368421,0.24401913875598086,0.5167464114832536,0.10289807880169326,0.5375141431207646,0.4140294593312688
bounded_cf_2,bounded_cf,0.6582505321462085,21,13,0.36,0.7,21,0.12,0.18,0.7231121281464531,0.4196547144754316,0.12861736334405144,0.06430868167202572,0.0,0.0,0.2830188679245283,0.25,0.5330188679245284,0.10289807880169326,0.5387415854850717,0.4070310661323845
bounded_cf_2,bounded_cf,0.6582505321462085,21,13,0.36,0.7,21,0.2,0.3,0.7676537585421412,0.43427835051546393,0.12111468381564845,0.04715969989281887,0.0,0.0,0.19457013574660634,0.23529411764705882,0.5158371040723982,0.10973624226636275,0.5349819295888651,0.44373629425447264
bounded_cf_2,bounded_cf,0.6582505321462085,21,13,0.36,0.82,13,0.2,0.18,0.7567567567567568,0.4307692307692308,0.12861736334405144,0.03536977491961415,0.0,0.0,0.20261437908496732,0.1437908496732026,0.7058823529411765,0.10941061543471182,0.5331003253327775,0.4604324602130796
bounded_cf_2,bounded_cf,0.6582505321462085,21,13,0.36,0.82,13,0.2,0.44,0.7849223946784922,0.43975155279503103,0.12218649517684887,0.015005359056806002,0.0,0.0,0.06358381502890173,0.16184971098265896,0.6994219653179191,0.11527189840442853,0.5321926145282341,0.5015486543721919
random_cf_1,random_cf,0.10978777645362256,21,13,0.1,0.55,13,0.12,0.18,0.7559241706161137,0.43049932523616735,0.11525795828759605,0.07135016465422613,0.0,0.0,0.44366197183098594,0.0,0.21830985915492956,0.09019863236730706,0.5902514943039294,0.4173429382878427
random_cf_1,random_cf,0.10978777645362256,21,13,0.1,0.55,13,0.12,0.3,0.7674943566591422,0.4342273307790549,0.09769484083424808,0.042810098792535674,0.0,0.0,0.23214285714285715,0.0,0.2261904761904762,0.0928036470205145,0.5857843152451627,0.454715661243894
random_cf_1,random_cf,0.10978777645362256,21,13,0.1,0.55,21,0.06,0.18,0.7577197149643705,0.43108108108108106,0.1141602634467618,0.07354555433589462,0.0,0.0,0.3316582914572864,0.0,0.22110552763819097,0.09019863236730706,0.5911110535117405,0.4234682355670838
random_cf_1,random_cf,0.10978777645362256,21,13,0.1,0.55,21,0.06,0.44,0.7982062780269058,0.44389027431421446,0.09879253567508232,0.020856201975850714,0.0,0.0,0.06854838709677419,0.0,0.22983870967741934,0.0986649299902312,0.5853898544588463,0.5082027791413978
random_cf_1,random_cf,0.10978777645362256,21,13,0.1,0.55,21,0.12,0.18,0.7764127764127764,0.43706777316735823,0.1163556531284303,0.09001097694840834,0.0,0.0,0.39705882352941174,0.0,0.21568627450980393,0.08791924454575056,0.593933313858199,0.42069635538516964
random_cf_1,random_cf,0.10978777645362256,21,13,0.1,0.55,21,0.12,0.3,0.7813953488372093,0.4386422976501306,0.09989023051591657,0.059275521405049394,0.0,0.0,0.2217573221757322,0.0,0.20920502092050208,0.09215239335721263,0.5892284022447511,0.45724186275034134
random_cf_1,random_cf,0.10978777645362256,21,13,0.1,0.7,13,0.06,0.18,0.7688787185354691,0.4346701164294955,0.10757409440175632,0.043907793633369926,0.0,0.0,0.2582781456953642,0.0,0.41721854304635764,0.09443178117876913,0.587477810485326,0.4816206563286487
random_cf_1,random_cf,0.10978777645362256,21,13,0.1,0.7,21,0.2,0.18,0.7881773399014779,0.44077134986225897,0.11306256860592755,0.09001097694840834,0.0,0.0,0.37327188940092165,0.0,0.45161290322580644,0.09182676652556171,0.5902019149145952,0.4638845852538944
random_cf_1,random_cf,0.10978777645362256,21,13,0.1,0.82,13,0.06,0.18,0.7813211845102506,0.43861892583120204,0.10867178924259056,0.03293084522502744,0.0,0.0,0.1761006289308176,0.0,0.5974842767295597,0.09736242266362748,0.5885469093416813,0.5136195633803405
random_cf_1,random_cf,0.10978777645362256,21,13,0.1,0.82,13,0.12,0.18,0.7772727272727272,0.4373401534526854,0.10537870472008781,0.036223929747530186,0.0,0.0,0.189873417721519,0.0,0.6392405063291139,0.09540866167372192,0.5887892854070969,0.5089303002646265
random_cf_1,random_cf,0.10978777645362256,21,13,0.1,0.82,13,0.12,0.3,0.7787610619469026,0.43781094527363185,0.09659714599341383,0.020856201975850714,0.0,0.0,0.10126582278481013,0.0,0.6329113924050633,0.09736242266362748,0.5856976606696318,0.5344913848024676
random_cf_1,random_cf,0.10978777645362256,21,13,0.1,0.82,13,0.2,0.18,0.7837209302325582,0.439374185136897,0.10757409440175632,0.050493962678375415,0.0,0.0,0.2913907284768212,0.0,0.5894039735099338,0.09573428850537284,0.5894566295693746,0.48077188665362214
random_cf_1,random_cf,0.10978777645362256,21,13,0.1,0.82,21,0.12,0.18,0.7767441860465116,0.43717277486910994,0.10647639956092206,0.054884742041712405,0.0,0.0,0.20502092050209206,0.0,0.6443514644351465,0.0928036470205145,0.5879365924285478,0.5039036985529681
random_cf_1,random_cf,0.10978777645362256,21,13,0.1,0.82,21,0.12,0.3,0.7678571428571429,0.43434343434343436,0.09440175631174534,0.036223929747530186,0.0,0.0,0.13716814159292035,0.0,0.5973451327433629,0.0941061543471182,0.5906701704272255,0.5225493729453441
random_cf_1,random_cf,0.10978777645362256,21,13,0.22,0.55,13,0.06,0.44,0.789010989010989,0.44103194103194104,0.09440175631174534,0.012074643249176729,0.0,0.0,0.05232558139534884,0.19767441860465115,0.19767441860465115,0.09899055682188213,0.5855847542390731,0.4605242999541009
random_cf_1,random_cf,0.10978777645362256,21,13,0.22,0.55,13,0.2,0.44,0.8084632516703786,0.44704433497536944,0.08562019758507135,0.02305159165751921,0.0,0.0,0.10650887573964497,0.20710059171597633,0.22485207100591717,0.09899055682188213,0.5873163151044576,0.45121270030955934
random_cf_1,random_cf,0.10978777645362256,21,13,0.22,0.55,21,0.06,0.18,0.7577197149643705,0.43108108108108106,0.1141602634467618,0.07354555433589462,0.0,0.0,0.3316582914572864,0.21105527638190955,0.22110552763819097,0.09019863236730706,0.5911110535117405,0.375227029536933
random_cf_1,random_cf,0.10978777645362256,21,13,0.22,0.55,21,0.12,0.18,0.7764127764127764,0.43706777316735823,0.1163556531284303,0.09001097694840834,0.0,0.0,0.39705882352941174,0.21568627450980393,0.21568627450980393,0.08791924454575056,0.593933313858199,0.37139663549721447
random_cf_1,random_cf,0.10978777645362256,21,13,0.22,0.55,21,0.2,0.18,0.764102564102564,0.4331395348837209,0.1207464324917673,0.12403951701427003,0.0,0.0,0.5656565656565656,0.23232323232323232,0.19696969696969696,0.08498860306089222,0.5958995002189869,0.36133020179537917
random_cf_1,random_cf,0.10978777645362256,21,13,0.22,0.7,13,0.12,0.3,0.7775280898876404,0.43742098609355246,0.09989023051591657,0.031833150384193196,0.0,0.0,0.17834394904458598,0.1464968152866242,0.43312101910828027,0.095083034842071,0.5841463741418378,0.4752774206984555
random_cf_1,random_cf,0.10978777645362256,21,13,0.22,0.7,13,0.12,0.44,0.7978021978021979,0.44376528117359415,0.09110867178924259,0.010976948408342482,0.0,0.0,0.05357142857142857,0.17261904761904762,0.35119047619047616,0.09931618365353305,0.5851408841063732,0.4947673980844187
random_cf_1,random_cf,0.10978777645362256,21,13,0.22,0.7,13,0.2,0.3,0.7844036697247706,0.43958868894601544,0.10098792535675083,0.04500548847420417,0.0,0.0,0.2468354430379747,0.15822784810126583,0.41139240506329117,0.09605991533702377,0.5895207301482399,0.45076189633914787
random_cf_1,random_cf,0.10978777645362256,21,13,0.22,0.7,13,0.2,0.44,0.7942477876106194,0.44266337854500615,0.0889132821075741,0.020856201975850714,0.0,0.0,0.10429447852760736,0.15950920245398773,0.3803680981595092,0.09801367632692934,0.5889069334355308,0.4880743406301352
random_cf_1,random_cf,0.10978777645362256,21,13,0.22,0.7,21,0.06,0.44,0.802660753880266,0.44526445264452646,0.09769484083424808,0.009879253567508232,0.0,0.0,0.03225806451612903,0.16129032258064516,0.40725806451612906,0.09964181048518397,0.5851552102113902,0.5143327847639523
random_cf_1,random_cf,0.10978777645362256,21,13,0.22,0.7,21,0.12,0.18,0.7748815165876777,0.43658210947930576,0.10976948408342481,0.06805708013172337,0.0,0.0,0.2897196261682243,0.14953271028037382,0.4439252336448598,0.090524259198958,0.5882461789305125,0.44381738468308385
random_cf_1,random_cf,0.10978777645362256,21,13,0.22,0.7,21,0.12,0.44,0.7951541850220264,0.4429447852760736,0.08781558726673985,0.01756311745334797,0.0,0.0,0.05622489959839357,0.1686746987951807,0.40160642570281124,0.10061869098013676,0.5855005780783791,0.5031999048187803
random_cf_1,random_cf,0.10978777645362256,21,13,0.22,0.7,21,0.2,0.18,0.7881773399014779,0.44077134986225897,0.11306256860592755,0.09001097694840834,0.0,0.0,0.37327188940092165,0.1382488479262673,0.45161290322580644,0.09182676652556171,0.5902019149145952,0.43228484858503335
random_cf_1,random_cf,0.10978777645362256,21,13,0.22,0.7,21,0.2,0.44,0.796875,0.4434782608695652,0.08342480790340286,0.03293084522502744,0.0,0.0,0.10077519379844961,0.16666666666666666,0.4263565891472868,0.09703679583197655,0.5868631935122932,0.4954842529060999
random_cf_1,random_cf,0.10978777645362256,21,13,0.22,0.82,13,0.12,0.18,0.7772727272727272,0.4373401534526854,0.10537870472008781,0.036223929747530186,0.0,0.0,0.189873417721519,0.08227848101265822,0.6392405063291139,0.09540866167372192,0.5887892854070969,0.49012379031887604
random_cf_1,random_cf,0.10978777645362256,21,13,0.22,0.82,13,0.12,0.3,0.7787610619469026,0.43781094527363185,0.09659714599341383,0.020856201975850714,0.0,0.0,0.10126582278481013,0.10126582278481013,0.6329113924050633,0.09736242266362748,0.5856976606696318,0.5113449110230824
random_cf_1,random_cf,0.10978777645362256,21,13,0.22,0.82,13,0.2,0.44,0.7924944812362031,0.4421182266009852,0.09440175631174534,0.014270032930845226,0.0,0.0,0.04938271604938271,0.09259259259259259,0.6234567901234568,0.10029306414848584,0.5844255534154408,0.5306164930706188
random_cf_1,random_cf,0.10978777645362256,21,13,0.22,0.82,21,0.06,0.18,0.7685185185185185,0.43455497382198954,0.10976948408342481,0.05159165751920966,0.0,0.0,0.19736842105263158,0.08771929824561403,0.618421052631579,0.09117551286225985,0.5888928218273168,0.4847997020856847
random_cf_1,random_cf,0.10978777645362256,21,13,0.22,0.82,21,0.06,0.3,0.78,0.43820224719101125,0.09989023051591657,0.020856201975850714,0.0,0.0,0.07142857142857142,0.07563025210084033,0.6218487394957983,0.09605991533702377,0.585950697378163,0.5260327832733553
random_cf_1,random_cf,0.10978777645362256,21,13,0.22,0.82,21,0.12,0.18,0.7767441860465116,0.43717277486910994,0.10647639956092206,0.054884742041712405,0.0,0.0,0.20502092050209206,0.0794979079497908,0.6443514644351465,0.0928036470205145,0.5879365924285478,0.4857327481644445
random_cf_1,random_cf,0.10978777645362256,21,13,0.22,0.82,21,0.12,0.3,0.7678571428571429,0.43434343434343436,0.09440175631174534,0.036223929747530186,0.0,0.0,0.13716814159292035,0.084070796460177,0.5973451327433629,0.0941061543471182,0.5906701704272255,0.5033331908973037
random_cf_1,random_cf,0.10978777645362256,21,13,0.22,0.82,21,0.12,0.44,0.7982261640798226,0.4438964241676942,0.09769484083424808,0.012074643249176729,0.0,0.0,0.03375527426160337,0.08016877637130802,0.6033755274261603,0.0986649299902312,0.5851831650711965,0.5391973313664479
random_cf_1,random_cf,0.10978777645362256,21,13,0.22,0.82,21,0.2,0.3,0.7917620137299771,0.44189016602809705,0.09659714599341383,0.043907793633369926,0.0,0.0,0.16194331983805668,0.08097165991902834,0.6032388663967612,0.09573428850537284,0.5916503715720474,0.501236681943289
random_cf_1,random_cf,0.10978777645362256,21,13,0.36,0.55,13,0.06,0.44,0.789010989010989,0.44103194103194104,0.09440175631174534,0.012074643249176729,0.0,0.0,0.05232558139534884,0.37209302325581395,0.19767441860465115,0.09899055682188213,0.5855847542390731,0.42570702420659257
random_cf_1,random_cf,0.10978777645362256,21,13,0.36,0.55,13,0.12,0.18,0.7559241706161137,0.43049932523616735,0.11525795828759605,0.07135016465422613,0.0,0.0,0.44366197183098594,0.352112676056338,0.21830985915492956,0.09019863236730706,0.5902514943039294,0.3373429382878427
random_cf_1,random_cf,0.10978777645362256,21,13,0.36,0.55,13,0.12,0.3,0.7674943566591422,0.4342273307790549,0.09769484083424808,0.042810098792535674,0.0,0.0,0.23214285714285715,0.38095238095238093,0.2261904761904762,0.0928036470205145,0.5857843152451627,0.374715661243894
random_cf_1,random_cf,0.10978777645362256,21,13,0.36,0.55,13,0.2,0.18,0.7829268292682927,0.43912448700410395,0.1141602634467618,0.08342480790340286,0.0,0.0,0.5211267605633803,0.3732394366197183,0.21830985915492956,0.08987300553565614,0.5924782623677987,0.34230138191655846
random_cf_1,random_cf,0.10978777645362256,21,13,0.36,0.55,21,0.06,0.18,0.7577197149643705,0.43108108108108106,0.1141602634467618,0.07354555433589462,0.0,0.0,0.3316582914572864,0.4120603015075377,0.22110552763819097,0.09019863236730706,0.5911110535117405,0.3434682355670837
random_cf_1,random_cf,0.10978777645362256,21,13,0.36,0.55,21,0.06,0.3,0.771689497716895,0.43556701030927836,0.09989023051591657,0.048298572996706916,0.0,0.0,0.18061674008810572,0.41409691629955947,0.2290748898678414,0.09378052751546727,0.5889331918343512,0.39097371161607686
random_cf_1,random_cf,0.10978777645362256,21,13,0.36,0.55,21,0.2,0.18,0.764102564102564,0.4331395348837209,0.1207464324917673,0.12403951701427003,0.0,0.0,0.5656565656565656,0.41414141414141414,0.19696969696969696,0.08498860306089222,0.5958995002189869,0.33443265489783225
random_cf_1,random_cf,0.10978777645362256,21,13,0.36,0.7,13,0.06,0.44,0.7982261640798226,0.4438964241676942,0.09769484083424808,0.012074643249176729,0.0,0.0,0.041176470588235294,0.3058823529411765,0.3352941176470588,0.09964181048518397,0.5848368175832976,0.4650153629883979
random_cf_1,random_cf,0.10978777645362256,21,13,0.36,0.7,13,0.12,0.18,0.771889400921659,0.435630689206762,0.10537870472008781,0.050493962678375415,0.0,0.0,0.2922077922077922,0.2662337662337662,0.42857142857142855,0.09345490068381634,0.5872343346567348,0.4134462301797445
random_cf_1,random_cf,0.10978777645362256,21,13,0.36,0.7,13,0.12,0.44,0.7978021978021979,0.44376528117359415,0.09110867178924259,0.010976948408342482,0.0,0.0,0.05357142857142857,0.30357142857142855,0.35119047619047616,0.09931618365353305,0.5851408841063732,0.4648354252953031
random_cf_1,random_cf,0.10978777645362256,21,13,0.36,0.7,13,0.2,0.18,0.7961630695443646,0.4432576769025367,0.1141602634467618,0.06366630076838639,0.0,0.0,0.37583892617449666,0.22818791946308725,0.4228187919463087,0.09475740801042006,0.5918260812131195,0.40929629149788566
random_cf_1,random_cf,0.10978777645362256,21,13,0.36,0.7,13,0.2,0.44,0.7942477876106194,0.44266337854500615,0.0889132821075741,0.020856201975850714,0.0,0.0,0.10429447852760736,0.294478527607362,0.3803680981595092,0.09801367632692934,0.5889069334355308,0.4572242091665068
random_cf_1,random_cf,0.10978777645362256,21,13,0.36,0.7,21,0.06,0.18,0.7517241379310344,0.42913385826771655,0.10537870472008781,0.05817782656421515,0.0,0.0,0.23148148148148148,0.28703703703703703,0.44907407407407407,0.0928036470205145,0.5876361353224713,0.4257923190371784
random_cf_1,random_cf,0.10978777645362256,21,13,0.36,0.7,21,0.12,0.18,0.7748815165876777,0.43658210947930576,0.10976948408342481,0.06805708013172337,0.0,0.0,0.2897196261682243,0.2850467289719626,0.4439252336448598,0.090524259198958,0.5882461789305125,0.4128427518392921
random_cf_1,random_cf,0.10978777645362256,21,13,0.36,0.7,21,0.2,0.3,0.7883720930232558,0.4408322496749025,0.09659714599341383,0.059275521405049394,0.0,0.0,0.22466960352422907,0.31718061674008813,0.40969162995594716,0.09312927385216542,0.5910007648989284,0.4210596502174995
random_cf_1,random_cf,0.10978777645362256,21,13,0.36,0.82,13,0.2,0.18,0.7837209302325582,0.439374185136897,0.10757409440175632,0.050493962678375415,0.0,0.0,0.2913907284768212,0.17880794701986755,0.5894039735099338,0.09573428850537284,0.5894566295693746,0.4399014987633667
random_cf_1,random_cf,0.10978777645362256,21,13,0.36,0.82,13,0.2,0.44,0.7924944812362031,0.4421182266009852,0.09440175631174534,0.014270032930845226,0.0,0.0,0.04938271604938271,0.1728395061728395,0.6234567901234568,0.10029306414848584,0.5844255534154408,0.5122743413951336
fib_13_21,rational,0.6550476190476191,21,13,0.1,0.55,13,0.12,0.18,0.7594339622641509,0.4316353887399464,0.05750798722044728,0.14802981895633652,0.0,0.0,0.6153846153846154,0.0,0.22485207100591717,0.10224682513839141,0.3741195352375596,0.3862371242235963
fib_13_21,rational,0.6550476190476191,21,13,0.1,0.55,13,0.12,0.3,0.7688787185354691,0.4346701164294955,0.046858359957401494,0.1299254526091587,0.0,0.0,0.48863636363636365,0.0,0.23295454545454544,0.10550309345490068,0.3699909282457676,0.38929553557419194
fib_13_21,rational,0.6550476190476191,21,13,0.1,0.55,21,0.06,0.18,0.7444168734491315,0.4267425320056899,0.06815761448349308,0.18317358892438765,0.0,0.0,0.5572519083969466,0.0,0.1717557251908397,0.09540866167372192,0.5987018240631186,0.4045993485339271
fib_13_21,rational,0.6550476190476191,21,13,0.1,0.55,21,0.06,0.44,0.7936507936507936,0.4424778761061947,0.04153354632587859,0.11608093716719915,0.0,0.0,0.2664359861591695,0.0,0.1695501730103806,0.10875936177140996,0.37188634989846603,0.40705675094250215
fib_13_21,rational,0.6550476190476191,21,13,0.1,0.55,21,0.12,0.18,0.7593984962406015,0.43162393162393164,0.058572949946751864,0.19382321618743345,0.0,0.0,0.6096654275092936,0.0,0.17843866171003717,0.0963855421686747,0.37685803865636547,0.37716469832438165
fib_13_21,rational,0.6550476190476191,21,13,0.1,0.55,21,0.12,0.3,0.7619047619047619,0.43243243243243246,0.04579339723109691,0.16613418530351437,0.0,0.0,0.47183098591549294,0.0,0.14788732394366197,0.09964181048518397,0.372840111934131,0.37236869746260587
fib_13_21,rational,0.6550476190476191,21,13,0.1,0.7,13,0.06,0.18,0.7471783295711061,0.42764857881136953,0.051118210862619806,0.12460063897763578,0.0,0.0,0.423728813559322,0.0,0.5141242937853108,0.10517746662324975,0.5969847220191926,0.455802611019577
fib_13_21,rational,0.6550476190476191,21,13,0.1,0.7,21,0.2,0.18,0.7487562189054726,0.42816500711237554,0.055378061767838126,0.1959531416400426,0.0,0.0,0.528169014084507,0.0,0.4084507042253521,0.095083034842071,0.6010953368892076,0.4474473040171594
fib_13_21,rational,0.6550476190476191,21,13,0.1,0.82,13,0.06,0.18,0.7331887201735358,0.4230287859824781,0.042598509052183174,0.10649627263045794,0.0,0.0,0.2823529411764706,0.0,0.6470588235294118,0.10517746662324975,0.3698531738664689,0.4412684377402344
fib_13_21,rational,0.6550476190476191,21,13,0.1,0.82,13,0.12,0.18,0.7337662337662337,0.4232209737827715,0.04046858359957402,0.10649627263045794,0.0,0.0,0.2976190476190476,0.0,0.6607142857142857,0.10354933246499512,0.36995323560896365,0.4370773134079891
fib_13_21,rational,0.6550476190476191,21,13,0.1,0.82,13,0.12,0.3,0.7505422993492408,0.42874845105328374,0.039403620873269436,0.10117145899893504,0.0,0.0,0.24157303370786518,0.0,0.6741573033707865,0.10582872028655162,0.5976152469306795,0.4881789369363021
fib_13_21,rational,0.6550476190476191,21,13,0.1,0.82,13,0.2,0.18,0.7298474945533769,0.42191435768261965,0.042598509052183174,0.11182108626198083,0.0,0.0,0.3151515151515151,0.0,0.6666666666666666,0.10289807880169326,0.37225974236887016,0.43151920246453623
fib_13_21,rational,0.6550476190476191,21,13,0.1,0.82,21,0.12,0.18,0.7384259259259259,0.4247669773635153,0.05005324813631523,0.1501597444089457,0.0,0.0,0.3574007220216607,0.0,0.5776173285198556,0.09996743731683491,0.599466573020264,0.45390976116993914
fib_13_21,rational,0.6550476190476191,21,13,0.1,0.82,21,0.12,0.3,0.7528089887640449,0.42948717948717946,0.042598509052183174,0.12673056443024494,0.0,0.0,0.2727272727272727,0.0,0.5636363636363636,0.10387495929664604,0.3728378491881057,0.4475219933106466
fib_13_21,rational,0.6550476190476191,21,13,0.22,0.55,13,0.06,0.44,0.7872807017543859,0.4404907975460123,0.03727369542066028,0.09478168264110756,0.0,0.0,0.27419354838709675,0.20967741935483872,0.22043010752688172,0.11006186909801367,0.3662547092991447,0.36459673930838077
fib_13_21,rational,0.6550476190476191,21,13,0.22,0.55,13,0.2,0.44,0.7785234899328859,0.4377358490566038,0.038338658146964855,0.11501597444089456,0.0,0.0,0.37058823529411766,0.19411764705882353,0.2529411764705882,0.10713122761315533,0.3704899271374439,0.35073121298605814
fib_13_21,rational,0.6550476190476191,21,13,0.22,0.55,21,0.06,0.18,0.7444168734491315,0.4267425320056899,0.06815761448349308,0.18317358892438765,0.0,0.0,0.5572519083969466,0.24427480916030533,0.1717557251908397,0.09540866167372192,0.5987018240631186,0.348765106440143
fib_13_21,rational,0.6550476190476191,21,13,0.22,0.55,21,0.12,0.18,0.7593984962406015,0.43162393162393164,0.058572949946751864,0.19382321618743345,0.0,0.0,0.6096654275092936,0.23048327137546468,0.17843866171003717,0.0963855421686747,0.37685803865636547,0.32448280772427546
fib_13_21,rational,0.6550476190476191,21,13,0.22,0.55,21,0.2,0.18,0.7616580310880829,0.4323529411764706,0.05750798722044728,0.21831735889243875,0.0,0.0,0.7237354085603113,0.22568093385214008,0.16342412451361868,0.09182676652556171,0.6009402033234972,0.3541037971347661
fib_13_21,rational,0.6550476190476191,21,13,0.22,0.7,13,0.12,0.3,0.738562091503268,0.424812030075188,0.03727369542066028,0.11288604898828541,0.0,0.0,0.3386243386243386,0.1164021164021164,0.5079365079365079,0.1045262129599479,0.37172251137320556,0.3996764116972679
fib_13_21,rational,0.6550476190476191,21,13,0.22,0.7,13,0.12,0.44,0.7553648068669528,0.43031784841075793,0.03407880724174654,0.09478168264110756,0.0,0.0,0.23626373626373626,0.10989010989010989,0.5,0.10843373493975904,0.5922385547221272,0.4648349554386627
fib_13_21,rational,0.6550476190476191,21,13,0.22,0.7,13,0.2,0.3,0.7505567928730512,0.4287531806615776,0.042598509052183174,0.12034078807241747,0.0,0.0,0.37158469945355194,0.1092896174863388,0.5245901639344263,0.10420058612829697,0.3715929086974884,0.4000526507984807
fib_13_21,rational,0.6550476190476191,21,13,0.22,0.7,13,0.2,0.44,0.7697368421052632,0.4349442379182156,0.03727369542066028,0.1033013844515442,0.0,0.0,0.23711340206185566,0.12886597938144329,0.4896907216494845,0.10875936177140996,0.5966628157933231,0.46327359700630977
fib_13_21,rational,0.6550476190476191,21,13,0.22,0.7,21,0.06,0.44,0.7721238938053098,0.43570536828963796,0.04153354632587859,0.10543130990415335,0.0,0.0,0.18181818181818182,0.2012987012987013,0.38311688311688313,0.11006186909801367,0.36560718020406535,0.4186168688773595
fib_13_21,rational,0.6550476190476191,21,13,0.22,0.7,21,0.12,0.18,0.7403846153846154,0.425414364640884,0.051118210862619806,0.17784877529286475,0.0,0.0,0.47079037800687284,0.18900343642611683,0.4054982817869416,0.09671116900032563,0.5978045612244596,0.4021969106207811
fib_13_21,rational,0.6550476190476191,21,13,0.22,0.7,21,0.12,0.44,0.7589285714285714,0.43147208121827413,0.039403620873269436,0.12140575079872204,0.0,0.0,0.2422145328719723,0.19377162629757785,0.3875432525951557,0.10647997394985347,0.5956690070522321,0.43326007244370857
fib_13_21,rational,0.6550476190476191,21,13,0.22,0.7,21,0.2,0.18,0.7487562189054726,0.42816500711237554,0.055378061767838126,0.1959531416400426,0.0,0.0,0.528169014084507,0.1795774647887324,0.4084507042253521,0.095083034842071,0.6010953368892076,0.4064010263511634
fib_13_21,rational,0.6550476190476191,21,13,0.22,0.7,21,0.2,0.44,0.7454954954954955,0.4270967741935484,0.03727369542066028,0.13738019169329074,0.0,0.0,0.2808219178082192,0.21232876712328766,0.3972602739726027,0.10257245197004233,0.37174859784795844,0.3855081192929981
fib_13_21,rational,0.6550476190476191,21,13,0.22,0.82,13,0.12,0.18,0.7337662337662337,0.4232209737827715,0.04046858359957402,0.10649627263045794,0.0,0.0,0.2976190476190476,0.08928571428571429,0.6607142857142857,0.10354933246499512,0.36995323560896365,0.41666915014268296
fib_13_21,rational,0.6550476190476191,21,13,0.22,0.82,13,0.12,0.3,0.7505422993492408,0.42874845105328374,0.039403620873269436,0.10117145899893504,0.0,0.0,0.24157303370786518,0.0898876404494382,0.6741573033707865,0.10582872028655162,0.5976152469306795,0.46763319054785907
fib_13_21,rational,0.6550476190476191,21,13,0.22,0.82,13,0.2,0.44,0.7662337662337663,0.4338235294117647,0.039403620873269436,0.09158679446219382,0.0,0.0,0.1791907514450867,0.08670520231213873,0.6589595375722543,0.10941061543471182,0.5938436974686996,0.4887481590062705
fib_13_21,rational,0.6550476190476191,21,13,0.22,0.82,21,0.06,0.18,0.7384259259259259,0.4247669773635153,0.05644302449414271,0.14376996805111822,0.0,0.0,0.33935018050541516,0.1624548736462094,0.5848375451263538,0.10029306414848584,0.597844014004784,0.41977479041573357
fib_13_21,rational,0.6550476190476191,21,13,0.22,0.82,21,0.06,0.3,0.7377777777777778,0.42455242966751916,0.042598509052183174,0.12460063897763578,0.0,0.0,0.25862068965517243,0.17586206896551723,0.5482758620689655,0.10322370563334418,0.5970716503791222,0.4400340646941026
fib_13_21,rational,0.6550476190476191,21,13,0.22,0.82,21,0.12,0.18,0.7384259259259259,0.4247669773635153,0.05005324813631523,0.1501597444089457,0.0,0.0,0.3574007220216607,0.1624548736462094,0.5776173285198556,0.09996743731683491,0.599466573020264,0.4167772186222341
fib_13_21,rational,0.6550476190476191,21,13,0.22,0.82,21,0.12,0.3,0.7528089887640449,0.42948717948717946,0.042598509052183174,0.12673056443024494,0.0,0.0,0.2727272727272727,0.14909090909090908,0.5636363636363636,0.10387495929664604,0.3728378491881057,0.4134440712327246
fib_13_21,rational,0.6550476190476191,21,13,0.22,0.82,21,0.12,0.44,0.741304347826087,0.4257178526841448,0.038338658146964855,0.10862619808306709,0.0,0.0,0.18309859154929578,0.15492957746478872,0.5809859154929577,0.10420058612829697,0.5944628831383318,0.4671382579333011
fib_13_21,rational,0.6550476190476191,21,13,0.22,0.82,21,0.2,0.3,0.7351598173515982,0.4236842105263158,0.04792332268370607,0.14270500532481364,0.0,0.0,0.32234432234432236,0.16483516483516483,0.5641025641025641,0.10029306414848584,0.5973062404142899,0.42343718041659206
fib_13_21,rational,0.6550476190476191,21,13,0.36,0.55,13,0.06,0.44,0.7872807017543859,0.4404907975460123,0.03727369542066028,0.09478168264110756,0.0,0.0,0.27419354838709675,0.41935483870967744,0.22043010752688172,0.11006186909801367,0.3662547092991447,0.33252300658948675
fib_13_21,rational,0.6550476190476191,21,13,0.36,0.55,13,0.12,0.18,0.7594339622641509,0.4316353887399464,0.05750798722044728,0.14802981895633652,0.0,0.0,0.6153846153846154,0.41420118343195267,0.22485207100591717,0.10224682513839141,0.3741195352375596,0.3062371242235963
fib_13_21,rational,0.6550476190476191,21,13,0.36,0.55,13,0.12,0.3,0.7688787185354691,0.4346701164294955,0.046858359957401494,0.1299254526091587,0.0,0.0,0.48863636363636365,0.4147727272727273,0.23295454545454544,0.10550309345490068,0.3699909282457676,0.309295535574192
fib_13_21,rational,0.6550476190476191,21,13,0.36,0.55,13,0.2,0.18,0.7365967365967366,0.42416107382550333,0.05005324813631523,0.15654952076677317,0.0,0.0,0.6547619047619048,0.39285714285714285,0.24404761904761904,0.09899055682188213,0.597962621898859,0.3365820367347398
fib_13_21,rational,0.6550476190476191,21,13,0.36,0.55,21,0.06,0.18,0.7444168734491315,0.4267425320056899,0.06815761448349308,0.18317358892438765,0.0,0.0,0.5572519083969466,0.4389312977099237,0.1717557251908397,0.09540866167372192,0.5987018240631186,0.3245993485339271
fib_13_21,rational,0.6550476190476191,21,13,0.36,0.55,21,0.06,0.3,0.7845433255269321,0.43963254593175854,0.046858359957401494,0.14164004259850904,0.0,0.0,0.4020979020979021,0.458041958041958,0.16783216783216784,0.10517746662324975,0.595575413851481,0.3318539413809177
fib_13_21,rational,0.6550476190476191,21,13,0.36,0.55,21,0.2,0.18,0.7616580310880829,0.4323529411764706,0.05750798722044728,0.21831735889243875,0.0,0.0,0.7237354085603113,0.42023346303501946,0.16342412451361868,0.09182676652556171,0.6009402033234972,0.32568801058668384
fib_13_21,rational,0.6550476190476191,21,13,0.36,0.7,13,0.06,0.44,0.7760869565217391,0.4369645042839657,0.04153354632587859,0.08839190628328009,0.0,0.0,0.2,0.2918918918918919,0.4756756756756757,0.10973624226636275,0.36514010012316966,0.4057939046492477
fib_13_21,rational,0.6550476190476191,21,13,0.36,0.7,13,0.12,0.18,0.7471526195899773,0.4276401564537158,0.05218317358892439,0.13099041533546327,0.0,0.0,0.441340782122905,0.26256983240223464,0.5083798882681564,0.10420058612829697,0.5995774023897502,0.3959824547471182
fib_13_21,rational,0.6550476190476191,21,13,0.36,0.7,13,0.12,0.44,0.7553648068669528,0.43031784841075793,0.03407880724174654,0.09478168264110756,0.0,0.0,0.23626373626373626,0.2802197802197802,0.5,0.10843373493975904,0.5922385547221272,0.42590245936330945
fib_13_21,rational,0.6550476190476191,21,13,0.36,0.7,13,0.2,0.18,0.7392290249433107,0.42503259452411996,0.051118210862619806,0.13205537806176784,0.0,0.0,0.4508670520231214,0.27167630057803466,0.5144508670520231,0.10322370563334418,0.5991893119573852,0.3923686301702082
fib_13_21,rational,0.6550476190476191,21,13,0.36,0.7,13,0.2,0.44,0.7697368421052632,0.4349442379182156,0.03727369542066028,0.1033013844515442,0.0,0.0,0.23711340206185566,0.30412371134020616,0.4896907216494845,0.10875936177140996,0.5966628157933231,0.42321468684430674
fib_13_21,rational,0.6550476190476191,21,13,0.36,0.7,21,0.06,0.18,0.7374701670644391,0.42445054945054944,0.059637912673056445,0.1650692225772098,0.0,0.0,0.4384057971014493,0.3333333333333333,0.40217391304347827,0.09703679583197655,0.5985142505550143,0.3685460083752393
fib_13_21,rational,0.6550476190476191,21,13,0.36,0.7,21,0.12,0.18,0.7403846153846154,0.425414364640884,0.051118210862619806,0.17784877529286475,0.0,0.0,0.47079037800687284,0.3436426116838488,0.4054982817869416,0.09671116900032563,0.5978045612244596,0.3668508134190138
fib_13_21,rational,0.6550476190476191,21,13,0.36,0.7,21,0.2,0.3,0.7488151658767772,0.4281842818428184,0.043663471778487756,0.1703940362087327,0.0,0.0,0.41924398625429554,0.3539518900343643,0.40893470790378006,0.09899055682188213,0.598700947667272,0.3678586443940649
fib_13_21,rational,0.6550476190476191,21,13,0.36,0.82,13,0.2,0.18,0.7298474945533769,0.42191435768261965,0.042598509052183174,0.11182108626198083,0.0,0.0,0.3151515151515151,0.17575757575757575,0.6666666666666666,0.10289807880169326,0.37225974236887016,0.3913460422913761
fib_13_21,rational,0.6550476190476191,21,13,0.36,0.82,13,0.2,0.44,0.7662337662337663,0.4338235294117647,0.039403620873269436,0.09158679446219382,0.0,0.0,0.1791907514450867,0.1907514450867052,0.6589595375722543,0.10941061543471182,0.5938436974686996,0.46496616065779817
pi_mod1,constant,0.15359265358979313,21,13,0.1,0.55,13,0.12,0.18,0.7877358490566038,0.44063324538258575,0.1006423982869379,0.08779443254817987,0.0,0.0,0.47398843930635837,0.0,0.1791907514450867,0.10745685444480625,0.5290721030276451,0.40669872375489335
pi_mod1,constant,0.15359265358979313,21,13,0.1,0.55,13,0.12,0.3,0.8337129840546698,0.4546583850931677,0.09421841541755889,0.043897216274089934,0.0,0.0,0.2074468085106383,0.0,0.20212765957446807,0.11755128622598503,0.522540382913576,0.4600448579305942
pi_mod1,constant,0.15359265358979313,21,13,0.1,0.55,21,0.06,0.18,0.7622377622377622,0.43253968253968256,0.10492505353319058,0.08565310492505353,0.0,0.0,0.43010752688172044,0.0,0.15591397849462366,0.10615434711820254,0.5299691851726829,0.39807453239917373
pi_mod1,constant,0.15359265358979313,21,13,0.1,0.55,21,0.06,0.44,0.8056768558951966,0.44619105199516323,0.08993576017130621,0.02462526766595289,0.0,0.0,0.09047619047619047,0.0,0.1619047619047619,0.1185281667209378,0.5204948081901302,0.48143994286577335
pi_mod1,constant,0.15359265358979313,21,13,0.1,0.55,21,0.12,0.18,0.7452380952380953,0.42701227830832195,0.10492505353319058,0.11027837259100642,0.0,0.0,0.515,0.0,0.14,0.10126994464343862,0.5306308797663237,0.3915878274387706
pi_mod1,constant,0.15359265358979313,21,13,0.1,0.55,21,0.12,0.3,0.8122171945701357,0.44818976279650435,0.08993576017130621,0.05246252676659529,0.0,0.0,0.22857142857142856,0.0,0.1619047619047619,0.11429501790947574,0.523891230893555,0.4429524454120406
pi_mod1,constant,0.15359265358979313,21,13,0.1,0.7,13,0.06,0.18,0.7466960352422908,0.4274905422446406,0.09314775160599571,0.057815845824411134,0.0,0.0,0.2736842105263158,0.0,0.4842105263157895,0.10908498860306089,0.5274238250300998,0.4696651866828394
pi_mod1,constant,0.15359265358979313,21,13,0.1,0.7,21,0.2,0.18,0.7798594847775175,0.4381578947368421,0.10278372591006424,0.0835117773019272,0.0,0.0,0.4020618556701031,0.0,0.4587628865979381,0.10680560078150439,0.5304860425331148,0.45373481574981345
pi_mod1,constant,0.15359265358979313,21,13,0.1,0.82,13,0.06,0.18,0.7722342733188721,0.4357405140758874,0.09528907922912205,0.029978586723768737,0.0,0.0,0.13218390804597702,0.0,0.7183908045977011,0.11462064474112667,0.521839554781208,0.5147193274013215
pi_mod1,constant,0.15359265358979313,21,13,0.1,0.82,13,0.12,0.18,0.7929515418502202,0.44226044226044225,0.09528907922912205,0.033190578158458245,0.0,0.0,0.15254237288135594,0.0,0.7344632768361582,0.11559752523607945,0.5226559361598235,0.512716032777762
pi_mod1,constant,0.15359265358979313,21,13,0.1,0.82,13,0.12,0.3,0.8043478260869565,0.4457831325301205,0.09100642398286937,0.020342612419700215,0.0,0.0,0.08571428571428572,0.0,0.7085714285714285,0.11950504721589059,0.5197444959188824,0.5337673222125652
pi_mod1,constant,0.15359265358979313,21,13,0.1,0.82,13,0.2,0.18,0.7898230088495575,0.44128553770086526,0.09528907922912205,0.03854389721627409,0.0,0.0,0.18435754189944134,0.0,0.7206703910614525,0.11494627157277759,0.5217643747911989,0.5027835844817847
pi_mod1,constant,0.15359265358979313,21,13,0.1,0.82,21,0.12,0.18,0.7902869757174393,0.44143033292231815,0.09421841541755889,0.03747323340471092,0.0,0.0,0.15348837209302327,0.0,0.7209302325581395,0.11527189840442853,0.5214319852311244,0.5116646863591475
pi_mod1,constant,0.15359265358979313,21,13,0.1,0.82,21,0.12,0.3,0.810989010989011,0.44781553398058255,0.09314775160599571,0.02462526766595289,0.0,0.0,0.08256880733944955,0.0,0.6834862385321101,0.1185281667209378,0.5218862448045598,0.5360864438159761
pi_mod1,constant,0.15359265358979313,21,13,0.22,0.55,13,0.06,0.44,0.8156182212581344,0.44922341696535245,0.0867237687366167,0.017130620985010708,0.0,0.0,0.07065217391304347,0.20108695652173914,0.16847826086956522,0.12048192771084337,0.5184374673408823,0.4440128005200315
pi_mod1,constant,0.15359265358979313,21,13,0.22,0.55,13,0.2,0.44,0.8157894736842105,0.4492753623188406,0.07815845824411134,0.035331905781584586,0.0,0.0,0.14659685863874344,0.19895287958115182,0.16230366492146597,0.11950504721589059,0.5208539350790151,0.4215573774455792
pi_mod1,constant,0.15359265358979313,21,13,0.22,0.55,21,0.06,0.18,0.7622377622377622,0.43253968253968256,0.10492505353319058,0.08565310492505353,0.0,0.0,0.43010752688172044,0.1935483870967742,0.15591397849462366,0.10615434711820254,0.5299691851726829,0.3538349010627682
pi_mod1,constant,0.15359265358979313,21,13,0.22,0.55,21,0.12,0.18,0.7452380952380953,0.42701227830832195,0.10492505353319058,0.11027837259100642,0.0,0.0,0.515,0.2,0.14,0.10126994464343862,0.5306308797663237,0.34587354172448487
pi_mod1,constant,0.15359265358979313,21,13,0.22,0.55,21,0.2,0.18,0.7481840193704601,0.4279778393351801,0.09957173447537473,0.12740899357601712,0.0,0.0,0.6432432432432432,0.1837837837837838,0.11891891891891893,0.09899055682188213,0.5335487738592382,0.34634342619421427
pi_mod1,constant,0.15359265358979313,21,13,0.22,0.7,13,0.12,0.3,0.8043956043956044,0.4457978075517661,0.0867237687366167,0.034261241970021415,0.0,0.0,0.16216216216216217,0.0972972972972973,0.4486486486486487,0.11787691305763595,0.5219369357479906,0.4893924570322551
pi_mod1,constant,0.15359265358979313,21,13,0.22,0.7,13,0.12,0.44,0.8120950323974082,0.44815256257449343,0.0835117773019272,0.018201284796573874,0.0,0.0,0.06349206349206349,0.12698412698412698,0.4126984126984127,0.1208075545424943,0.5201373718100375,0.5059630774381602
pi_mod1,constant,0.15359265358979313,21,13,0.22,0.7,13,0.2,0.3,0.7902869757174393,0.44143033292231815,0.0867237687366167,0.044967880085653104,0.0,0.0,0.2074468085106383,0.09042553191489362,0.48936170212765956,0.11462064474112667,0.5247080269716486,0.4758326412838546
pi_mod1,constant,0.15359265358979313,21,13,0.22,0.7,13,0.2,0.44,0.8285714285714286,0.453125,0.0867237687366167,0.022483940042826552,0.0,0.0,0.09340659340659341,0.12087912087912088,0.41208791208791207,0.12145880820579616,0.5219636982624241,0.5018290613950996
pi_mod1,constant,0.15359265358979313,21,13,0.22,0.7,21,0.06,0.44,0.8195652173913044,0.45041816009557945,0.09207708779443255,0.011777301927194861,0.0,0.0,0.027906976744186046,0.11162790697674418,0.42790697674418604,0.12145880820579616,0.5199784157699197,0.5238646544511737
pi_mod1,constant,0.15359265358979313,21,13,0.22,0.7,21,0.12,0.18,0.7545871559633027,0.4300653594771242,0.09957173447537473,0.08137044967880086,0.0,0.0,0.3523809523809524,0.12380952380952381,0.42857142857142855,0.10582872028655162,0.5314881494338377,0.4171787852213408
pi_mod1,constant,0.15359265358979313,21,13,0.22,0.7,21,0.12,0.44,0.8285714285714286,0.453125,0.08779443254817987,0.021413276231263382,0.0,0.0,0.07111111111111111,0.13777777777777778,0.38222222222222224,0.12048192771084337,0.5226143501578233,0.4991797106639732
pi_mod1,constant,0.15359265358979313,21,13,0.22,0.7,21,0.2,0.18,0.7798594847775175,0.4381578947368421,0.10278372591006424,0.0835117773019272,0.0,0.0,0.4020618556701031,0.10824742268041238,0.4587628865979381,0.10680560078150439,0.5304860425331148,0.42899254770857637
pi_mod1,constant,0.15359265358979313,21,13,0.22,0.7,21,0.2,0.44,0.8201754385964912,0.4506024096385542,0.08137044967880086,0.029978586723768737,0.0,0.0,0.0815450643776824,0.13304721030042918,0.40772532188841204,0.12048192771084337,0.5223312033209226,0.4999802548026491
pi_mod1,constant,0.15359265358979313,21,13,0.22,0.82,13,0.12,0.18,0.7929515418502202,0.44226044226044225,0.09528907922912205,0.033190578158458245,0.0,0.0,0.15254237288135594,0.07909604519774012,0.7344632768361582,0.11559752523607945,0.5226559361598235,0.49463693673256426
pi_mod1,constant,0.15359265358979313,21,13,0.22,0.82,13,0.12,0.3,0.8043478260869565,0.4457831325301205,0.09100642398286937,0.020342612419700215,0.0,0.0,0.08571428571428572,0.06857142857142857,0.7085714285714285,0.11950504721589059,0.5197444959188824,0.5180938528248101
pi_mod1,constant,0.15359265358979313,21,13,0.22,0.82,13,0.2,0.44,0.8213507625272332,0.45095693779904306,0.09100642398286937,0.013918629550321198,0.0,0.0,0.0446927374301676,0.0782122905027933,0.6983240223463687,0.12145880820579616,0.5204970912151381,0.530969698650872
pi_mod1,constant,0.15359265358979313,21,13,0.22,0.82,21,0.06,0.18,0.7744034707158352,0.43643031784841074,0.09100642398286937,0.033190578158458245,0.0,0.0,0.1262135922330097,0.07766990291262135,0.7038834951456311,0.11527189840442853,0.5202968687078988,0.4987413958748892
pi_mod1,constant,0.15359265358979313,21,13,0.22,0.82,21,0.06,0.3,0.7991266375545851,0.4441747572815534,0.09850107066381156,0.019271948608137045,0.0,0.0,0.06422018348623854,0.09174311926605505,0.6834862385321101,0.11755128622598503,0.5203981353529907,0.5181607811531015
pi_mod1,constant,0.15359265358979313,21,13,0.22,0.82,21,0.12,0.18,0.7902869757174393,0.44143033292231815,0.09421841541755889,0.03747323340471092,0.0,0.0,0.15348837209302327,0.08372093023255814,0.7209302325581395,0.11527189840442853,0.5214319852311244,0.4925284737345628
pi_mod1,constant,0.15359265358979313,21,13,0.22,0.82,21,0.12,0.3,0.810989010989011,0.44781553398058255,0.09314775160599571,0.02462526766595289,0.0,0.0,0.08256880733944955,0.08256880733944955,0.6834862385321101,0.1185281667209378,0.5218862448045598,0.5172135735669591
pi_mod1,constant,0.15359265358979313,21,13,0.22,0.82,21,0.12,0.44,0.8021505376344086,0.4451073985680191,0.08993576017130621,0.01284796573875803,0.0,0.0,0.02727272727272727,0.09545454545454546,0.6772727272727272,0.11950504721589059,0.5210651945906526,0.5286525417313056
pi_mod1,constant,0.15359265358979313,21,13,0.22,0.82,21,0.2,0.3,0.7891304347826087,0.44106925880923453,0.08779443254817987,0.031049250535331904,0.0,0.0,0.11574074074074074,0.0787037037037037,0.7083333333333334,0.11657440573103224,0.5218634167693725,0.5044611512879273
pi_mod1,constant,0.15359265358979313,21,13,0.36,0.55,13,0.06,0.44,0.8156182212581344,0.44922341696535245,0.0867237687366167,0.017130620985010708,0.0,0.0,0.07065217391304347,0.40217391304347827,0.16847826086956522,0.12048192771084337,0.5184374673408823,0.40997553343928617
pi_mod1,constant,0.15359265358979313,21,13,0.36,0.55,13,0.12,0.18,0.7877358490566038,0.44063324538258575,0.1006423982869379,0.08779443254817987,0.0,0.0,0.47398843930635837,0.4046242774566474,0.1791907514450867,0.10745685444480625,0.5290721030276451,0.32669872375489334
pi_mod1,constant,0.15359265358979313,21,13,0.36,0.55,13,0.12,0.3,0.8337129840546698,0.4546583850931677,0.09421841541755889,0.043897216274089934,0.0,0.0,0.2074468085106383,0.39893617021276595,0.20212765957446807,0.11755128622598503,0.522540382913576,0.38004485793059417
pi_mod1,constant,0.15359265358979313,21,13,0.36,0.55,13,0.2,0.18,0.7732696897374701,0.4360699865410498,0.09850107066381156,0.10599571734475374,0.0,0.0,0.6149068322981367,0.40372670807453415,0.13043478260869565,0.10354933246499512,0.5299212373241968,0.31504917950833256
pi_mod1,constant,0.15359265358979313,21,13,0.36,0.55,21,0.06,0.18,0.7622377622377622,0.43253968253968256,0.10492505353319058,0.08565310492505353,0.0,0.0,0.43010752688172044,0.41935483870967744,0.15591397849462366,0.10615434711820254,0.5299691851726829,0.31807453239917377
pi_mod1,constant,0.15359265358979313,21,13,0.36,0.55,21,0.06,0.3,0.8058035714285714,0.446229913473424,0.09635974304068523,0.03747323340471092,0.0,0.0,0.15813953488372093,0.4186046511627907,0.17209302325581396,0.11559752523607945,0.5239963700490231,0.3841347862369882
pi_mod1,constant,0.15359265358979313,21,13,0.36,0.55,21,0.2,0.18,0.7481840193704601,0.4279778393351801,0.09957173447537473,0.12740899357601712,0.0,0.0,0.6432432432432432,0.42162162162162165,0.11891891891891893,0.09899055682188213,0.5335487738592382,0.30835114820193626
pi_mod1,constant,0.15359265358979313,21,13,0.36,0.7,13,0.06,0.44,0.8191721132897604,0.4502994011976048,0.09421841541755889,0.011777301927194861,0.0,0.0,0.03389830508474576,0.2542372881355932,0.4463276836158192,0.12113318137414524,0.5200327326495984,0.49277655278153604
pi_mod1,constant,0.15359265358979313,21,13,0.36,0.7,13,0.12,0.18,0.7674943566591422,0.4342273307790549,0.09421841541755889,0.06745182012847965,0.0,0.0,0.33152173913043476,0.21739130434782608,0.483695652173913,0.11006186909801367,0.5268400200523347,0.4069114141269007
pi_mod1,constant,0.15359265358979313,21,13,0.36,0.7,13,0.12,0.44,0.8120950323974082,0.44815256257449343,0.0835117773019272,0.018201284796573874,0.0,0.0,0.06349206349206349,0.2698412698412698,0.4126984126984127,0.1208075545424943,0.5201373718100375,0.47331001621367025
pi_mod1,constant,0.15359265358979313,21,13,0.36,0.7,13,0.2,0.18,0.7939814814814815,0.4425806451612903,0.0974304068522484,0.0728051391862955,0.0,0.0,0.35714285714285715,0.2087912087912088,0.4945054945054945,0.10973624226636275,0.5290999519295276,0.4086551401499563
pi_mod1,constant,0.15359265358979313,21,13,0.36,0.7,13,0.2,0.44,0.8285714285714286,0.453125,0.0867237687366167,0.022483940042826552,0.0,0.0,0.09340659340659341,0.25824175824175827,0.41208791208791207,0.12145880820579616,0.5219636982624241,0.47043188714078255
pi_mod1,constant,0.15359265358979313,21,13,0.36,0.7,21,0.06,0.18,0.7629796839729119,0.4327784891165173,0.1006423982869379,0.06316916488222699,0.0,0.0,0.2753623188405797,0.2608695652173913,0.4251207729468599,0.10875936177140996,0.5276271508615806,0.4080372805887176
pi_mod1,constant,0.15359265358979313,21,13,0.36,0.7,21,0.12,0.18,0.7545871559633027,0.4300653594771242,0.09957173447537473,0.08137044967880086,0.0,0.0,0.3523809523809524,0.2619047619047619,0.42857142857142855,0.10582872028655162,0.5314881494338377,0.38561415937100063
pi_mod1,constant,0.15359265358979313,21,13,0.36,0.7,21,0.2,0.3,0.7842696629213484,0.43954659949622166,0.08886509635974305,0.061027837259100645,0.0,0.0,0.24,0.2577777777777778,0.4311111111111111,0.11169000325626832,0.5288914005934235,0.4240037480669834
pi_mod1,constant,0.15359265358979313,21,13,0.36,0.82,13,0.2,0.18,0.7898230088495575,0.44128553770086526,0.09528907922912205,0.03854389721627409,0.0,0.0,0.18435754189944134,0.13966480446927373,0.7206703910614525,0.11494627157277759,0.5217643747911989,0.4708602006030936
pi_mod1,constant,0.15359265358979313,21,13,0.36,0.82,13,0.2,0.44,0.8213507625272332,0.45095693779904306,0.09100642398286937,0.013918629550321198,0.0,0.0,0.0446927374301676,0.16201117318435754,0.6983240223463687,0.12145880820579616,0.5204970912151381,0.5118156683236573
