flow,family,alpha,best_delay,best_slot_count,context_pressure,similarity_threshold,recall_window,recall_gain,pass_through,split_threshold,witness_conversion,delayed_retention,release_rate,rupture_rate,recall_survival_rate,same_slot_recall_rate,split_rate,context_distortion_rate,blocked_context_rate,pollution,phase_lock_resistance,score
golden,phi,0.6180339887498948,13,13,0.08,0.58,13,0.14,0.18,0.24,0.744874715261959,0.42689295039164493,0.007340485601355167,0.12761151891586675,0.5927152317880795,0.0,0.3741721854304636,0.2682119205298013,0.40728476821192056,0.08954737870400521,0.4346513145059555,0.5293834648286521
golden,phi,0.6180339887498948,13,13,0.08,0.58,13,0.14,0.46,0.24,0.7792207792207793,0.43795620437956206,0.00846979107848673,0.14059853190287974,0.5921052631578947,0.0,0.40625,0.2631578947368421,0.40789473684210525,0.08531422989254314,0.46702675389905524,0.5410330831095053
golden,phi,0.6180339887498948,13,13,0.08,0.58,21,0.08,0.18,0.36,0.8919226393629124,0.4714371617558629,0.003952569169960474,0.057029926595143984,0.565858798735511,0.0,0.09905163329820864,0.20231822971549,0.43414120126448896,0.10289807880169326,0.45842217342084324,0.6415468907720937
golden,phi,0.6180339887498948,13,13,0.08,0.58,21,0.08,0.46,0.24,0.7246871444823664,0.42018469656992086,0.007340485601355167,0.13664596273291926,0.5614266842800528,0.0,0.31968295904887717,0.24438573315719947,0.4385733157199472,0.08401172256593943,0.4682339847290834,0.5349792689667123
golden,phi,0.6180339887498948,13,13,0.08,0.58,21,0.14,0.32,0.24,0.7568208778173191,0.4307900067521945,0.006211180124223602,0.15753811405985318,0.5673940949935815,0.0,0.3581514762516046,0.22593068035943517,0.4326059050064185,0.08303484207098664,0.4646475470806788,0.543557364250822
golden,phi,0.6180339887498948,13,13,0.08,0.58,21,0.14,0.32,0.36,0.9314079422382672,0.4822429906542056,0.003952569169960474,0.08977978543195934,0.5645330535152151,0.0,0.161594963273872,0.20566631689401887,0.4354669464847849,0.1045262129599479,0.4788711160820801,0.6289724454706757
golden,phi,0.6180339887498948,13,13,0.08,0.68,13,0.08,0.18,0.36,0.9023569023569024,0.4743362831858407,0.003952569169960474,0.03896103896103896,0.5022091310751104,0.0,0.0898379970544919,0.26804123711340205,0.49779086892488955,0.11559752523607945,0.4563500673456553,0.6332285325656116
golden,phi,0.6180339887498948,13,13,0.08,0.68,21,0.2,0.46,0.36,0.8929440389294404,0.4717223650385604,0.004517221908526256,0.11688311688311688,0.46756152125279643,0.0,0.22930648769574943,0.21588366890380314,0.5324384787472036,0.10094431781178768,0.4473823290403205,0.5923175393391117
golden,phi,0.6180339887498948,13,13,0.08,0.78,13,0.14,0.32,0.36,0.9208715596330275,0.47940298507462686,0.003952569169960474,0.0502540937323546,0.39046199701937406,0.0,0.13114754098360656,0.21758569299552907,0.6095380029806259,0.1103874959296646,0.46118822534209547,0.6298024294498198
golden,phi,0.6180339887498948,13,13,0.08,0.78,13,0.2,0.18,0.36,0.8969072164948454,0.47282608695652173,0.003952569169960474,0.060982495765104464,0.3860182370820669,0.0,0.16261398176291794,0.20820668693009117,0.6139817629179332,0.10810810810810811,0.46368939441105317,0.6153015900729127
golden,phi,0.6180339887498948,13,13,0.08,0.78,21,0.08,0.18,0.36,0.8881431767337807,0.4703791469194313,0.003952569169960474,0.04291360813099943,0.39644351464435146,0.0,0.0700836820083682,0.1809623430962343,0.6035564853556485,0.11169000325626832,0.46224806910694516,0.6541524260408209
golden,phi,0.6180339887498948,13,13,0.08,0.78,21,0.08,0.32,0.24,0.7732884399551067,0.4360759493670886,0.006211180124223602,0.10163749294184077,0.34525277435265106,0.0,0.2219482120838471,0.17509247842170161,0.654747225647349,0.0963855421686747,0.45555935270830583,0.5622677960861145
golden,phi,0.6180339887498948,13,13,0.08,0.78,21,0.14,0.18,0.36,0.9055299539170507,0.4752116082224909,0.003952569169960474,0.062111801242236024,0.38238453276047263,0.0,0.11707841031149302,0.17400644468313642,0.6176154672395274,0.10354933246499512,0.4677285796287689,0.6381817112068946
golden,phi,0.6180339887498948,13,13,0.08,0.78,21,0.2,0.18,0.36,0.910377358490566,0.4765432098765432,0.003952569169960474,0.08130999435347261,0.36728060671722645,0.0,0.15384615384615385,0.1733477789815818,0.6327193932827736,0.1045262129599479,0.4709854827841772,0.6211178586709791
golden,phi,0.6180339887498948,13,13,0.08,0.78,21,0.2,0.46,0.36,0.901072705601907,0.47398119122257054,0.003952569169960474,0.09542631281761717,0.34934497816593885,0.0,0.18231441048034935,0.17467248908296942,0.6506550218340611,0.10647997394985347,0.4659182932963404,0.601768608168749
golden,phi,0.6180339887498948,13,13,0.16,0.58,21,0.08,0.32,0.24,0.7429537767756482,0.42626131953428203,0.003952569169960474,0.12309429700734048,0.5562659846547314,0.0,0.27877237851662406,0.5562659846547314,0.4437340153452685,0.08498860306089222,0.44226170841933066,0.5110818376695695
golden,phi,0.6180339887498948,13,13,0.16,0.58,21,0.08,0.46,0.36,0.9324009324009324,0.4825090470446321,0.003952569169960474,0.059853190287972896,0.572463768115942,0.0,0.10248447204968944,0.572463768115942,0.427536231884058,0.10615434711820254,0.46160261440514916,0.6084187842463551
golden,phi,0.6180339887498948,13,13,0.16,0.58,21,0.14,0.18,0.24,0.7254901960784313,0.42045454545454547,0.006775832862789385,0.14850367024280067,0.5640326975476839,0.0,0.3583106267029973,0.5640326975476839,0.4359673024523161,0.0846629762292413,0.4625071568606537,0.502829531978095
golden,phi,0.6180339887498948,13,13,0.16,0.58,21,0.2,0.18,0.24,0.7314148681055156,0.4224376731301939,0.009034443817052512,0.1756070016939582,0.5578673602080624,0.0,0.4044213263979194,0.5578673602080624,0.44213263979193757,0.08303484207098664,0.4585597746543504,0.5026194873988094
golden,phi,0.6180339887498948,13,13,0.16,0.68,13,0.08,0.18,0.36,0.9023569023569024,0.4743362831858407,0.003952569169960474,0.03896103896103896,0.5022091310751104,0.0,0.0898379970544919,0.5022091310751104,0.49779086892488955,0.11559752523607945,0.4563500673456553,0.606836779988292
golden,phi,0.6180339887498948,13,13,0.16,0.68,13,0.2,0.32,0.36,0.9123222748815166,0.4770755885997522,0.003952569169960474,0.08469791078486731,0.5015060240963856,0.0,0.22590361445783133,0.5015060240963856,0.49849397590361444,0.10941061543471182,0.4401207948324729,0.5598191066488819
golden,phi,0.6180339887498948,13,13,0.16,0.68,21,0.08,0.18,0.36,0.9023836549375709,0.4743436754176611,0.003952569169960474,0.049689440993788817,0.4860392967942089,0.0,0.08479834539813857,0.4860392967942089,0.5139607032057911,0.10810810810810811,0.45639358380660566,0.6084304126637332
golden,phi,0.6180339887498948,13,13,0.16,0.68,21,0.08,0.32,0.24,0.7195121951219512,0.41843971631205673,0.006211180124223602,0.11801242236024845,0.46965699208443273,0.0,0.2757255936675462,0.46965699208443273,0.5303430079155673,0.08531422989254314,0.4358166651552807,0.5069612003942592
golden,phi,0.6180339887498948,13,13,0.16,0.68,21,0.14,0.18,0.36,0.9167643610785463,0.4782874617737003,0.003952569169960474,0.07284020327498589,0.46233230134158926,0.0,0.13312693498452013,0.46233230134158926,0.5376676986584107,0.10647997394985347,0.4577985178762053,0.5944628171479724
golden,phi,0.6180339887498948,13,13,0.16,0.68,21,0.2,0.18,0.24,0.7157894736842105,0.4171779141104294,0.007905138339920948,0.1637492941840768,0.44818304172274565,0.0,0.39030955585464333,0.44818304172274565,0.5518169582772544,0.08531422989254314,0.4530804001993619,0.49921734191039097
golden,phi,0.6180339887498948,13,13,0.16,0.68,21,0.2,0.18,0.36,0.9122596153846154,0.47705845380263984,0.003952569169960474,0.09768492377188029,0.46751863684771033,0.0,0.18423855165069222,0.46751863684771033,0.5324813631522897,0.10420058612829697,0.4781671524852281,0.5787893577266785
golden,phi,0.6180339887498948,13,13,0.16,0.68,21,0.2,0.46,0.24,0.7682926829268293,0.43448275862068964,0.003952569169960474,0.17730095990965555,0.4680306905370844,0.0,0.40153452685422,0.4680306905370844,0.5319693094629157,0.0882448713774015,0.46055296737030105,0.5095480463805306
golden,phi,0.6180339887498948,13,13,0.16,0.78,13,0.08,0.32,0.24,0.7893569844789357,0.44114002478314746,0.006775832862789385,0.0818746470920384,0.3615257048092869,0.0,0.24046434494195687,0.3615257048092869,0.6384742951907131,0.09931618365353305,0.4550671674104728,0.5283148456073918
golden,phi,0.6180339887498948,13,13,0.16,0.78,13,0.08,0.46,0.36,0.9201349831271091,0.479203280609256,0.003952569169960474,0.032185206098249576,0.3778110944527736,0.0,0.07196401799100449,0.3778110944527736,0.6221889055472264,0.11429501790947574,0.4569209011800851,0.6124360633132986
golden,phi,0.6180339887498948,13,13,0.16,0.78,13,0.14,0.32,0.24,0.7997724687144482,0.4443742098609355,0.005081874647092038,0.10163749294184077,0.37381703470031546,0.0,0.28391167192429023,0.37381703470031546,0.6261829652996845,0.0963855421686747,0.45762664749778004,0.5177548300860357
golden,phi,0.6180339887498948,13,13,0.16,0.78,21,0.08,0.18,0.36,0.8881431767337807,0.4703791469194313,0.003952569169960474,0.04291360813099943,0.39644351464435146,0.0,0.0700836820083682,0.39644351464435146,0.6035564853556485,0.11169000325626832,0.46224806910694516,0.6110561917311975
golden,phi,0.6180339887498948,13,13,0.16,0.78,21,0.14,0.18,0.24,0.7760180995475113,0.4369426751592357,0.006211180124223602,0.10728402032749859,0.3379224030037547,0.0,0.23779724655819776,0.3379224030037547,0.6620775969962454,0.09312927385216542,0.45761232568768395,0.5223904076434529
golden,phi,0.6180339887498948,13,13,0.16,0.78,21,0.14,0.18,0.36,0.9055299539170507,0.4752116082224909,0.003952569169960474,0.062111801242236024,0.38238453276047263,0.0,0.11707841031149302,0.38238453276047263,0.6176154672395274,0.10354933246499512,0.4677285796287689,0.5965060935914274
golden,phi,0.6180339887498948,13,13,0.16,0.78,21,0.14,0.46,0.24,0.8086854460093896,0.4471122647631408,0.006211180124223602,0.12365894974590627,0.35138387484957884,0.0,0.26353790613718414,0.35138387484957884,0.6486161251504212,0.09378052751546727,0.4623334780169114,0.5223348780161619
golden,phi,0.6180339887498948,13,13,0.16,0.78,21,0.2,0.32,0.24,0.7669789227166276,0.4340622929092114,0.007340485601355167,0.14059853190287974,0.34328358208955223,0.0,0.30970149253731344,0.34328358208955223,0.6567164179104478,0.085965483555845,0.4541393489625265,0.499650905884171
golden,phi,0.6180339887498948,13,13,0.16,0.78,21,0.2,0.46,0.36,0.901072705601907,0.47398119122257054,0.003952569169960474,0.09542631281761717,0.34934497816593885,0.0,0.18231441048034935,0.34934497816593885,0.6506550218340611,0.10647997394985347,0.4659182932963404,0.5668341103521551
golden,phi,0.6180339887498948,13,13,0.24,0.58,13,0.08,0.18,0.24,0.7386990077177509,0.424857324032974,0.00564652738565782,0.1038961038961039,0.5758620689655173,0.0,0.31724137931034485,0.5758620689655173,0.4241379310344828,0.08857049820905243,0.4346531876725078,0.5026166050122862
golden,phi,0.6180339887498948,13,13,0.24,0.58,13,0.08,0.32,0.36,0.9027149321266968,0.47443519619500596,0.003952569169960474,0.04630152456239413,0.5851528384279476,0.0,0.1091703056768559,0.5851528384279476,0.4148471615720524,0.10778248127645718,0.43394605700692357,0.5973349373139737
golden,phi,0.6180339887498948,13,13,0.24,0.58,13,0.14,0.32,0.24,0.7761020881670534,0.43696930111038534,0.006775832862789385,0.1287408243929983,0.5735294117647058,0.0,0.3709150326797386,0.5735294117647058,0.4264705882352941,0.08889612504070335,0.4413671699960702,0.5097442316636391
golden,phi,0.6180339887498948,13,13,0.24,0.58,13,0.14,0.32,0.36,0.9182242990654206,0.47868453105968334,0.003952569169960474,0.06888763410502541,0.5855072463768116,0.0,0.16956521739130434,0.5855072463768116,0.4144927536231884,0.10908498860306089,0.4679583107979778,0.5840421889764178
golden,phi,0.6180339887498948,13,13,0.24,0.58,13,0.14,0.46,0.24,0.7792207792207793,0.43795620437956206,0.00846979107848673,0.14059853190287974,0.5921052631578947,0.0,0.40625,0.5921052631578947,0.40789473684210525,0.08531422989254314,0.46702675389905524,0.5136646620568738
golden,phi,0.6180339887498948,13,13,0.24,0.58,13,0.2,0.18,0.36,0.8970414201183432,0.4728633811603244,0.003952569169960474,0.09090909090909091,0.5952732644017725,0.0,0.23338257016248154,0.5952732644017725,0.40472673559822747,0.10257245197004233,0.4436698187032063,0.5550863232233014
golden,phi,0.6180339887498948,13,13,0.24,0.58,21,0.08,0.46,0.36,0.9324009324009324,0.4825090470446321,0.003952569169960474,0.059853190287972896,0.572463768115942,0.0,0.10248447204968944,0.572463768115942,0.427536231884058,0.10615434711820254,0.46160261440514916,0.6084187842463551
golden,phi,0.6180339887498948,13,13,0.24,0.58,21,0.14,0.18,0.24,0.7254901960784313,0.42045454545454547,0.006775832862789385,0.14850367024280067,0.5640326975476839,0.0,0.3583106267029973,0.5640326975476839,0.4359673024523161,0.0846629762292413,0.4625071568606537,0.502829531978095
golden,phi,0.6180339887498948,13,13,0.24,0.58,21,0.14,0.46,0.24,0.7754854368932039,0.43677375256322626,0.007340485601355167,0.1665725578769057,0.5628970775095299,0.0,0.3735705209656925,0.5628970775095299,0.4371029224904701,0.08531422989254314,0.4695144710467448,0.5125433506293964
golden,phi,0.6180339887498948,13,13,0.24,0.58,21,0.14,0.46,0.36,0.9320388349514563,0.4824120603015075,0.004517221908526256,0.09655561829474874,0.5650793650793651,0.0,0.1724867724867725,0.5650793650793651,0.43492063492063493,0.10159557147508955,0.4670455905566182,0.5848174080317915
golden,phi,0.6180339887498948,13,13,0.24,0.58,21,0.2,0.18,0.24,0.7314148681055156,0.4224376731301939,0.009034443817052512,0.1756070016939582,0.5578673602080624,0.0,0.4044213263979194,0.5578673602080624,0.44213263979193757,0.08303484207098664,0.4585597746543504,0.5026194873988094
golden,phi,0.6180339887498948,13,13,0.24,0.68,13,0.14,0.46,0.24,0.7958236658932715,0.44315245478036175,0.00564652738565782,0.12027103331451157,0.5128644939965694,0.0,0.3653516295025729,0.5128644939965694,0.48713550600343053,0.09215239335721263,0.462611815167448,0.5165132712331215
golden,phi,0.6180339887498948,13,13,0.24,0.68,13,0.14,0.46,0.36,0.9028901734104047,0.47448359659781286,0.003952569169960474,0.06662902315076229,0.49242424242424243,0.0,0.17575757575757575,0.49242424242424243,0.5075757575757576,0.11234125691957017,0.4642424317668711,0.5786656950967135
golden,phi,0.6180339887498948,13,13,0.24,0.68,21,0.08,0.46,0.36,0.9193548387096774,0.4789915966386555,0.003952569169960474,0.05533596837944664,0.4801670146137787,0.0,0.09290187891440502,0.4801670146137787,0.5198329853862212,0.10582872028655162,0.45738753924546194,0.6088243232996201
golden,phi,0.6180339887498948,13,13,0.24,0.68,21,0.2,0.46,0.36,0.8929440389294404,0.4717223650385604,0.004517221908526256,0.11688311688311688,0.46756152125279643,0.0,0.22930648769574943,0.46756152125279643,0.5324384787472036,0.10094431781178768,0.4473823290403205,0.5554942731198723
golden,phi,0.6180339887498948,13,13,0.24,0.78,13,0.14,0.32,0.24,0.7997724687144482,0.4443742098609355,0.005081874647092038,0.10163749294184077,0.37381703470031546,0.0,0.28391167192429023,0.37381703470031546,0.6261829652996845,0.0963855421686747,0.45762664749778004,0.5177548300860357
golden,phi,0.6180339887498948,13,13,0.24,0.78,21,0.14,0.32,0.36,0.9226260257913247,0.4798780487804878,0.004517221908526256,0.06945228684359118,0.3713670613562971,0.0,0.13132400430570507,0.3713670613562971,0.628632938643703,0.10778248127645718,0.470329400834157,0.5929241299431832
golden,phi,0.6180339887498948,13,13,0.24,0.78,21,0.2,0.18,0.24,0.759581881533101,0.4316831683168317,0.007340485601355167,0.13721061547148503,0.35037406483790523,0.0,0.3029925187032419,0.35037406483790523,0.6496259351620948,0.08922175187235429,0.45461147196738894,0.4995905271465693
silver,metallic,0.43821356237309517,21,13,0.08,0.58,13,0.14,0.18,0.24,0.7863436123348018,0.4401972872996301,0.07700534759358289,0.05561497326203209,0.828125,0.0,0.390625,0.0,0.171875,0.04982090524259199,0.5854868391568173,0.5744640388657095
silver,metallic,0.43821356237309517,21,13,0.08,0.58,13,0.14,0.46,0.24,0.7977777777777778,0.4437577255871446,0.07914438502673797,0.05561497326203209,0.8292682926829268,0.0,0.3983739837398374,0.0,0.17073170731707318,0.05014653207424292,0.5876238745935465,0.5765989040081633
silver,metallic,0.43821356237309517,21,13,0.08,0.58,21,0.08,0.18,0.36,0.8226164079822617,0.451338199513382,0.07807486631016043,0.0427807486631016,0.8221343873517787,0.0,0.15810276679841898,0.0,0.17786561264822134,0.04949527841094106,0.5849771408550413,0.6301222569618923
silver,metallic,0.43821356237309517,21,13,0.08,0.58,21,0.08,0.46,0.24,0.7871853546910755,0.44046094750320103,0.08342245989304813,0.08128342245989305,0.8185654008438819,0.0,0.3206751054852321,0.0,0.18143459915611815,0.047215890589384565,0.5895006994750105,0.576674391485435
silver,metallic,0.43821356237309517,21,13,0.08,0.58,21,0.14,0.32,0.24,0.7925407925407926,0.44213263979193757,0.08449197860962566,0.09304812834224599,0.817351598173516,0.0,0.3972602739726027,0.0,0.182648401826484,0.04884402474763921,0.5934573248000368,0.5780911762693083
silver,metallic,0.43821356237309517,21,13,0.08,0.58,21,0.14,0.32,0.36,0.8057395143487859,0.44621026894865523,0.07272727272727272,0.052406417112299465,0.8117154811715481,0.0,0.200836820083682,0.0,0.18828451882845187,0.04916965157929013,0.5866175778492626,0.6151140903267616
silver,metallic,0.43821356237309517,21,13,0.08,0.68,13,0.08,0.18,0.36,0.8311688311688312,0.45390070921985815,0.07593582887700535,0.019251336898395723,0.6180555555555556,0.0,0.11805555555555555,0.0,0.3819444444444444,0.052425919895799415,0.5627308537673559,0.6818845526612611
silver,metallic,0.43821356237309517,21,13,0.08,0.68,21,0.2,0.46,0.36,0.831081081081081,0.45387453874538747,0.07058823529411765,0.059893048128342244,0.6707818930041153,0.0,0.20987654320987653,0.0,0.3292181069958848,0.0475415174210355,0.5883846837986737,0.6490301854804931
silver,metallic,0.43821356237309517,21,13,0.08,0.78,13,0.14,0.32,0.36,0.8254310344827587,0.45218417945690675,0.07593582887700535,0.01818181818181818,0.45774647887323944,0.0,0.1056338028169014,0.0,0.5422535211267606,0.05307717355910127,0.5805935551514088,0.6874889752760093
silver,metallic,0.43821356237309517,21,13,0.08,0.78,13,0.2,0.18,0.36,0.8275862068965517,0.4528301886792453,0.07379679144385026,0.019251336898395723,0.42142857142857143,0.0,0.10714285714285714,0.0,0.5785714285714286,0.05079778573754477,0.5816140629968365,0.6875594612153929
silver,metallic,0.43821356237309517,21,13,0.08,0.78,21,0.08,0.18,0.36,0.8154506437768241,0.4491725768321513,0.07593582887700535,0.019251336898395723,0.4149377593360996,0.0,0.06639004149377593,0.0,0.5850622406639004,0.05275154672745034,0.5614660762413413,0.696041730351814
silver,metallic,0.43821356237309517,21,13,0.08,0.78,21,0.08,0.32,0.24,0.7792494481236203,0.43796526054590573,0.08235294117647059,0.05561497326203209,0.4358974358974359,0.0,0.20512820512820512,0.0,0.5641025641025641,0.04884402474763921,0.44710752900647277,0.6261488116231403
silver,metallic,0.43821356237309517,21,13,0.08,0.78,21,0.14,0.18,0.36,0.8286334056399133,0.4531435349940688,0.07700534759358289,0.0213903743315508,0.4358974358974359,0.0,0.07692307692307693,0.0,0.5641025641025641,0.05405405405405406,0.5631194186210828,0.6950731598096924
silver,metallic,0.43821356237309517,21,13,0.08,0.78,21,0.2,0.18,0.36,0.8235294117647058,0.45161290322580644,0.07058823529411765,0.034224598930481284,0.46122448979591835,0.0,0.11020408163265306,0.0,0.5387755102040817,0.05014653207424292,0.584133389469681,0.6857196778376071
silver,metallic,0.43821356237309517,21,13,0.08,0.78,21,0.2,0.46,0.36,0.8333333333333334,0.45454545454545453,0.07272727272727272,0.044919786096256686,0.4605809128630705,0.0,0.13692946058091288,0.0,0.5394190871369294,0.05307717355910127,0.4481848820595563,0.6591628211717061
silver,metallic,0.43821356237309517,21,13,0.16,0.58,21,0.08,0.32,0.24,0.773972602739726,0.4362934362934363,0.08663101604278074,0.08235294117647059,0.8181818181818182,0.0,0.3333333333333333,0.24242424242424243,0.18181818181818182,0.04786714425268642,0.5894157120648771,0.5257733586030381
silver,metallic,0.43821356237309517,21,13,0.16,0.58,21,0.08,0.46,0.36,0.810989010989011,0.44781553398058255,0.07593582887700535,0.0427807486631016,0.8346774193548387,0.0,0.14919354838709678,0.2540322580645161,0.16532258064516128,0.045587756431129924,0.587463150991653,0.5777522303967977
silver,metallic,0.43821356237309517,21,13,0.16,0.58,21,0.14,0.18,0.24,0.7821100917431193,0.43886743886743884,0.08342245989304813,0.0855614973262032,0.8161434977578476,0.0,0.35874439461883406,0.2242152466367713,0.18385650224215247,0.04884402474763921,0.5916629721831597,0.5315738765225938
silver,metallic,0.43821356237309517,21,13,0.16,0.58,21,0.2,0.18,0.24,0.7672811059907834,0.43415906127770537,0.08235294117647059,0.09732620320855614,0.7981651376146789,0.0,0.41743119266055045,0.22018348623853212,0.2018348623853211,0.047215890589384565,0.5948618861119193,0.5338910494641198
silver,metallic,0.43821356237309517,21,13,0.16,0.68,13,0.08,0.18,0.36,0.8311688311688312,0.45390070921985815,0.07593582887700535,0.019251336898395723,0.6180555555555556,0.0,0.11805555555555555,0.1597222222222222,0.3819444444444444,0.052425919895799415,0.5627308537673559,0.6499401082168167
silver,metallic,0.43821356237309517,21,13,0.16,0.68,13,0.2,0.32,0.36,0.8199566160520607,0.4505363528009535,0.07379679144385026,0.028877005347593583,0.6159420289855072,0.0,0.1956521739130435,0.16666666666666666,0.38405797101449274,0.052100293064148484,0.5829000084314264,0.6231784488062804
silver,metallic,0.43821356237309517,21,13,0.16,0.68,21,0.08,0.18,0.36,0.8366445916114791,0.45552884615384615,0.07914438502673797,0.031016042780748664,0.6417322834645669,0.0,0.1141732283464567,0.20078740157480315,0.35826771653543305,0.05535656138065777,0.5819462341661419,0.6462709333799497
silver,metallic,0.43821356237309517,21,13,0.16,0.68,21,0.08,0.32,0.24,0.7827050997782705,0.43905472636815923,0.08021390374331551,0.059893048128342244,0.6441441441441441,0.0,0.24774774774774774,0.20270270270270271,0.35585585585585583,0.04982090524259199,0.5871792867036907,0.5914923432815037
silver,metallic,0.43821356237309517,21,13,0.16,0.68,21,0.14,0.18,0.36,0.8219780219780219,0.451145958986731,0.0748663101604278,0.038502673796791446,0.6610878661087866,0.0,0.1506276150627615,0.22594142259414227,0.3389121338912134,0.04819277108433735,0.5845375426982413,0.6242252924805206
silver,metallic,0.43821356237309517,21,13,0.16,0.68,21,0.2,0.18,0.24,0.7852193995381063,0.4398447606727037,0.08342245989304813,0.08983957219251337,0.6228813559322034,0.0,0.3516949152542373,0.22033898305084745,0.3771186440677966,0.043308368609573426,0.4549399667381602,0.5517951941138237
silver,metallic,0.43821356237309517,21,13,0.16,0.68,21,0.2,0.18,0.36,0.8061674008810573,0.44634146341463415,0.07165775401069518,0.051336898395721926,0.6652173913043479,0.0,0.20434782608695654,0.20869565217391303,0.3347826086956522,0.047215890589384565,0.5879838521029133,0.6060504933992897
silver,metallic,0.43821356237309517,21,13,0.16,0.68,21,0.2,0.46,0.24,0.7976744186046512,0.44372574385511,0.08342245989304813,0.08983957219251337,0.665158371040724,0.0,0.3755656108597285,0.2171945701357466,0.334841628959276,0.04623901009443178,0.5926075296384048,0.5704400067447848
silver,metallic,0.43821356237309517,21,13,0.16,0.78,13,0.08,0.32,0.24,0.796976241900648,0.44350961538461536,0.07914438502673797,0.031016042780748664,0.4728682170542636,0.0,0.20155038759689922,0.10077519379844961,0.5271317829457365,0.05275154672745034,0.5631653405611889,0.6273241126787357
silver,metallic,0.43821356237309517,21,13,0.16,0.78,13,0.08,0.46,0.36,0.8362068965517241,0.45539906103286387,0.07700534759358289,0.011764705882352941,0.44366197183098594,0.0,0.07042253521126761,0.09859154929577464,0.5563380281690141,0.05437968088570498,0.5798611127164233,0.6815286671107201
silver,metallic,0.43821356237309517,21,13,0.16,0.78,13,0.14,0.32,0.24,0.8030973451327433,0.44539877300613495,0.0855614973262032,0.0427807486631016,0.45864661654135336,0.0,0.2781954887218045,0.10526315789473684,0.5413533834586466,0.05405405405405406,0.5873671856936384,0.6050003675632989
silver,metallic,0.43821356237309517,21,13,0.16,0.78,21,0.08,0.18,0.36,0.8154506437768241,0.4491725768321513,0.07593582887700535,0.019251336898395723,0.4149377593360996,0.0,0.06639004149377593,0.12863070539419086,0.5850622406639004,0.05275154672745034,0.5614660762413413,0.6703155892729759
silver,metallic,0.43821356237309517,21,13,0.16,0.78,21,0.14,0.18,0.24,0.7884187082405345,0.44084682440846823,0.08128342245989305,0.059893048128342244,0.44298245614035087,0.0,0.2324561403508772,0.12719298245614036,0.5570175438596491,0.04884402474763921,0.4489898062443155,0.5934284410007493
silver,metallic,0.43821356237309517,21,13,0.16,0.78,21,0.14,0.18,0.36,0.8286334056399133,0.4531435349940688,0.07700534759358289,0.0213903743315508,0.4358974358974359,0.0,0.07692307692307693,0.1282051282051282,0.5641025641025641,0.05405405405405406,0.5631194186210828,0.6694321341686666
silver,metallic,0.43821356237309517,21,13,0.16,0.78,21,0.14,0.46,0.24,0.7973273942093542,0.4436183395291202,0.07593582887700535,0.06096256684491978,0.453781512605042,0.0,0.226890756302521,0.1134453781512605,0.5462184873949579,0.05275154672745034,0.45041097067715863,0.599723911236145
silver,metallic,0.43821356237309517,21,13,0.16,0.78,21,0.2,0.32,0.24,0.7777777777777778,0.4375,0.07700534759358289,0.06737967914438503,0.42424242424242425,0.0,0.2554112554112554,0.11255411255411256,0.5757575757575758,0.052425919895799415,0.44841563138574536,0.5863277794415578
silver,metallic,0.43821356237309517,21,13,0.16,0.78,21,0.2,0.46,0.36,0.8333333333333334,0.45454545454545453,0.07272727272727272,0.044919786096256686,0.4605809128630705,0.0,0.13692946058091288,0.12863070539419086,0.5394190871369294,0.05307717355910127,0.4481848820595563,0.633436680092868
silver,metallic,0.43821356237309517,21,13,0.24,0.58,13,0.08,0.18,0.24,0.801762114537445,0.4449877750611247,0.08235294117647059,0.0427807486631016,0.8449612403100775,0.0,0.2868217054263566,0.4108527131782946,0.15503875968992248,0.05307717355910127,0.585006883699424,0.49806839413274284
silver,metallic,0.43821356237309517,21,13,0.24,0.58,13,0.08,0.32,0.36,0.8311688311688312,0.45390070921985815,0.0748663101604278,0.020320855614973262,0.7605633802816901,0.0,0.1056338028169014,0.38028169014084506,0.23943661971830985,0.052100293064148484,0.5813799664137258,0.5872857281145822
silver,metallic,0.43821356237309517,21,13,0.24,0.58,13,0.14,0.32,0.24,0.7928730512249443,0.4422360248447205,0.08021390374331551,0.058823529411764705,0.8307692307692308,0.0,0.4,0.4307692307692308,0.16923076923076924,0.04916965157929013,0.5866511045720404,0.4951495983083336
silver,metallic,0.43821356237309517,21,13,0.24,0.58,13,0.14,0.32,0.36,0.8293216630196937,0.4533492822966507,0.07593582887700535,0.029946524064171122,0.7851851851851852,0.0,0.1925925925925926,0.4,0.21481481481481482,0.05275154672745034,0.5867192263766423,0.5488294183108985
silver,metallic,0.43821356237309517,21,13,0.24,0.58,13,0.14,0.46,0.24,0.7977777777777778,0.4437577255871446,0.07914438502673797,0.05561497326203209,0.8292682926829268,0.0,0.3983739837398374,0.42276422764227645,0.17073170731707318,0.05014653207424292,0.5876238745935465,0.49659890400816337
silver,metallic,0.43821356237309517,21,13,0.24,0.58,13,0.2,0.18,0.36,0.8201754385964912,0.4506024096385542,0.07379679144385026,0.038502673796791446,0.7777777777777778,0.0,0.2518518518518518,0.3925925925925926,0.2222222222222222,0.05014653207424292,0.5858057262598939,0.5302704213411504
silver,metallic,0.43821356237309517,21,13,0.24,0.58,21,0.08,0.46,0.36,0.810989010989011,0.44781553398058255,0.07593582887700535,0.0427807486631016,0.8346774193548387,0.0,0.14919354838709678,0.38306451612903225,0.16532258064516128,0.045587756431129924,0.587463150991653,0.5519457787838946
silver,metallic,0.43821356237309517,21,13,0.24,0.58,21,0.14,0.18,0.24,0.7821100917431193,0.43886743886743884,0.08342245989304813,0.0855614973262032,0.8161434977578476,0.0,0.35874439461883406,0.3542600896860987,0.18385650224215247,0.04884402474763921,0.5916629721831597,0.5055649079127283
silver,metallic,0.43821356237309517,21,13,0.24,0.58,21,0.14,0.46,0.24,0.8060747663551402,0.4463130659767141,0.08663101604278074,0.08663101604278074,0.8,0.0,0.38571428571428573,0.319047619047619,0.2,0.05047215890589384,0.5933024303670966,0.5208596591184048
silver,metallic,0.43821356237309517,21,13,0.24,0.58,21,0.14,0.46,0.36,0.8035714285714286,0.44554455445544555,0.07593582887700535,0.059893048128342244,0.8170212765957446,0.0,0.225531914893617,0.39574468085106385,0.1829787234042553,0.045913383262780855,0.5855057946021913,0.5258397006503215
silver,metallic,0.43821356237309517,21,13,0.24,0.58,21,0.2,0.18,0.24,0.7672811059907834,0.43415906127770537,0.08235294117647059,0.09732620320855614,0.7981651376146789,0.0,0.41743119266055045,0.3440366972477064,0.2018348623853211,0.047215890589384565,0.5948618861119193,0.5091204072622849
silver,metallic,0.43821356237309517,21,13,0.24,0.68,13,0.14,0.46,0.24,0.8093126385809313,0.44730392156862747,0.08449197860962566,0.0427807486631016,0.6528925619834711,0.0,0.3140495867768595,0.2892561983471074,0.34710743801652894,0.053402800390752195,0.5667779009802711,0.5585513301310961
silver,metallic,0.43821356237309517,21,13,0.24,0.68,13,0.14,0.46,0.36,0.8329718004338394,0.4544378698224852,0.0748663101604278,0.0213903743315508,0.6086956521739131,0.0,0.14492753623188406,0.2971014492753623,0.391304347826087,0.053402800390752195,0.584918941868189,0.6168493237663928
silver,metallic,0.43821356237309517,21,13,0.24,0.68,21,0.08,0.46,0.36,0.8303964757709251,0.4536702767749699,0.07807486631016043,0.033155080213903745,0.6625,0.0,0.12916666666666668,0.2916666666666667,0.3375,0.052425919895799415,0.5839539176830737,0.619403288537193
silver,metallic,0.43821356237309517,21,13,0.24,0.68,21,0.2,0.46,0.36,0.831081081081081,0.45387453874538747,0.07058823529411765,0.059893048128342244,0.6707818930041153,0.0,0.20987654320987653,0.32098765432098764,0.3292181069958848,0.0475415174210355,0.5883846837986737,0.5848326546162955
silver,metallic,0.43821356237309517,21,13,0.24,0.78,13,0.14,0.32,0.24,0.8030973451327433,0.44539877300613495,0.0855614973262032,0.0427807486631016,0.45864661654135336,0.0,0.2781954887218045,0.19548872180451127,0.5413533834586466,0.05405405405405406,0.5873671856936384,0.5869552547813439
silver,metallic,0.43821356237309517,21,13,0.24,0.78,21,0.14,0.32,0.36,0.8142548596112311,0.4488095238095238,0.07272727272727272,0.028877005347593583,0.45901639344262296,0.0,0.0942622950819672,0.21721311475409835,0.5409836065573771,0.04982090524259199,0.5828398507712851,0.6458805303728646
silver,metallic,0.43821356237309517,21,13,0.24,0.78,21,0.2,0.18,0.24,0.7844444444444445,0.4396014943960149,0.07807486631016043,0.06310160427807486,0.4267241379310345,0.0,0.2413793103448276,0.16810344827586207,0.5732758620689655,0.052425919895799415,0.4497878320068437,0.5814468420358553
bounded_cf_2,bounded_cf,0.6582505321462085,21,13,0.08,0.58,13,0.14,0.18,0.24,0.7324263038548753,0.42277486910994766,0.12433011789924973,0.05680600214362272,0.6858974358974359,0.0,0.3269230769230769,0.0,0.3141025641025641,0.10517746662324975,0.5366495131272495,0.5884354807500061
bounded_cf_2,bounded_cf,0.6582505321462085,21,13,0.08,0.58,13,0.14,0.46,0.24,0.7505773672055427,0.4287598944591029,0.12754555198285103,0.06002143622722401,0.7142857142857143,0.0,0.35064935064935066,0.0,0.2857142857142857,0.10582872028655162,0.5360167050554205,0.585123149932658
bounded_cf_2,bounded_cf,0.6582505321462085,21,13,0.08,0.58,21,0.08,0.18,0.36,0.7695749440715883,0.43489254108723135,0.12433011789924973,0.027867095391211148,0.6771300448430493,0.0,0.1031390134529148,0.0,0.32286995515695066,0.11201563008791925,0.5311454973655121,0.6628574847391772
bounded_cf_2,bounded_cf,0.6582505321462085,21,13,0.08,0.58,21,0.08,0.46,0.24,0.7425968109339408,0.4261437908496732,0.1232583065380493,0.05680600214362272,0.6801801801801802,0.0,0.23423423423423423,0.0,0.31981981981981983,0.10615434711820254,0.5368143998805648,0.6135541391625745
bounded_cf_2,bounded_cf,0.6582505321462085,21,13,0.08,0.58,21,0.14,0.32,0.24,0.7400468384074942,0.4253028263795424,0.12968917470525188,0.07395498392282958,0.6778846153846154,0.0,0.3269230769230769,0.0,0.32211538461538464,0.10289807880169326,0.5384392461165814,0.5914926128638331
bounded_cf_2,bounded_cf,0.6582505321462085,21,13,0.08,0.58,21,0.14,0.32,0.36,0.7742663656884876,0.43638676844783714,0.1157556270096463,0.04180064308681672,0.6824034334763949,0.0,0.15021459227467812,0.0,0.31759656652360513,0.11169000325626832,0.5357511180571819,0.6470649066817032
bounded_cf_2,bounded_cf,0.6582505321462085,21,13,0.08,0.68,13,0.08,0.18,0.36,0.7919463087248322,0.4419475655430712,0.12433011789924973,0.01714898177920686,0.5180722891566265,0.0,0.0783132530120482,0.0,0.4819277108433735,0.11527189840442853,0.5329353236033225,0.6819400797467359
bounded_cf_2,bounded_cf,0.6582505321462085,21,13,0.08,0.68,21,0.2,0.46,0.36,0.7805429864253394,0.4383735705209657,0.11682743837084673,0.03965702036441586,0.5253456221198156,0.0,0.15207373271889402,0.0,0.47465437788018433,0.11234125691957017,0.5370842315438091,0.6552431405790894
bounded_cf_2,bounded_cf,0.6582505321462085,21,13,0.08,0.78,13,0.14,0.32,0.36,0.7847533632286996,0.4396984924623116,0.12754555198285103,0.01929260450160772,0.38372093023255816,0.0,0.08139534883720931,0.0,0.6162790697674418,0.11396939107782482,0.5311307896157695,0.6732038552254568
bounded_cf_2,bounded_cf,0.6582505321462085,21,13,0.08,0.78,13,0.2,0.18,0.36,0.7905405405405406,0.44150943396226416,0.12754555198285103,0.020364415862808145,0.38953488372093026,0.0,0.09302325581395349,0.0,0.6104651162790697,0.11429501790947574,0.5322494279733991,0.6726900851774018
bounded_cf_2,bounded_cf,0.6582505321462085,21,13,0.08,0.78,21,0.08,0.18,0.36,0.7782705099778271,0.4376558603491272,0.12218649517684887,0.01822079314040729,0.37446808510638296,0.0,0.059574468085106386,0.0,0.625531914893617,0.11429501790947574,0.5312486285181561,0.6758494306826482
bounded_cf_2,bounded_cf,0.6582505321462085,21,13,0.08,0.78,21,0.08,0.32,0.24,0.7595505617977528,0.43167305236270753,0.12968917470525188,0.031082529474812434,0.3524229074889868,0.0,0.1145374449339207,0.0,0.6475770925110133,0.11006186909801367,0.5323408633796454,0.6456894509425894
bounded_cf_2,bounded_cf,0.6582505321462085,21,13,0.08,0.78,21,0.14,0.18,0.36,0.7847533632286996,0.4396984924623116,0.1232583065380493,0.023579849946409433,0.3775933609958506,0.0,0.07883817427385892,0.0,0.6224066390041494,0.11396939107782482,0.5331031257045364,0.6719059179718917
bounded_cf_2,bounded_cf,0.6582505321462085,21,13,0.08,0.78,21,0.2,0.18,0.36,0.7718120805369127,0.4356060606060606,0.1232583065380493,0.027867095391211148,0.37719298245614036,0.0,0.09649122807017543,0.0,0.6228070175438597,0.11234125691957017,0.5327450095509492,0.663350155246007
bounded_cf_2,bounded_cf,0.6582505321462085,21,13,0.08,0.78,21,0.2,0.46,0.36,0.777027027027027,0.4372623574144487,0.12111468381564845,0.03322615219721329,0.37719298245614036,0.0,0.10087719298245613,0.0,0.6228070175438597,0.11234125691957017,0.5349808704372172,0.6630048503842508
bounded_cf_2,bounded_cf,0.6582505321462085,21,13,0.16,0.58,21,0.08,0.32,0.24,0.7517241379310344,0.42913385826771655,0.12861736334405144,0.05466237942122187,0.6818181818181818,0.0,0.22727272727272727,0.10909090909090909,0.3181818181818182,0.10647997394985347,0.5364246609982597,0.5953800421892432
bounded_cf_2,bounded_cf,0.6582505321462085,21,13,0.16,0.58,21,0.08,0.46,0.36,0.7886363636363637,0.4409148665819568,0.12540192926045016,0.031082529474812434,0.6743119266055045,0.0,0.11467889908256881,0.10550458715596331,0.3256880733944954,0.11299251058287203,0.5315405887910771,0.642005292177564
bounded_cf_2,bounded_cf,0.6582505321462085,21,13,0.16,0.58,21,0.14,0.18,0.24,0.7195402298850575,0.4184491978609626,0.12540192926045016,0.07288317256162916,0.6807511737089202,0.0,0.30985915492957744,0.11737089201877934,0.3192488262910798,0.10192119830674047,0.5364177886208499,0.5633117874196805
bounded_cf_2,bounded_cf,0.6582505321462085,21,13,0.16,0.58,21,0.2,0.18,0.24,0.7232558139534884,0.41970310391363025,0.1232583065380493,0.08252947481243302,0.6919431279620853,0.0,0.36018957345971564,0.0995260663507109,0.3080568720379147,0.10126994464343862,0.5376625324869917,0.5649222715408351
bounded_cf_2,bounded_cf,0.6582505321462085,21,13,0.16,0.68,13,0.08,0.18,0.36,0.7919463087248322,0.4419475655430712,0.12433011789924973,0.01714898177920686,0.5180722891566265,0.0,0.0783132530120482,0.07228915662650602,0.4819277108433735,0.11527189840442853,0.5329353236033225,0.6674822484214347
bounded_cf_2,bounded_cf,0.6582505321462085,21,13,0.16,0.68,13,0.2,0.32,0.36,0.781038374717833,0.4385297845373891,0.12218649517684887,0.03215434083601286,0.5269461077844312,0.0,0.1437125748502994,0.08982035928143713,0.47305389221556887,0.1126668837512211,0.532810535243414,0.6397746072301947
bounded_cf_2,bounded_cf,0.6582505321462085,21,13,0.16,0.68,21,0.08,0.18,0.36,0.7785234899328859,0.4377358490566038,0.1232583065380493,0.02465166130760986,0.5254237288135594,0.0,0.08898305084745763,0.07203389830508475,0.4745762711864407,0.11331813741452296,0.5308950739155549,0.6610478866625035
bounded_cf_2,bounded_cf,0.6582505321462085,21,13,0.16,0.68,21,0.08,0.32,0.24,0.7522727272727273,0.4293125810635538,0.12754555198285103,0.04608788853161844,0.5155555555555555,0.0,0.18666666666666668,0.08,0.48444444444444446,0.10778248127645718,0.5357070839504814,0.622225951444503
bounded_cf_2,bounded_cf,0.6582505321462085,21,13,0.16,0.68,21,0.14,0.18,0.36,0.7815315315315315,0.438685208596713,0.12218649517684887,0.030010718113612004,0.52,0.0,0.12,0.07555555555555556,0.48,0.11299251058287203,0.5325294568305028,0.6506380186596329
bounded_cf_2,bounded_cf,0.6582505321462085,21,13,0.16,0.68,21,0.2,0.18,0.24,0.7266514806378133,0.420844327176781,0.12218649517684887,0.06538049303322616,0.5185185185185185,0.0,0.27314814814814814,0.08796296296296297,0.48148148148148145,0.10387495929664604,0.5381219571230347,0.5869080332038047
bounded_cf_2,bounded_cf,0.6582505321462085,21,13,0.16,0.68,21,0.2,0.18,0.36,0.7853881278538812,0.4398976982097187,0.1264737406216506,0.03536977491961415,0.5299539170506913,0.0,0.1382488479262673,0.07834101382488479,0.4700460829493088,0.11201563008791925,0.5337762682388758,0.6447529293106351
bounded_cf_2,bounded_cf,0.6582505321462085,21,13,0.16,0.68,21,0.2,0.46,0.24,0.7331786542923434,0.42302543507362783,0.1232583065380493,0.07609860664523044,0.5069767441860465,0.0,0.3209302325581395,0.09302325581395349,0.4930232558139535,0.10289807880169326,0.5415727357973756,0.5783552272873846
bounded_cf_2,bounded_cf,0.6582505321462085,21,13,0.16,0.78,13,0.08,0.32,0.24,0.7668161434977578,0.434010152284264,0.13183279742765272,0.023579849946409433,0.36809815950920244,0.0,0.1165644171779141,0.06134969325153374,0.6319018404907976,0.11136437642461738,0.5302976950663287,0.6398689542337607
bounded_cf_2,bounded_cf,0.6582505321462085,21,13,0.16,0.78,13,0.08,0.46,0.36,0.7804878048780488,0.4383561643835616,0.12540192926045016,0.013933547695605574,0.3764705882352941,0.0,0.058823529411764705,0.07058823529411765,0.6235294117647059,0.11462064474112667,0.5307256336704658,0.6631882921468191
bounded_cf_2,bounded_cf,0.6582505321462085,21,13,0.16,0.78,13,0.14,0.32,0.24,0.7579185520361991,0.43114543114543114,0.1307609860664523,0.03644158628081458,0.3558282208588957,0.0,0.19631901840490798,0.08588957055214724,0.6441717791411042,0.10908498860306089,0.5345052283773193,0.6023967108677561
bounded_cf_2,bounded_cf,0.6582505321462085,21,13,0.16,0.78,21,0.08,0.18,0.36,0.7782705099778271,0.4376558603491272,0.12218649517684887,0.01822079314040729,0.37446808510638296,0.0,0.059574468085106386,0.05531914893617021,0.625531914893617,0.11429501790947574,0.5312486285181561,0.6647856008954143
bounded_cf_2,bounded_cf,0.6582505321462085,21,13,0.16,0.78,21,0.14,0.18,0.24,0.7528089887640449,0.42948717948717946,0.1232583065380493,0.04072883172561629,0.36486486486486486,0.0,0.16216216216216217,0.06306306306306306,0.6351351351351351,0.10908498860306089,0.5343279733235358,0.6206340973712887
bounded_cf_2,bounded_cf,0.6582505321462085,21,13,0.16,0.78,21,0.14,0.18,0.36,0.7847533632286996,0.4396984924623116,0.1232583065380493,0.023579849946409433,0.3775933609958506,0.0,0.07883817427385892,0.06639004149377593,0.6224066390041494,0.11396939107782482,0.5331031257045364,0.6586279096731366
bounded_cf_2,bounded_cf,0.6582505321462085,21,13,0.16,0.78,21,0.14,0.46,0.24,0.7585421412300684,0.43134715025906734,0.1264737406216506,0.04608788853161844,0.3581395348837209,0.0,0.17209302325581396,0.06976744186046512,0.641860465116279,0.10843373493975904,0.5340142480671115,0.6143403498622929
bounded_cf_2,bounded_cf,0.6582505321462085,21,13,0.16,0.78,21,0.2,0.32,0.24,0.7614678899082569,0.4322916666666667,0.12540192926045016,0.05144694533762058,0.3611111111111111,0.0,0.19907407407407407,0.06944444444444445,0.6388888888888888,0.10810810810810811,0.5354016107934718,0.6071115938137057
bounded_cf_2,bounded_cf,0.6582505321462085,21,13,0.16,0.78,21,0.2,0.46,0.36,0.777027027027027,0.4372623574144487,0.12111468381564845,0.03322615219721329,0.37719298245614036,0.0,0.10087719298245613,0.06140350877192982,0.6228070175438597,0.11234125691957017,0.5349808704372172,0.6507241486298648
bounded_cf_2,bounded_cf,0.6582505321462085,21,13,0.24,0.58,13,0.08,0.18,0.24,0.7597254004576659,0.4317295188556567,0.1307609860664523,0.04501607717041801,0.676829268292683,0.0,0.23780487804878048,0.23170731707317074,0.3231707317073171,0.10810810810810811,0.5371842583887296,0.5703189674800928
bounded_cf_2,bounded_cf,0.6582505321462085,21,13,0.24,0.58,13,0.08,0.32,0.36,0.7782705099778271,0.4376558603491272,0.12218649517684887,0.01822079314040729,0.7134146341463414,0.0,0.08536585365853659,0.2682926829268293,0.2865853658536585,0.11429501790947574,0.5307524129051295,0.6086039899529246
bounded_cf_2,bounded_cf,0.6582505321462085,21,13,0.24,0.58,13,0.14,0.32,0.24,0.7425287356321839,0.4261213720316623,0.1264737406216506,0.06109324758842444,0.7124183006535948,0.0,0.35947712418300654,0.24836601307189543,0.2875816993464052,0.10517746662324975,0.5366015793081336,0.5344485181813267
bounded_cf_2,bounded_cf,0.6582505321462085,21,13,0.24,0.58,13,0.14,0.32,0.36,0.7832957110609481,0.43924050632911393,0.12218649517684887,0.031082529474812434,0.7239263803680982,0.0,0.15337423312883436,0.2392638036809816,0.27607361963190186,0.11299251058287203,0.5322564915795736,0.5901295064924291
bounded_cf_2,bounded_cf,0.6582505321462085,21,13,0.24,0.58,13,0.14,0.46,0.24,0.7505773672055427,0.4287598944591029,0.12754555198285103,0.06002143622722401,0.7142857142857143,0.0,0.35064935064935066,0.2532467532467532,0.2857142857142857,0.10582872028655162,0.5360167050554205,0.5344737992833073
bounded_cf_2,bounded_cf,0.6582505321462085,21,13,0.24,0.58,13,0.2,0.18,0.36,0.782608695652174,0.43902439024390244,0.12540192926045016,0.03965702036441586,0.6764705882352942,0.0,0.19411764705882353,0.22941176470588234,0.3235294117647059,0.11136437642461738,0.5340517056133451,0.5892819286946677
bounded_cf_2,bounded_cf,0.6582505321462085,21,13,0.24,0.58,21,0.08,0.46,0.36,0.7886363636363637,0.4409148665819568,0.12540192926045016,0.031082529474812434,0.6743119266055045,0.0,0.11467889908256881,0.21559633027522937,0.3256880733944954,0.11299251058287203,0.5315405887910771,0.6199869435537108
bounded_cf_2,bounded_cf,0.6582505321462085,21,13,0.24,0.58,21,0.14,0.18,0.24,0.7195402298850575,0.4184491978609626,0.12540192926045016,0.07288317256162916,0.6807511737089202,0.0,0.30985915492957744,0.23943661971830985,0.3192488262910798,0.10192119830674047,0.5364177886208499,0.5388986418797744
bounded_cf_2,bounded_cf,0.6582505321462085,21,13,0.24,0.58,21,0.14,0.46,0.24,0.7517564402810304,0.42914438502673796,0.12540192926045016,0.07288317256162916,0.6805555555555556,0.0,0.3101851851851852,0.22685185185185186,0.3194444444444444,0.1045262129599479,0.5373737104537653,0.5475248889384783
bounded_cf_2,bounded_cf,0.6582505321462085,21,13,0.24,0.58,21,0.14,0.46,0.36,0.7742663656884876,0.43638676844783714,0.11682743837084673,0.04072883172561629,0.6695278969957081,0.0,0.1459227467811159,0.22317596566523606,0.33047210300429186,0.11136437642461738,0.5338056846909067,0.606572870954698
bounded_cf_2,bounded_cf,0.6582505321462085,21,13,0.24,0.58,21,0.2,0.18,0.24,0.7232558139534884,0.41970310391363025,0.1232583065380493,0.08252947481243302,0.6919431279620853,0.0,0.36018957345971564,0.22274881516587677,0.3080568720379147,0.10126994464343862,0.5376625324869917,0.5402777217778019
bounded_cf_2,bounded_cf,0.6582505321462085,21,13,0.24,0.68,13,0.14,0.46,0.24,0.7568807339449541,0.4308093994778068,0.12968917470525188,0.04930332261521972,0.4935897435897436,0.0,0.27564102564102566,0.14743589743589744,0.5064102564102564,0.10745685444480625,0.5353847614097704,0.5798046839523476
bounded_cf_2,bounded_cf,0.6582505321462085,21,13,0.24,0.68,13,0.14,0.46,0.36,0.7837837837837838,0.4393939393939394,0.1232583065380493,0.027867095391211148,0.52046783625731,0.0,0.11695906432748537,0.13450292397660818,0.47953216374269003,0.11331813741452296,0.5326348392934459,0.6403472818466611
bounded_cf_2,bounded_cf,0.6582505321462085,21,13,0.24,0.68,21,0.08,0.46,0.36,0.7671840354767184,0.4341279799247177,0.12004287245444802,0.02572347266881029,0.5085470085470085,0.0,0.08547008547008547,0.13675213675213677,0.49145299145299143,0.1126668837512211,0.5303794958724444,0.6470926460023121
bounded_cf_2,bounded_cf,0.6582505321462085,21,13,0.24,0.68,21,0.2,0.46,0.36,0.7805429864253394,0.4383735705209657,0.11682743837084673,0.03965702036441586,0.5253456221198156,0.0,0.15207373271889402,0.15668202764976957,0.47465437788018433,0.11234125691957017,0.5370842315438091,0.6239067350491355
bounded_cf_2,bounded_cf,0.6582505321462085,21,13,0.24,0.78,13,0.14,0.32,0.24,0.7579185520361991,0.43114543114543114,0.1307609860664523,0.03644158628081458,0.3558282208588957,0.0,0.19631901840490798,0.11042944785276074,0.6441717791411042,0.10908498860306089,0.5345052283773193,0.5974887354076334
bounded_cf_2,bounded_cf,0.6582505321462085,21,13,0.24,0.78,21,0.14,0.32,0.36,0.7842696629213484,0.43954659949622166,0.1232583065380493,0.02572347266881029,0.37916666666666665,0.0,0.07916666666666666,0.1125,0.6208333333333333,0.11364376424617388,0.5339332577060516,0.6498588254652955
bounded_cf_2,bounded_cf,0.6582505321462085,21,13,0.24,0.78,21,0.2,0.18,0.24,0.7557077625570776,0.4304291287386216,0.12540192926045016,0.05037513397642015,0.3611111111111111,0.0,0.19907407407407407,0.1111111111111111,0.6388888888888888,0.10778248127645718,0.534432390129125,0.5976155944583876
random_cf_1,random_cf,0.10978777645362256,21,13,0.08,0.58,13,0.14,0.18,0.24,0.7813953488372093,0.4386422976501306,0.10647639956092206,0.052689352360043906,0.7218543046357616,0.0,0.304635761589404,0.0,0.2781456953642384,0.09443178117876913,0.5906162136219515,0.597308749908402
random_cf_1,random_cf,0.10978777645362256,21,13,0.08,0.58,13,0.14,0.46,0.24,0.7855477855477856,0.43994778067885115,0.10428100987925357,0.054884742041712405,0.7181208053691275,0.0,0.3221476510067114,0.0,0.28187919463087246,0.095083034842071,0.5903318664484749,0.5988033819044567
random_cf_1,random_cf,0.10978777645362256,21,13,0.08,0.58,21,0.08,0.18,0.36,0.7918552036199095,0.44191919191919193,0.10098792535675083,0.029637760702524697,0.7203389830508474,0.0,0.11016949152542373,0.0,0.2796610169491525,0.09540866167372192,0.584117640492132,0.6626138229697071
random_cf_1,random_cf,0.10978777645362256,21,13,0.08,0.58,21,0.08,0.46,0.24,0.7824074074074074,0.43896103896103894,0.10318331503841932,0.05159165751920966,0.7089201877934272,0.0,0.22065727699530516,0.0,0.29107981220657275,0.09443178117876913,0.588880877310058,0.626689547898552
random_cf_1,random_cf,0.10978777645362256,21,13,0.08,0.58,21,0.14,0.32,0.24,0.7593457943925234,0.4316069057104914,0.10208562019758508,0.07135016465422613,0.7333333333333333,0.0,0.3047619047619048,0.0,0.26666666666666666,0.09117551286225985,0.5908084839005345,0.5901684271599938
random_cf_1,random_cf,0.10978777645362256,21,13,0.08,0.58,21,0.14,0.32,0.36,0.7889908256880734,0.441025641025641,0.09440175631174534,0.04939626783754116,0.7415254237288136,0.0,0.17796610169491525,0.0,0.2584745762711864,0.0928036470205145,0.5869437345931561,0.6345254390127263
random_cf_1,random_cf,0.10978777645362256,21,13,0.08,0.68,13,0.08,0.18,0.36,0.7906458797327395,0.44154228855721395,0.10098792535675083,0.01646542261251372,0.6158536585365854,0.0,0.08536585365853659,0.0,0.38414634146341464,0.10159557147508955,0.586633217134436,0.6872980697245518
random_cf_1,random_cf,0.10978777645362256,21,13,0.08,0.68,21,0.2,0.46,0.36,0.7777777777777778,0.4375,0.0867178924259056,0.052689352360043906,0.6,0.0,0.1956521739130435,0.0,0.4,0.09215239335721263,0.5888928524156503,0.6476740223289922
random_cf_1,random_cf,0.10978777645362256,21,13,0.08,0.78,13,0.14,0.32,0.36,0.7797356828193832,0.4381188118811881,0.09330406147091108,0.019758507135016465,0.4876543209876543,0.0,0.09259259259259259,0.0,0.5123456790123457,0.09964181048518397,0.584990661645644,0.6826059073007581
random_cf_1,random_cf,0.10978777645362256,21,13,0.08,0.78,13,0.2,0.18,0.36,0.7869955156950673,0.44040150564617314,0.09879253567508232,0.026344676180021953,0.4782608695652174,0.0,0.12422360248447205,0.0,0.5217391304347826,0.0986649299902312,0.5884581251954015,0.6737194748227636
random_cf_1,random_cf,0.10978777645362256,21,13,0.08,0.78,21,0.08,0.18,0.36,0.7844444444444445,0.4396014943960149,0.10098792535675083,0.01756311745334797,0.4476987447698745,0.0,0.058577405857740586,0.0,0.5523012552301255,0.0986649299902312,0.5863787156200508,0.6951032078611478
random_cf_1,random_cf,0.10978777645362256,21,13,0.08,0.78,21,0.08,0.32,0.24,0.7681818181818182,0.43444730077120824,0.10428100987925357,0.04171240395170143,0.45539906103286387,0.0,0.16901408450704225,0.0,0.5446009389671361,0.09378052751546727,0.5887318734651881,0.6550361219842028
random_cf_1,random_cf,0.10978777645362256,21,13,0.08,0.78,21,0.14,0.18,0.36,0.7874720357941835,0.4405506883604506,0.09879253567508232,0.024149286498353458,0.43776824034334766,0.0,0.0815450643776824,0.0,0.5622317596566524,0.09736242266362748,0.587537326852352,0.6880095674473529
random_cf_1,random_cf,0.10978777645362256,21,13,0.08,0.78,21,0.2,0.18,0.36,0.805045871559633,0.44599745870393903,0.10098792535675083,0.03512623490669594,0.4315352697095436,0.0,0.11618257261410789,0.0,0.5684647302904564,0.09605991533702377,0.5894488318015729,0.6796763289315841
random_cf_1,random_cf,0.10978777645362256,21,13,0.08,0.78,21,0.2,0.46,0.36,0.7847533632286996,0.4396984924623116,0.08562019758507135,0.04061470911086718,0.4334763948497854,0.0,0.12875536480686695,0.0,0.5665236051502146,0.09345490068381634,0.590223729427293,0.6717706175455174
random_cf_1,random_cf,0.10978777645362256,21,13,0.16,0.58,21,0.08,0.32,0.24,0.7842227378190255,0.43953185955786733,0.10647639956092206,0.04939626783754116,0.7129186602870813,0.0,0.215311004784689,0.11483253588516747,0.28708133971291866,0.09312927385216542,0.5897464967533181,0.6051524083481108
random_cf_1,random_cf,0.10978777645362256,21,13,0.16,0.58,21,0.08,0.46,0.36,0.7977272727272727,0.44374209860935526,0.09879253567508232,0.03293084522502744,0.7364016736401674,0.0,0.11715481171548117,0.1297071129707113,0.26359832635983266,0.09540866167372192,0.5871526415157478,0.6320799258871641
random_cf_1,random_cf,0.10978777645362256,21,13,0.16,0.58,21,0.14,0.18,0.24,0.772093023255814,0.4356955380577428,0.10098792535675083,0.06256860592755215,0.7259615384615384,0.0,0.2692307692307692,0.125,0.27403846153846156,0.09182676652556171,0.5904806402279106,0.5796696640268107
random_cf_1,random_cf,0.10978777645362256,21,13,0.16,0.58,21,0.2,0.18,0.24,0.7719714964370546,0.435656836461126,0.10428100987925357,0.07683863885839737,0.7241379310344828,0.0,0.3399014778325123,0.12315270935960591,0.27586206896551724,0.090524259198958,0.5904052013096079,0.5697774630381036
random_cf_1,random_cf,0.10978777645362256,21,13,0.16,0.68,13,0.08,0.18,0.36,0.7906458797327395,0.44154228855721395,0.10098792535675083,0.01646542261251372,0.6158536585365854,0.0,0.08536585365853659,0.08536585365853659,0.38414634146341464,0.10159557147508955,0.586633217134436,0.6702248989928444
random_cf_1,random_cf,0.10978777645362256,21,13,0.16,0.68,13,0.2,0.32,0.36,0.7792792792792793,0.4379746835443038,0.09549945115257959,0.03732162458836443,0.6305732484076433,0.0,0.20382165605095542,0.08280254777070063,0.36942675159235666,0.095083034842071,0.5884963314017875,0.6289853921239772
random_cf_1,random_cf,0.10978777645362256,21,13,0.16,0.68,21,0.08,0.18,0.36,0.7785234899328859,0.4377358490566038,0.10098792535675083,0.026344676180021953,0.6008403361344538,0.0,0.08823529411764706,0.1092436974789916,0.39915966386554624,0.09736242266362748,0.5845221970761569,0.6617908573098311
random_cf_1,random_cf,0.10978777645362256,21,13,0.16,0.68,21,0.08,0.32,0.24,0.7676537585421412,0.43427835051546393,0.10428100987925357,0.043907793633369926,0.5560538116591929,0.0,0.16591928251121077,0.09417040358744394,0.4439461883408072,0.09475740801042006,0.5889241403596392,0.6370675977178322
random_cf_1,random_cf,0.10978777645362256,21,13,0.16,0.68,21,0.14,0.18,0.36,0.7963386727688787,0.44331210191082804,0.09879253567508232,0.03951701427003293,0.6147186147186147,0.0,0.1471861471861472,0.10822510822510822,0.3852813852813853,0.09475740801042006,0.5871644554665199,0.6456828525153513
random_cf_1,random_cf,0.10978777645362256,21,13,0.16,0.68,21,0.2,0.18,0.24,0.7676056338028169,0.4342629482071713,0.10318331503841932,0.07025246981339188,0.5963302752293578,0.0,0.29357798165137616,0.0963302752293578,0.4036697247706422,0.09084988603060892,0.5889535127493859,0.5934048082198085
random_cf_1,random_cf,0.10978777645362256,21,13,0.16,0.68,21,0.2,0.18,0.36,0.7904328018223234,0.44147582697201015,0.09110867178924259,0.04610318331503842,0.5948275862068966,0.0,0.16810344827586207,0.10775862068965517,0.4051724137931034,0.09378052751546727,0.5888555738578432,0.6377843233589008
random_cf_1,random_cf,0.10978777645362256,21,13,0.16,0.68,21,0.2,0.46,0.24,0.7860576923076923,0.44010767160161507,0.10318331503841932,0.08122941822173436,0.6,0.0,0.33488372093023255,0.09767441860465116,0.4,0.08922175187235429,0.5916769528370711,0.5945068522957685
random_cf_1,random_cf,0.10978777645362256,21,13,0.16,0.78,13,0.08,0.32,0.24,0.7730337078651686,0.43599493029150826,0.10208562019758508,0.031833150384193196,0.47096774193548385,0.0,0.16774193548387098,0.06451612903225806,0.5290322580645161,0.09671116900032563,0.5859647491588011,0.6432760295114626
random_cf_1,random_cf,0.10978777645362256,21,13,0.16,0.78,13,0.08,0.46,0.36,0.7986577181208053,0.44402985074626866,0.10098792535675083,0.01646542261251372,0.49375,0.0,0.075,0.05625,0.50625,0.10094431781178768,0.5873313129431921,0.6810960328995282
random_cf_1,random_cf,0.10978777645362256,21,13,0.16,0.78,13,0.14,0.32,0.24,0.7876712328767124,0.44061302681992337,0.10537870472008781,0.03512623490669594,0.45751633986928103,0.0,0.19607843137254902,0.05228758169934641,0.5424836601307189,0.0963855421686747,0.5873453476658479,0.6390841197786037
random_cf_1,random_cf,0.10978777645362256,21,13,0.16,0.78,21,0.08,0.18,0.36,0.7844444444444445,0.4396014943960149,0.10098792535675083,0.01756311745334797,0.4476987447698745,0.0,0.058577405857740586,0.04184100418410042,0.5523012552301255,0.0986649299902312,0.5863787156200508,0.6867350070243277
random_cf_1,random_cf,0.10978777645362256,21,13,0.16,0.78,21,0.14,0.18,0.24,0.7688787185354691,0.4346701164294955,0.10098792535675083,0.050493962678375415,0.43722943722943725,0.0,0.19480519480519481,0.05627705627705628,0.5627705627705628,0.09312927385216542,0.5880340164597335,0.634971109605535
random_cf_1,random_cf,0.10978777645362256,21,13,0.16,0.78,21,0.14,0.18,0.36,0.7874720357941835,0.4405506883604506,0.09879253567508232,0.024149286498353458,0.43776824034334766,0.0,0.0815450643776824,0.05150214592274678,0.5622317596566524,0.09736242266362748,0.587537326852352,0.6777091382628035
random_cf_1,random_cf,0.10978777645362256,21,13,0.16,0.78,21,0.14,0.46,0.24,0.7800925925925926,0.43823146944083224,0.10208562019758508,0.05378704720087816,0.43776824034334766,0.0,0.20600858369098712,0.055793991416309016,0.5622317596566524,0.0928036470205145,0.5882684294497653,0.6333508836434483
random_cf_1,random_cf,0.10978777645362256,21,13,0.16,0.78,21,0.2,0.32,0.24,0.7887323943661971,0.4409448818897638,0.09989023051591657,0.06366630076838639,0.45726495726495725,0.0,0.24358974358974358,0.05555555555555555,0.5427350427350427,0.09312927385216542,0.5897788547285923,0.6223712762784976
random_cf_1,random_cf,0.10978777645362256,21,13,0.16,0.78,21,0.2,0.46,0.36,0.7847533632286996,0.4396984924623116,0.08562019758507135,0.04061470911086718,0.4334763948497854,0.0,0.12875536480686695,0.04721030042918455,0.5665236051502146,0.09345490068381634,0.590223729427293,0.6623285574596804
random_cf_1,random_cf,0.10978777645362256,21,13,0.24,0.58,13,0.08,0.18,0.24,0.753393665158371,0.4296774193548387,0.10428100987925357,0.04500548847420417,0.7412587412587412,0.0,0.26573426573426573,0.21678321678321677,0.25874125874125875,0.09215239335721263,0.5885314479902108,0.5557593593726021
random_cf_1,random_cf,0.10978777645362256,21,13,0.24,0.58,13,0.08,0.32,0.36,0.802247191011236,0.4451371571072319,0.09989023051591657,0.019758507135016465,0.7393939393939394,0.0,0.10909090909090909,0.20606060606060606,0.2606060606060606,0.10029306414848584,0.5867644845737447,0.6198389886266421
random_cf_1,random_cf,0.10978777645362256,21,13,0.24,0.58,13,0.14,0.32,0.24,0.7813953488372093,0.4386422976501306,0.10537870472008781,0.05378704720087816,0.7236842105263158,0.0,0.3092105263157895,0.21710526315789475,0.27631578947368424,0.09475740801042006,0.5906253883650807,0.5534280178871313
random_cf_1,random_cf,0.10978777645362256,21,13,0.24,0.58,13,0.14,0.32,0.36,0.7941176470588235,0.4426229508196721,0.09879253567508232,0.030735455543358946,0.7516339869281046,0.0,0.16993464052287582,0.20915032679738563,0.24836601307189543,0.0963855421686747,0.5861045779792735,0.594341611517389
random_cf_1,random_cf,0.10978777645362256,21,13,0.24,0.58,13,0.14,0.46,0.24,0.7855477855477856,0.43994778067885115,0.10428100987925357,0.054884742041712405,0.7181208053691275,0.0,0.3221476510067114,0.2214765100671141,0.28187919463087246,0.095083034842071,0.5903318664484749,0.5545080798910339
random_cf_1,random_cf,0.10978777645362256,21,13,0.24,0.58,13,0.2,0.18,0.36,0.7995444191343963,0.4443037974683544,0.09879253567508232,0.03402854006586169,0.7534246575342466,0.0,0.1917808219178082,0.2328767123287671,0.2465753424657534,0.095083034842071,0.5858144724913763,0.5828035546660968
random_cf_1,random_cf,0.10978777645362256,21,13,0.24,0.58,21,0.08,0.46,0.36,0.7977272727272727,0.44374209860935526,0.09879253567508232,0.03293084522502744,0.7364016736401674,0.0,0.11715481171548117,0.2301255230125523,0.26359832635983266,0.09540866167372192,0.5871526415157478,0.6119962438787959
random_cf_1,random_cf,0.10978777645362256,21,13,0.24,0.58,21,0.14,0.18,0.24,0.772093023255814,0.4356955380577428,0.10098792535675083,0.06256860592755215,0.7259615384615384,0.0,0.2692307692307692,0.22115384615384615,0.27403846153846156,0.09182676652556171,0.5904806402279106,0.5604388947960416
random_cf_1,random_cf,0.10978777645362256,21,13,0.24,0.58,21,0.14,0.46,0.24,0.7790973871733967,0.4379172229639519,0.10537870472008781,0.07244785949506037,0.7268292682926829,0.0,0.3170731707317073,0.21951219512195122,0.2731707317073171,0.09215239335721263,0.591656624665595,0.551466007835513
random_cf_1,random_cf,0.10978777645362256,21,13,0.24,0.58,21,0.14,0.46,0.36,0.7977272727272727,0.44374209860935526,0.09001097694840834,0.04171240395170143,0.7142857142857143,0.0,0.1471861471861472,0.22077922077922077,0.2857142857142857,0.09768804949527841,0.5890336285340483,0.6088416453785639
random_cf_1,random_cf,0.10978777645362256,21,13,0.24,0.58,21,0.2,0.18,0.24,0.7719714964370546,0.435656836461126,0.10428100987925357,0.07683863885839737,0.7241379310344828,0.0,0.3399014778325123,0.22660098522167488,0.27586206896551724,0.090524259198958,0.5904052013096079,0.5490878078656899
random_cf_1,random_cf,0.10978777645362256,21,13,0.24,0.68,13,0.14,0.46,0.24,0.7893518518518519,0.4411384217335058,0.10537870472008781,0.04610318331503842,0.6158940397350994,0.0,0.271523178807947,0.1986754966887417,0.3841059602649007,0.09703679583197655,0.5897312389816898,0.5849533526444256
random_cf_1,random_cf,0.10978777645362256,21,13,0.24,0.68,13,0.14,0.46,0.36,0.7780269058295964,0.43757881462799497,0.09549945115257959,0.03402854006586169,0.6294117647058823,0.0,0.16470588235294117,0.2,0.37058823529411766,0.09540866167372192,0.588987500661134,0.6185108787395763
random_cf_1,random_cf,0.10978777645362256,21,13,0.24,0.68,21,0.08,0.46,0.36,0.8031674208144797,0.4454203262233375,0.09879253567508232,0.026344676180021953,0.601593625498008,0.0,0.08764940239043825,0.19123505976095617,0.398406374501992,0.09899055682188213,0.5858798723467677,0.6502709947295587
random_cf_1,random_cf,0.10978777645362256,21,13,0.24,0.68,21,0.2,0.46,0.36,0.7777777777777778,0.4375,0.0867178924259056,0.052689352360043906,0.6,0.0,0.1956521739130435,0.20434782608695654,0.4,0.09215239335721263,0.5888928524156503,0.6068044571116009
random_cf_1,random_cf,0.10978777645362256,21,13,0.24,0.78,13,0.14,0.32,0.24,0.7876712328767124,0.44061302681992337,0.10537870472008781,0.03512623490669594,0.45751633986928103,0.0,0.19607843137254902,0.12418300653594772,0.5424836601307189,0.0963855421686747,0.5873453476658479,0.6247050348112834
random_cf_1,random_cf,0.10978777645362256,21,13,0.24,0.78,21,0.14,0.32,0.36,0.78,0.43820224719101125,0.09330406147091108,0.027442371020856202,0.4267241379310345,0.0,0.08620689655172414,0.10775862068965517,0.5732758620689655,0.09605991533702377,0.5870705324327423,0.6633996968190196
random_cf_1,random_cf,0.10978777645362256,21,13,0.24,0.78,21,0.2,0.18,0.24,0.7762237762237763,0.43700787401574803,0.10428100987925357,0.059275521405049394,0.45217391304347826,0.0,0.23043478260869565,0.12173913043478261,0.5478260869565217,0.09182676652556171,0.5892393120266679,0.6113054473312588
fib_13_21,rational,0.6550476190476191,21,13,0.08,0.58,13,0.14,0.18,0.24,0.75,0.42857142857142855,0.051118210862619806,0.13631522896698617,0.7034883720930233,0.0,0.5116279069767442,0.0,0.29651162790697677,0.10289807880169326,0.598251394563154,0.5939957395273758
fib_13_21,rational,0.6550476190476191,21,13,0.08,0.58,13,0.14,0.46,0.24,0.7437070938215103,0.42650918635170604,0.04898828541001065,0.1395101171458999,0.6802325581395349,0.0,0.5116279069767442,0.0,0.31976744186046513,0.10159557147508955,0.5995011931118777,0.598258771945625
fib_13_21,rational,0.6550476190476191,21,13,0.08,0.58,21,0.08,0.18,0.36,0.7613636363636364,0.432258064516129,0.04153354632587859,0.13312034078807242,0.7610921501706485,0.0,0.32764505119453924,0.0,0.23890784982935154,0.10322370563334418,0.36736811042235884,0.5507016551502306
fib_13_21,rational,0.6550476190476191,21,13,0.08,0.58,21,0.08,0.46,0.24,0.7590361445783133,0.4315068493150685,0.05218317358892439,0.1703940362087327,0.7634408602150538,0.0,0.48028673835125446,0.0,0.23655913978494625,0.09899055682188213,0.596511014403271,0.5808218398592175
fib_13_21,rational,0.6550476190476191,21,13,0.08,0.58,21,0.14,0.32,0.24,0.7512437810945274,0.4289772727272727,0.058572949946751864,0.19169329073482427,0.7872340425531915,0.0,0.5602836879432624,0.0,0.2127659574468085,0.09540866167372192,0.3740601502650972,0.542261648474021
fib_13_21,rational,0.6550476190476191,21,13,0.08,0.58,21,0.14,0.32,0.36,0.7676056338028169,0.4342629482071713,0.04579339723109691,0.15228966986155484,0.7800687285223368,0.0,0.37800687285223367,0.0,0.21993127147766323,0.10094431781178768,0.3700124625940191,0.5473844994153539
fib_13_21,rational,0.6550476190476191,21,13,0.08,0.68,13,0.08,0.18,0.36,0.7662337662337663,0.4338235294117647,0.03727369542066028,0.09371671991480299,0.515625,0.0,0.234375,0.0,0.484375,0.10973624226636275,0.3653491895706128,0.5995759508448099
fib_13_21,rational,0.6550476190476191,21,13,0.08,0.68,21,0.2,0.46,0.36,0.7435897435897436,0.4264705882352941,0.039403620873269436,0.16400425985090522,0.6532846715328468,0.0,0.3978102189781022,0.0,0.3467153284671533,0.09833930315858026,0.6001965534955644,0.6038566547787877
fib_13_21,rational,0.6550476190476191,21,13,0.08,0.78,13,0.14,0.32,0.36,0.7370689655172413,0.42431761786600497,0.03727369542066028,0.10436634717784878,0.3815028901734104,0.0,0.24277456647398843,0.0,0.6184971098265896,0.10582872028655162,0.36882152632388043,0.5847031727779574
fib_13_21,rational,0.6550476190476191,21,13,0.08,0.78,13,0.2,0.18,0.36,0.7386609071274298,0.4248447204968944,0.0362087326943557,0.10649627263045794,0.38011695906432746,0.0,0.2573099415204678,0.0,0.6198830409356725,0.10713122761315533,0.3694148870199453,0.579615193641557
fib_13_21,rational,0.6550476190476191,21,13,0.08,0.78,21,0.08,0.18,0.36,0.7488888888888889,0.42820838627700125,0.04046858359957402,0.12140575079872204,0.494949494949495,0.0,0.25252525252525254,0.0,0.5050505050505051,0.1045262129599479,0.5967834445742883,0.6220328949763596
fib_13_21,rational,0.6550476190476191,21,13,0.08,0.78,21,0.08,0.32,0.24,0.7430555555555556,0.4262948207171315,0.051118210862619806,0.14696485623003194,0.4946236559139785,0.0,0.3548387096774194,0.0,0.5053763440860215,0.10094431781178768,0.3772669161857217,0.5737308566569643
fib_13_21,rational,0.6550476190476191,21,13,0.08,0.78,21,0.14,0.18,0.36,0.755656108597285,0.43041237113402064,0.042598509052183174,0.13099041533546327,0.5052631578947369,0.0,0.28771929824561404,0.0,0.49473684210526314,0.10420058612829697,0.3726718164874786,0.5799056686301313
fib_13_21,rational,0.6550476190476191,21,13,0.08,0.78,21,0.2,0.18,0.36,0.7425968109339408,0.4261437908496732,0.04153354632587859,0.14376996805111822,0.4965753424657534,0.0,0.3150684931506849,0.0,0.5034246575342466,0.10094431781178768,0.601834747343295,0.6051807746857294
fib_13_21,rational,0.6550476190476191,21,13,0.08,0.78,21,0.2,0.46,0.36,0.7299771167048055,0.421957671957672,0.038338658146964855,0.15654952076677317,0.519298245614035,0.0,0.3368421052631579,0.0,0.4807017543859649,0.09736242266362748,0.3752896650396931,0.5708351062237098
fib_13_21,rational,0.6550476190476191,21,13,0.16,0.58,21,0.08,0.32,0.24,0.7272727272727273,0.42105263157894735,0.05324813631522897,0.17784877529286475,0.7757352941176471,0.0,0.5183823529411765,0.09191176470588236,0.22426470588235295,0.095083034842071,0.3738449923567777,0.5224351944509983
fib_13_21,rational,0.6550476190476191,21,13,0.16,0.58,21,0.08,0.46,0.36,0.7579908675799086,0.43116883116883115,0.04046858359957402,0.1395101171458999,0.7785467128027682,0.0,0.3494809688581315,0.08996539792387544,0.22145328719723184,0.10387495929664604,0.3704588003565932,0.5283146959539395
fib_13_21,rational,0.6550476190476191,21,13,0.16,0.58,21,0.14,0.18,0.24,0.7586206896551724,0.43137254901960786,0.06070287539936102,0.17891373801916932,0.7644927536231884,0.0,0.532608695652174,0.07971014492753623,0.23550724637681159,0.09703679583197655,0.5968258721313542,0.5644093886810518
fib_13_21,rational,0.6550476190476191,21,13,0.16,0.58,21,0.2,0.18,0.24,0.745679012345679,0.42715700141442714,0.054313099041533544,0.19275825346112885,0.7611940298507462,0.0,0.5746268656716418,0.09701492537313433,0.23880597014925373,0.09540866167372192,0.37635634606468826,0.5280652396762237
fib_13_21,rational,0.6550476190476191,21,13,0.16,0.68,13,0.08,0.18,0.36,0.7662337662337663,0.4338235294117647,0.03727369542066028,0.09371671991480299,0.515625,0.0,0.234375,0.046875,0.484375,0.10973624226636275,0.3653491895706128,0.5902009508448098
fib_13_21,rational,0.6550476190476191,21,13,0.16,0.68,13,0.2,0.32,0.36,0.7549668874172185,0.43018867924528303,0.038338658146964855,0.11501597444089456,0.5240641711229946,0.0,0.32085561497326204,0.058823529411764705,0.47593582887700536,0.10387495929664604,0.36893354908106724,0.5638850508064343
fib_13_21,rational,0.6550476190476191,21,13,0.16,0.68,21,0.08,0.18,0.36,0.7533632286995515,0.4296675191815857,0.043663471778487756,0.1235356762513312,0.6210526315789474,0.0,0.28421052631578947,0.08421052631578947,0.37894736842105264,0.1045262129599479,0.37075087845315513,0.5637522303535895
fib_13_21,rational,0.6550476190476191,21,13,0.16,0.68,21,0.08,0.32,0.24,0.7488151658767772,0.4281842818428184,0.055378061767838126,0.15867944621938232,0.6094890510948905,0.0,0.40875912408759124,0.08029197080291971,0.3905109489051095,0.09931618365353305,0.6006802636839133,0.589719519743203
fib_13_21,rational,0.6550476190476191,21,13,0.16,0.68,21,0.14,0.18,0.36,0.7471526195899773,0.4276401564537158,0.039403620873269436,0.14376996805111822,0.6335616438356164,0.0,0.3321917808219178,0.08561643835616438,0.3664383561643836,0.10192119830674047,0.372145679173178,0.5567196825706816
fib_13_21,rational,0.6550476190476191,21,13,0.16,0.68,21,0.2,0.18,0.24,0.7372262773722628,0.42436974789915966,0.058572949946751864,0.1810436634717785,0.625,0.0,0.4785714285714286,0.09642857142857143,0.375,0.09573428850537284,0.6007944146091015,0.5837867790749923
fib_13_21,rational,0.6550476190476191,21,13,0.16,0.68,21,0.2,0.18,0.36,0.7575757575757576,0.43103448275862066,0.04472843450479233,0.15228966986155484,0.6319444444444444,0.0,0.3645833333333333,0.09375,0.3680555555555556,0.10192119830674047,0.5971794947531921,0.5882789599602098
fib_13_21,rational,0.6550476190476191,21,13,0.16,0.68,21,0.2,0.46,0.24,0.7390243902439024,0.42496493688639553,0.04898828541001065,0.19169329073482427,0.6327272727272727,0.0,0.509090909090909,0.08,0.36727272727272725,0.09443178117876913,0.6025928376281278,0.587379046704619
fib_13_21,rational,0.6550476190476191,21,13,0.16,0.78,13,0.08,0.32,0.24,0.7390350877192983,0.424968474148802,0.043663471778487756,0.11182108626198083,0.3728813559322034,0.0,0.2994350282485876,0.02824858757062147,0.6271186440677966,0.10354933246499512,0.5974054240097477,0.5891465569914079
fib_13_21,rational,0.6550476190476191,21,13,0.16,0.78,13,0.08,0.46,0.36,0.7397849462365591,0.4252163164400494,0.038338658146964855,0.10010649627263046,0.37142857142857144,0.0,0.22285714285714286,0.03428571428571429,0.6285714285714286,0.10680560078150439,0.368094557007847,0.581210268956221
fib_13_21,rational,0.6550476190476191,21,13,0.16,0.78,13,0.14,0.32,0.24,0.7352297592997812,0.42370744010088274,0.04153354632587859,0.11395101171458999,0.3728813559322034,0.0,0.3050847457627119,0.03389830508474576,0.6271186440677966,0.10289807880169326,0.5976432072818627,0.5871077060676637
fib_13_21,rational,0.6550476190476191,21,13,0.16,0.78,21,0.08,0.18,0.36,0.7488888888888889,0.42820838627700125,0.04046858359957402,0.12140575079872204,0.494949494949495,0.0,0.25252525252525254,0.06734006734006734,0.5050505050505051,0.1045262129599479,0.5967834445742883,0.6085648815083461
fib_13_21,rational,0.6550476190476191,21,13,0.16,0.78,21,0.14,0.18,0.24,0.752913752913753,0.4295212765957447,0.05005324813631523,0.14909478168264112,0.4782608695652174,0.0,0.36594202898550726,0.07971014492753623,0.5217391304347826,0.10159557147508955,0.37430458703697944,0.5591243059675327
fib_13_21,rational,0.6550476190476191,21,13,0.16,0.78,21,0.14,0.18,0.36,0.755656108597285,0.43041237113402064,0.042598509052183174,0.13099041533546327,0.5052631578947369,0.0,0.28771929824561404,0.08070175438596491,0.49473684210526314,0.10420058612829697,0.3726718164874786,0.5637653177529383
fib_13_21,rational,0.6550476190476191,21,13,0.16,0.78,21,0.14,0.46,0.24,0.7302325581395349,0.4220430107526882,0.046858359957401494,0.16080937167199147,0.4945054945054945,0.0,0.38461538461538464,0.08424908424908426,0.5054945054945055,0.09703679583197655,0.3768712926037461,0.5541363939933145
fib_13_21,rational,0.6550476190476191,21,13,0.16,0.78,21,0.2,0.32,0.24,0.7283372365339579,0.42140921409214094,0.04579339723109691,0.16826411075612355,0.5,0.0,0.41544117647058826,0.08455882352941177,0.5,0.09703679583197655,0.37801776267929277,0.5536572939018047
fib_13_21,rational,0.6550476190476191,21,13,0.16,0.78,21,0.2,0.46,0.36,0.7299771167048055,0.421957671957672,0.038338658146964855,0.15654952076677317,0.519298245614035,0.0,0.3368421052631579,0.08421052631578947,0.4807017543859649,0.09736242266362748,0.3752896650396931,0.5539930009605518
fib_13_21,rational,0.6550476190476191,21,13,0.24,0.58,13,0.08,0.18,0.24,0.7609195402298851,0.4321148825065274,0.051118210862619806,0.13312034078807242,0.7159090909090909,0.0,0.5,0.23295454545454544,0.2840909090909091,0.10420058612829697,0.5957560724671691,0.5463009462922693
fib_13_21,rational,0.6550476190476191,21,13,0.24,0.58,13,0.08,0.32,0.36,0.7604395604395604,0.43196004993757803,0.0362087326943557,0.11075612353567625,0.7043010752688172,0.0,0.34946236559139787,0.22580645161290322,0.2956989247311828,0.10517746662324975,0.3670197232363054,0.5189133284376437
fib_13_21,rational,0.6550476190476191,21,13,0.24,0.58,13,0.14,0.32,0.24,0.7540229885057471,0.42988204456094364,0.05005324813631523,0.13738019169329074,0.6976744186046512,0.0,0.5174418604651163,0.21511627906976744,0.3023255813953488,0.10322370563334418,0.6004698316295287,0.5533178669051699
fib_13_21,rational,0.6550476190476191,21,13,0.24,0.58,13,0.14,0.32,0.36,0.7433628318584071,0.4263959390862944,0.042598509052183174,0.1182108626198083,0.6857142857142857,0.0,0.3657142857142857,0.21714285714285714,0.3142857142857143,0.10257245197004233,0.5930774868258977,0.5532234900614897
fib_13_21,rational,0.6550476190476191,21,13,0.24,0.58,13,0.14,0.46,0.24,0.7437070938215103,0.42650918635170604,0.04898828541001065,0.1395101171458999,0.6802325581395349,0.0,0.5116279069767442,0.19767441860465115,0.31976744186046513,0.10159557147508955,0.5995011931118777,0.5587238882246949
fib_13_21,rational,0.6550476190476191,21,13,0.24,0.58,13,0.2,0.18,0.36,0.7589285714285714,0.43147208121827413,0.043663471778487756,0.11714589989350373,0.6890243902439024,0.0,0.4024390243902439,0.18902439024390244,0.31097560975609756,0.10517746662324975,0.5948197633605041,0.5611815418473056
fib_13_21,rational,0.6550476190476191,21,13,0.24,0.58,21,0.08,0.46,0.36,0.7579908675799086,0.43116883116883115,0.04046858359957402,0.1395101171458999,0.7785467128027682,0.0,0.3494809688581315,0.2975778546712803,0.22145328719723184,0.10387495929664604,0.3704588003565932,0.4867922046044585
fib_13_21,rational,0.6550476190476191,21,13,0.24,0.58,21,0.14,0.18,0.24,0.7586206896551724,0.43137254901960786,0.06070287539936102,0.17891373801916932,0.7644927536231884,0.0,0.532608695652174,0.26811594202898553,0.23550724637681159,0.09703679583197655,0.5968258721313542,0.526728229260762
fib_13_21,rational,0.6550476190476191,21,13,0.24,0.58,21,0.14,0.46,0.24,0.7632241813602015,0.4328571428571429,0.06283280085197018,0.19169329073482427,0.7806691449814126,0.0,0.5576208178438662,0.26394052044609667,0.21933085501858737,0.09605991533702377,0.37474746503697365,0.49327462461350885
fib_13_21,rational,0.6550476190476191,21,13,0.24,0.58,21,0.14,0.46,0.36,0.7540983606557377,0.42990654205607476,0.042598509052183174,0.1597444089456869,0.7881944444444444,0.0,0.3923611111111111,0.2777777777777778,0.21180555555555555,0.09996743731683491,0.36903650481072914,0.48713537186729816
fib_13_21,rational,0.6550476190476191,21,13,0.24,0.58,21,0.2,0.18,0.24,0.745679012345679,0.42715700141442714,0.054313099041533544,0.19275825346112885,0.7611940298507462,0.0,0.5746268656716418,0.2798507462686567,0.23880597014925373,0.09540866167372192,0.37635634606468826,0.49149807549711916
fib_13_21,rational,0.6550476190476191,21,13,0.24,0.68,13,0.14,0.46,0.24,0.7494305239179955,0.4283854166666667,0.05005324813631523,0.13205537806176784,0.5084745762711864,0.0,0.4293785310734463,0.15254237288135594,0.4915254237288136,0.10289807880169326,0.37426419868747574,0.5443768839551042
fib_13_21,rational,0.6550476190476191,21,13,0.24,0.68,13,0.14,0.46,0.36,0.7527593818984547,0.42947103274559195,0.039403620873269436,0.11501597444089456,0.518324607329843,0.0,0.3193717277486911,0.16230366492146597,0.4816753926701571,0.10420058612829697,0.36923446120318093,0.5428113156538598
fib_13_21,rational,0.6550476190476191,21,13,0.24,0.68,21,0.08,0.46,0.36,0.7488789237668162,0.4282051282051282,0.04046858359957402,0.1288604898828541,0.6382252559726962,0.0,0.2832764505119454,0.2525597269624573,0.36177474402730375,0.10387495929664604,0.5965726580056592,0.5610350824165206
fib_13_21,rational,0.6550476190476191,21,13,0.24,0.68,21,0.2,0.46,0.36,0.7435897435897436,0.4264705882352941,0.039403620873269436,0.16400425985090522,0.6532846715328468,0.0,0.3978102189781022,0.25547445255474455,0.3467153284671533,0.09833930315858026,0.6001965534955644,0.5527617642678387
fib_13_21,rational,0.6550476190476191,21,13,0.24,0.78,13,0.14,0.32,0.24,0.7352297592997812,0.42370744010088274,0.04153354632587859,0.11395101171458999,0.3728813559322034,0.0,0.3050847457627119,0.1016949152542373,0.6271186440677966,0.10289807880169326,0.5976432072818627,0.5735483840337654
fib_13_21,rational,0.6550476190476191,21,13,0.24,0.78,21,0.14,0.32,0.36,0.748868778280543,0.4282018111254851,0.04153354632587859,0.13525026624068157,0.5136054421768708,0.0,0.2891156462585034,0.21768707482993196,0.48639455782312924,0.10387495929664604,0.5989243412681531,0.5661988699251523
fib_13_21,rational,0.6550476190476191,21,13,0.24,0.78,21,0.2,0.18,0.24,0.7370892018779343,0.4243243243243243,0.05005324813631523,0.16187433439829607,0.48398576512455516,0.0,0.398576512455516,0.2099644128113879,0.5160142348754448,0.09801367632692934,0.37899227930885393,0.5305084521765709
pi_mod1,constant,0.15359265358979313,21,13,0.08,0.58,13,0.14,0.18,0.24,0.775,0.43661971830985913,0.09421841541755889,0.069593147751606,0.7853107344632768,0.0,0.3672316384180791,0.0,0.21468926553672316,0.10973624226636275,0.5278950285516226,0.5718754234334522
pi_mod1,constant,0.15359265358979313,21,13,0.08,0.58,13,0.14,0.46,0.24,0.7862068965517242,0.44015444015444016,0.09421841541755889,0.07387580299785867,0.7865168539325843,0.0,0.38202247191011235,0.0,0.21348314606741572,0.10941061543471182,0.527625771961606,0.573513186093947
pi_mod1,constant,0.15359265358979313,21,13,0.08,0.58,21,0.08,0.18,0.36,0.8075221238938053,0.4467564259485924,0.09421841541755889,0.031049250535331904,0.7757847533632287,0.0,0.11210762331838565,0.0,0.2242152466367713,0.11755128622598503,0.521337736607947,0.642680783919156
pi_mod1,constant,0.15359265358979313,21,13,0.08,0.58,21,0.08,0.46,0.24,0.7606263982102909,0.4320203303684879,0.08886509635974305,0.06852248394004283,0.8106796116504854,0.0,0.3058252427184466,0.0,0.18932038834951456,0.10843373493975904,0.5257793363420771,0.5631898482163202
pi_mod1,constant,0.15359265358979313,21,13,0.08,0.58,21,0.14,0.32,0.24,0.7754629629629629,0.4367666232073012,0.09100642398286937,0.08779443254817987,0.8287037037037037,0.0,0.37962962962962965,0.0,0.1712962962962963,0.10745685444480625,0.5298424689263923,0.5618376191905922
pi_mod1,constant,0.15359265358979313,21,13,0.08,0.58,21,0.14,0.32,0.36,0.8093126385809313,0.44730392156862747,0.08244111349036402,0.043897216274089934,0.7972350230414746,0.0,0.16589861751152074,0.0,0.20276497695852536,0.11690003256268316,0.5222675136985315,0.619940602889536
pi_mod1,constant,0.15359265358979313,21,13,0.08,0.68,13,0.08,0.18,0.36,0.8140043763676149,0.4487334137515078,0.09314775160599571,0.019271948608137045,0.5977653631284916,0.0,0.0782122905027933,0.0,0.4022346368715084,0.11983067404754151,0.5209082271279886,0.684144641585125
pi_mod1,constant,0.15359265358979313,21,13,0.08,0.68,21,0.2,0.46,0.36,0.7951002227171492,0.44292803970223327,0.07922912205567452,0.057815845824411134,0.6157205240174672,0.0,0.2096069868995633,0.0,0.38427947598253276,0.11429501790947574,0.5265562550316887,0.6366726719340501
pi_mod1,constant,0.15359265358979313,21,13,0.08,0.78,13,0.14,0.32,0.36,0.8122270742358079,0.44819277108433736,0.09207708779443255,0.019271948608137045,0.40437158469945356,0.0,0.06557377049180328,0.0,0.5956284153005464,0.11950504721589059,0.5214444205802731,0.6881162514638979
pi_mod1,constant,0.15359265358979313,21,13,0.08,0.78,13,0.2,0.18,0.36,0.8112798264642083,0.4479041916167665,0.08565310492505353,0.020342612419700215,0.3736842105263158,0.0,0.07894736842105263,0.0,0.6263157894736842,0.11917942038423966,0.52252861881254,0.6737455701707971
pi_mod1,constant,0.15359265358979313,21,13,0.08,0.78,21,0.08,0.18,0.36,0.7918454935622318,0.4419161676646707,0.08993576017130621,0.016059957173447537,0.38073394495412843,0.0,0.05045871559633028,0.0,0.6192660550458715,0.11917942038423966,0.5178519344420467,0.6817853494649592
pi_mod1,constant,0.15359265358979313,21,13,0.08,0.78,21,0.08,0.32,0.24,0.7833698030634574,0.4392638036809816,0.09421841541755889,0.033190578158458245,0.3737864077669903,0.0,0.13592233009708737,0.0,0.6262135922330098,0.11527189840442853,0.5223190379840423,0.6493577394322314
pi_mod1,constant,0.15359265358979313,21,13,0.08,0.78,21,0.14,0.18,0.36,0.8144104803493449,0.44885679903730447,0.09207708779443255,0.018201284796573874,0.3581395348837209,0.0,0.06046511627906977,0.0,0.641860465116279,0.12015630087919245,0.5200498693877604,0.6743393609122241
pi_mod1,constant,0.15359265358979313,21,13,0.08,0.78,21,0.2,0.18,0.36,0.8193832599118943,0.45036319612590797,0.08886509635974305,0.02676659528907923,0.4,0.0,0.09333333333333334,0.0,0.6,0.11950504721589059,0.5218321608696501,0.6800046826961247
pi_mod1,constant,0.15359265358979313,21,13,0.08,0.78,21,0.2,0.46,0.36,0.8209606986899564,0.45083932853717024,0.08137044967880086,0.02569593147751606,0.40271493212669685,0.0,0.08144796380090498,0.0,0.5972850678733032,0.11983067404754151,0.5225417796525493,0.684377160661219
pi_mod1,constant,0.15359265358979313,21,13,0.16,0.58,21,0.08,0.32,0.24,0.7566964285714286,0.4307496823379924,0.09314775160599571,0.06423982869379015,0.815,0.0,0.295,0.12,0.185,0.10843373493975904,0.5260083488486169,0.5393002722250743
pi_mod1,constant,0.15359265358979313,21,13,0.16,0.58,21,0.08,0.46,0.36,0.8129175946547884,0.4484029484029484,0.09421841541755889,0.034261241970021415,0.7945205479452054,0.0,0.1232876712328767,0.1095890410958904,0.2054794520547945,0.11722565939433409,0.5222418061856062,0.6137842426156986
pi_mod1,constant,0.15359265358979313,21,13,0.16,0.58,21,0.14,0.18,0.24,0.7602739726027398,0.43190661478599224,0.09100642398286937,0.0835117773019272,0.8277511961722488,0.0,0.37320574162679426,0.1291866028708134,0.1722488038277512,0.10647997394985347,0.5293960857086648,0.5335003575649959
pi_mod1,constant,0.15359265358979313,21,13,0.16,0.58,21,0.2,0.18,0.24,0.7605633802816901,0.432,0.09314775160599571,0.10385438972162742,0.8394495412844036,0.0,0.44495412844036697,0.14220183486238533,0.16055045871559634,0.10420058612829697,0.5315679535932336,0.5280392520037536
pi_mod1,constant,0.15359265358979313,21,13,0.16,0.68,13,0.08,0.18,0.36,0.8140043763676149,0.4487334137515078,0.09314775160599571,0.019271948608137045,0.5977653631284916,0.0,0.0782122905027933,0.07262569832402235,0.4022346368715084,0.11983067404754151,0.5209082271279886,0.6696195019203206
pi_mod1,constant,0.15359265358979313,21,13,0.16,0.68,13,0.2,0.32,0.36,0.8177777777777778,0.44987775061124696,0.08458244111349036,0.03961456102783726,0.6043956043956044,0.0,0.1813186813186813,0.09340659340659341,0.3956043956043956,0.11820253988928688,0.5242542323426964,0.6316934196134885
pi_mod1,constant,0.15359265358979313,21,13,0.16,0.68,21,0.08,0.18,0.36,0.7969432314410481,0.44349939246658565,0.09207708779443255,0.02676659528907923,0.5869565217391305,0.0,0.08695652173913043,0.06956521739130435,0.41304347826086957,0.11722565939433409,0.5206443224963702,0.6639983046718333
pi_mod1,constant,0.15359265358979313,21,13,0.16,0.68,21,0.08,0.32,0.24,0.7857142857142857,0.44,0.09635974304068523,0.047109207708779445,0.6150234741784038,0.0,0.19718309859154928,0.0892018779342723,0.38497652582159625,0.11299251058287203,0.5237826858791876,0.6212155922141087
pi_mod1,constant,0.15359265358979313,21,13,0.16,0.68,21,0.14,0.18,0.36,0.8189845474613686,0.45024271844660196,0.09100642398286937,0.02676659528907923,0.6136363636363636,0.0,0.1,0.09090909090909091,0.38636363636363635,0.11917942038423966,0.5219982060292145,0.6595605980070703
pi_mod1,constant,0.15359265358979313,21,13,0.16,0.68,21,0.2,0.18,0.24,0.7821100917431193,0.43886743886743884,0.09314775160599571,0.07494646680942184,0.631578947368421,0.0,0.3253588516746411,0.09090909090909091,0.3684210526315789,0.10973624226636275,0.5315557388618937,0.5862874360234596
pi_mod1,constant,0.15359265358979313,21,13,0.16,0.68,21,0.2,0.18,0.36,0.8295964125560538,0.4534313725490196,0.08779443254817987,0.03854389721627409,0.6266666666666667,0.0,0.14666666666666667,0.10666666666666667,0.37333333333333335,0.1185281667209378,0.5238461277709938,0.6427209866114008
pi_mod1,constant,0.15359265358979313,21,13,0.16,0.68,21,0.2,0.46,0.24,0.7914691943127962,0.4417989417989418,0.09421841541755889,0.09635974304068523,0.6372093023255814,0.0,0.4,0.09767441860465116,0.3627906976744186,0.10647997394985347,0.534949886863372,0.5865911716750287
pi_mod1,constant,0.15359265358979313,21,13,0.16,0.78,13,0.08,0.32,0.24,0.7835497835497836,0.4393203883495146,0.09207708779443255,0.02569593147751606,0.3651685393258427,0.0,0.10674157303370786,0.056179775280898875,0.6348314606741573,0.11657440573103224,0.5225047028660819,0.6448619813823511
pi_mod1,constant,0.15359265358979313,21,13,0.16,0.78,13,0.08,0.46,0.36,0.8195652173913044,0.45041816009557945,0.09314775160599571,0.010706638115631691,0.3815028901734104,0.0,0.03468208092485549,0.057803468208092484,0.6184971098265896,0.12145880820579616,0.5202252601261985,0.6812895497790261
pi_mod1,constant,0.15359265358979313,21,13,0.16,0.78,13,0.14,0.32,0.24,0.7882096069868996,0.44078144078144077,0.09100642398286937,0.032119914346895075,0.3621621621621622,0.0,0.12432432432432433,0.07027027027027027,0.6378378378378379,0.11592315206773038,0.5259730118059389,0.6362276445097015
pi_mod1,constant,0.15359265358979313,21,13,0.16,0.78,21,0.08,0.18,0.36,0.7918454935622318,0.4419161676646707,0.08993576017130621,0.016059957173447537,0.38073394495412843,0.0,0.05045871559633028,0.05963302752293578,0.6192660550458715,0.11917942038423966,0.5178519344420467,0.669858743960372
pi_mod1,constant,0.15359265358979313,21,13,0.16,0.78,21,0.14,0.18,0.24,0.7794759825327511,0.43803680981595094,0.09100642398286937,0.03640256959314775,0.39622641509433965,0.0,0.14150943396226415,0.0660377358490566,0.6037735849056604,0.11462064474112667,0.5238994914865984,0.642128226007574
pi_mod1,constant,0.15359265358979313,21,13,0.16,0.78,21,0.14,0.18,0.36,0.8144104803493449,0.44885679903730447,0.09207708779443255,0.018201284796573874,0.3581395348837209,0.0,0.06046511627906977,0.06976744186046512,0.641860465116279,0.12015630087919245,0.5200498693877604,0.6603858725401311
pi_mod1,constant,0.15359265358979313,21,13,0.16,0.78,21,0.14,0.46,0.24,0.777292576419214,0.43734643734643736,0.08779443254817987,0.04068522483940043,0.3737864077669903,0.0,0.1650485436893204,0.06796116504854369,0.6262135922330098,0.11364376424617388,0.5221691559980732,0.6247372954112924
pi_mod1,constant,0.15359265358979313,21,13,0.16,0.78,21,0.2,0.32,0.24,0.7817371937639198,0.43875,0.09207708779443255,0.05139186295503212,0.38967136150234744,0.0,0.20657276995305165,0.07511737089201878,0.6103286384976526,0.11201563008791925,0.5266962375915702,0.6166040239367452
pi_mod1,constant,0.15359265358979313,21,13,0.16,0.78,21,0.2,0.46,0.36,0.8209606986899564,0.45083932853717024,0.08137044967880086,0.02569593147751606,0.40271493212669685,0.0,0.08144796380090498,0.07692307692307693,0.5972850678733032,0.11983067404754151,0.5225417796525493,0.6689925452766036
pi_mod1,constant,0.15359265358979313,21,13,0.24,0.58,13,0.08,0.18,0.24,0.7831858407079646,0.4392059553349876,0.09100642398286937,0.046038543897216275,0.7764705882352941,0.0,0.2529411764705882,0.24705882352941178,0.2235294117647059,0.11364376424617388,0.5210824697100631,0.541318554486862
pi_mod1,constant,0.15359265358979313,21,13,0.24,0.58,13,0.08,0.32,0.36,0.7982646420824295,0.4439083232810615,0.08565310492505353,0.02676659528907923,0.7731958762886598,0.0,0.10824742268041238,0.23195876288659795,0.2268041237113402,0.11787691305763595,0.5203914734133674,0.5964518286592195
pi_mod1,constant,0.15359265358979313,21,13,0.24,0.58,13,0.14,0.32,0.24,0.7831050228310502,0.43918053777208704,0.09528907922912205,0.06852248394004283,0.7861271676300579,0.0,0.3699421965317919,0.24855491329479767,0.2138728323699422,0.11006186909801367,0.5282978887143166,0.5235540225769055
pi_mod1,constant,0.15359265358979313,21,13,0.24,0.58,13,0.14,0.32,0.36,0.8244444444444444,0.4518879415347138,0.0867237687366167,0.034261241970021415,0.7900552486187845,0.0,0.16022099447513813,0.22099447513812154,0.20994475138121546,0.11917942038423966,0.5214752010325949,0.5821591270676948
pi_mod1,constant,0.15359265358979313,21,13,0.24,0.58,13,0.14,0.46,0.24,0.7862068965517242,0.44015444015444016,0.09421841541755889,0.07387580299785867,0.7865168539325843,0.0,0.38202247191011235,0.23595505617977527,0.21348314606741572,0.10941061543471182,0.527625771961606,0.5263221748579918
pi_mod1,constant,0.15359265358979313,21,13,0.24,0.58,13,0.2,0.18,0.36,0.8253968253968254,0.45217391304347826,0.09314775160599571,0.044967880085653104,0.7921348314606742,0.0,0.21348314606741572,0.25280898876404495,0.20786516853932585,0.11657440573103224,0.5254962205874747,0.5580610486333792
pi_mod1,constant,0.15359265358979313,21,13,0.24,0.58,21,0.08,0.46,0.36,0.8129175946547884,0.4484029484029484,0.09421841541755889,0.034261241970021415,0.7945205479452054,0.0,0.1232876712328767,0.2100456621004566,0.2054794520547945,0.11722565939433409,0.5222418061856062,0.5936929184147853
pi_mod1,constant,0.15359265358979313,21,13,0.24,0.58,21,0.14,0.18,0.24,0.7602739726027398,0.43190661478599224,0.09100642398286937,0.0835117773019272,0.8277511961722488,0.0,0.37320574162679426,0.24880382775119617,0.1722488038277512,0.10647997394985347,0.5293960857086648,0.5095769125889194
pi_mod1,constant,0.15359265358979313,21,13,0.24,0.58,21,0.14,0.46,0.24,0.7724137931034483,0.4357976653696498,0.08565310492505353,0.08886509635974305,0.8215962441314554,0.0,0.38967136150234744,0.24413145539906103,0.1784037558685446,0.10745685444480625,0.530904248366008,0.5141884586648529
pi_mod1,constant,0.15359265358979313,21,13,0.24,0.58,21,0.14,0.46,0.36,0.8224719101123595,0.45129469790382243,0.08565310492505353,0.046038543897216275,0.7990654205607477,0.0,0.17757009345794392,0.22429906542056074,0.20093457943925233,0.11755128622598503,0.5223399392600048,0.5731111595140481
pi_mod1,constant,0.15359265358979313,21,13,0.24,0.58,21,0.2,0.18,0.24,0.7605633802816901,0.432,0.09314775160599571,0.10385438972162742,0.8394495412844036,0.0,0.44495412844036697,0.25688073394495414,0.16055045871559634,0.10420058612829697,0.5315679535932336,0.5051034721872397
pi_mod1,constant,0.15359265358979313,21,13,0.24,0.68,13,0.14,0.46,0.24,0.7909090909090909,0.4416243654822335,0.09207708779443255,0.06423982869379015,0.5906735751295337,0.0,0.29533678756476683,0.16062176165803108,0.40932642487046633,0.11136437642461738,0.5288246818176279,0.5754124249537965
pi_mod1,constant,0.15359265358979313,21,13,0.24,0.68,13,0.14,0.46,0.36,0.8223684210526315,0.45126353790613716,0.08565310492505353,0.02462526766595289,0.6032608695652174,0.0,0.10326086956521739,0.13043478260869565,0.3967391304347826,0.12048192771084337,0.5222865914822705,0.6512539128969722
pi_mod1,constant,0.15359265358979313,21,13,0.24,0.68,21,0.08,0.46,0.36,0.8145695364238411,0.4489051094890511,0.09421841541755889,0.02569593147751606,0.5869565217391305,0.0,0.07391304347826087,0.14347826086956522,0.41304347826086957,0.1185281667209378,0.5205810948819916,0.6567862895115636
pi_mod1,constant,0.15359265358979313,21,13,0.24,0.68,21,0.2,0.46,0.36,0.7951002227171492,0.44292803970223327,0.07922912205567452,0.057815845824411134,0.6157205240174672,0.0,0.2096069868995633,0.1703056768558952,0.38427947598253276,0.11429501790947574,0.5265562550316887,0.602611536562871
pi_mod1,constant,0.15359265358979313,21,13,0.24,0.78,13,0.14,0.32,0.24,0.7882096069868996,0.44078144078144077,0.09100642398286937,0.032119914346895075,0.3621621621621622,0.0,0.12432432432432433,0.11891891891891893,0.6378378378378379,0.11592315206773038,0.5259730118059389,0.6264979147799717
pi_mod1,constant,0.15359265358979313,21,13,0.24,0.78,21,0.14,0.32,0.36,0.811816192560175,0.44806763285024154,0.09100642398286937,0.022483940042826552,0.3805309734513274,0.0,0.06637168141592921,0.12831858407079647,0.6194690265486725,0.1185281667209378,0.5210749191157058,0.6546914983956174
pi_mod1,constant,0.15359265358979313,21,13,0.24,0.78,21,0.2,0.18,0.24,0.7780269058295964,0.43757881462799497,0.0974304068522484,0.05353319057815846,0.4028436018957346,0.0,0.22274881516587677,0.13270142180094788,0.5971563981042654,0.11103874959296646,0.5264332720242559,0.6028113159462992
