name,family,alpha,window_type,window_size,phase,balance_score,balance_spread,complexity_ratio,complexity_deviation,periodicity_match,best_period,write_count,witness_count,release_count,pollution,delayed_retention,compression_score,compression_score_cap,composite_score
golden,golden,0.6180339887498948,single,0.2,0.0,0.2727272727272727,2.0,0.20818680368170692,0.5391098800189709,0.0,257,2685.0,1411.0,0.0,0.00037243947858472997,1.0,10.499996866166507,45.010989010989015,4.722610374738869
golden,golden,0.6180339887498948,single,0.2,0.17,0.2727272727272727,2.0,0.20818680368170692,0.5391098800189709,0.0,257,2685.0,1411.0,0.0,0.00037243947858472997,1.0,10.499996866166507,45.010989010989015,4.722610374738869
golden,golden,0.6180339887498948,single,0.34,0.0,0.18181818181818182,2.0,0.23801634913625236,0.6414908323999232,0.0,257,2954.0,1141.0,1.0,0.001015572105619499,1.0,10.901832491154114,45.010989010989015,4.442231858141444
golden,golden,0.6180339887498948,single,0.34,0.17,0.18181818181818182,2.0,0.23801634913625236,0.6414908323999232,0.0,257,2954.0,1141.0,1.0,0.001015572105619499,1.0,10.901832491154114,45.010989010989015,4.442231858141444
golden,golden,0.6180339887498948,single,0.47,0.0,0.18181818181818182,3.0,0.2721072582271615,0.6945211354302263,0.0,257,3486.0,610.0,0.0,0.0037292025243832474,1.0,10.390635940508005,45.010989010989015,4.080809349727924
golden,golden,0.6180339887498948,single,0.47,0.17,0.18181818181818182,3.0,0.2721072582271615,0.6945211354302263,0.0,257,3486.0,610.0,0.0,0.0037292025243832474,1.0,10.390635940508005,45.010989010989015,4.080809349727924
golden,golden,0.6180339887498948,moving,0.2,0.0,0.18181818181818182,3.0,0.2294936218635251,0.60815749906659,0.0,257,2248.0,1847.0,1.0,0.0013345195729537367,1.0,10.46964934325563,45.010989010989015,4.1704453814026134
golden,golden,0.6180339887498948,moving,0.2,0.17,0.18181818181818182,3.0,0.2294936218635251,0.60815749906659,0.0,257,2248.0,1847.0,1.0,0.0013345195729537367,1.0,10.46964934325563,45.010989010989015,4.1704453814026134
golden,golden,0.6180339887498948,moving,0.34,0.0,0.18181818181818182,3.0,0.23801634913625236,0.6414908323999232,0.0,257,3312.0,783.0,1.0,0.0009057971014492754,1.0,9.187497257895695,45.010989010989015,4.123298114319135
golden,golden,0.6180339887498948,moving,0.34,0.17,0.18181818181818182,3.0,0.23801634913625236,0.6414908323999232,0.0,257,3312.0,783.0,1.0,0.0009057971014492754,1.0,9.187497257895695,45.010989010989015,4.123298114319135
golden,golden,0.6180339887498948,moving,0.47,0.0,0.2727272727272727,3.0,0.2721072582271615,0.6945211354302263,0.0,257,2781.0,1314.0,1.0,0.0010787486515641855,1.0,11.199685532118963,45.010989010989015,4.274265230638237
golden,golden,0.6180339887498948,moving,0.47,0.17,0.2727272727272727,3.0,0.2721072582271615,0.6945211354302263,0.0,257,2781.0,1314.0,1.0,0.0010787486515641855,1.0,11.199685532118963,45.010989010989015,4.274265230638237
golden,golden,0.6180339887498948,double,0.2,0.0,0.2727272727272727,2.0,0.1975333945907978,0.48142589733498825,0.0,257,3404.0,543.0,149.0,0.0,0.0,11.381949536923871,45.010989010989015,3.7904638785712264
golden,golden,0.6180339887498948,double,0.2,0.17,0.2727272727272727,2.0,0.1975333945907978,0.48142589733498825,0.0,257,3404.0,543.0,149.0,0.0,0.0,11.381949536923871,45.010989010989015,3.7904638785712264
golden,golden,0.6180339887498948,double,0.34,0.0,0.09090909090909091,3.0,0.2721072582271615,0.6945211354302263,0.0,257,3439.0,657.0,0.0,0.0008723466123873219,1.0,9.306236684250662,45.010989010989015,3.8898020848179033
golden,golden,0.6180339887498948,double,0.34,0.17,0.09090909090909091,3.0,0.2721072582271615,0.6945211354302263,0.0,257,3439.0,657.0,0.0,0.0008723466123873219,1.0,9.306236684250662,45.010989010989015,3.8898020848179033
golden,golden,0.6180339887498948,double,0.47,0.0,0.09090909090909091,3.0,0.2721072582271615,0.6945211354302263,0.0,257,3627.0,450.0,19.0,0.008547008547008548,0.0,13.745134474327628,45.010989010989015,2.9314364681587954
golden,golden,0.6180339887498948,double,0.47,0.17,0.09090909090909091,3.0,0.2721072582271615,0.6945211354302263,0.0,257,3627.0,450.0,19.0,0.008547008547008548,0.0,13.745134474327628,45.010989010989015,2.9314364681587954
silver,silver,0.41421356237309515,single,0.2,0.0,0.2727272727272727,2.0,0.2294936218635251,0.60815749906659,0.0,257,2924.0,1170.0,2.0,0.0010259917920656635,1.0,10.570968530448427,45.010989010989015,4.6536975849023845
silver,silver,0.41421356237309515,single,0.2,0.17,0.2727272727272727,2.0,0.2294936218635251,0.60815749906659,0.0,257,2924.0,1170.0,2.0,0.0010259917920656635,1.0,10.570968530448427,45.010989010989015,4.6536975849023845
silver,silver,0.41421356237309515,single,0.34,0.0,0.18181818181818182,3.0,0.23801634913625236,0.6414908323999232,0.0,257,3377.0,719.0,0.0,0.005034053893988748,1.0,9.35263300455185,45.010989010989015,4.121004251196727
silver,silver,0.41421356237309515,single,0.34,0.17,0.18181818181818182,3.0,0.23801634913625236,0.6414908323999232,0.0,257,3377.0,719.0,0.0,0.005034053893988748,1.0,9.35263300455185,45.010989010989015,4.121004251196727
silver,silver,0.41421356237309515,single,0.47,0.0,0.2727272727272727,2.0,0.2721072582271615,0.6945211354302263,0.0,257,2870.0,1226.0,0.0,0.0010452961672473868,0.0,10.840160291211324,45.010989010989015,3.570304933498213
silver,silver,0.41421356237309515,single,0.47,0.17,0.2727272727272727,2.0,0.2721072582271615,0.6945211354302263,0.0,257,2870.0,1226.0,0.0,0.0010452961672473868,0.0,10.840160291211324,45.010989010989015,3.570304933498213
silver,silver,0.41421356237309515,moving,0.2,0.0,0.2727272727272727,2.0,0.20818680368170692,0.5391098800189709,0.0,257,2789.0,1307.0,0.0,0.0010756543564001434,1.0,10.357580239426465,45.010989010989015,4.720325139227101
silver,silver,0.41421356237309515,moving,0.2,0.17,0.2727272727272727,2.0,0.20818680368170692,0.5391098800189709,0.0,257,2789.0,1307.0,0.0,0.0010756543564001434,1.0,10.357580239426465,45.010989010989015,4.720325139227101
silver,silver,0.41421356237309515,moving,0.34,0.0,0.18181818181818182,2.0,0.23801634913625236,0.6414908323999232,0.0,257,2781.0,1314.0,1.0,0.0010787486515641855,1.0,10.158363078474032,45.010989010989015,4.433909927133355
silver,silver,0.41421356237309515,moving,0.34,0.17,0.18181818181818182,2.0,0.23801634913625236,0.6414908323999232,0.0,257,2781.0,1314.0,1.0,0.0010787486515641855,1.0,10.158363078474032,45.010989010989015,4.433909927133355
silver,silver,0.41421356237309515,moving,0.47,0.0,0.18181818181818182,3.0,0.2721072582271615,0.6945211354302263,0.0,257,3410.0,686.0,0.0,0.01436950146627566,0.0,10.657503469239412,45.010989010989015,3.0731335216252114
silver,silver,0.41421356237309515,moving,0.47,0.17,0.18181818181818182,3.0,0.2721072582271615,0.6945211354302263,0.0,257,3410.0,686.0,0.0,0.01436950146627566,0.0,10.657503469239412,45.010989010989015,3.0731335216252114
silver,silver,0.41421356237309515,double,0.2,0.0,0.09090909090909091,2.0,0.2721072582271615,0.6945211354302263,0.0,257,2808.0,1288.0,0.0,0.0014245014245014246,1.0,11.417421602787456,45.010989010989015,4.212701813256137
silver,silver,0.41421356237309515,double,0.2,0.17,0.09090909090909091,2.0,0.2721072582271615,0.6945211354302263,0.0,257,2808.0,1288.0,0.0,0.0014245014245014246,1.0,11.417421602787456,45.010989010989015,4.212701813256137
silver,silver,0.41421356237309515,double,0.34,0.0,0.18181818181818182,3.0,0.2721072582271615,0.6945211354302263,0.0,257,3972.0,124.0,0.0,0.015357502517623363,0.0,12.553705201734216,45.010989010989015,3.093209284936294
silver,silver,0.41421356237309515,double,0.34,0.17,0.18181818181818182,3.0,0.2721072582271615,0.6945211354302263,0.0,257,3972.0,124.0,0.0,0.015357502517623363,0.0,12.553705201734216,45.010989010989015,3.093209284936294
silver,silver,0.41421356237309515,double,0.47,0.0,0.09090909090909091,4.0,0.2721072582271615,0.6945211354302263,0.0,257,3845.0,125.0,126.0,0.0013003901170351106,0.0,10.01116829380888,45.010989010989015,2.5972047025034164
silver,silver,0.41421356237309515,double,0.47,0.17,0.09090909090909091,4.0,0.2721072582271615,0.6945211354302263,0.0,257,3845.0,125.0,126.0,0.0013003901170351106,0.0,10.01116829380888,45.010989010989015,2.5972047025034164
bronze,bronze,0.30277563773199456,single,0.2,0.0,0.18181818181818182,3.0,0.20499078095443418,0.4932945842036751,0.0,257,2897.0,1198.0,1.0,0.00034518467380048324,0.0,11.261169224876332,45.010989010989015,3.2950901493809273
bronze,bronze,0.30277563773199456,single,0.2,0.17,0.18181818181818182,3.0,0.20499078095443418,0.4932945842036751,0.0,257,2897.0,1198.0,1.0,0.00034518467380048324,0.0,11.261169224876332,45.010989010989015,3.2950901493809273
bronze,bronze,0.30277563773199456,single,0.34,0.0,0.2727272727272727,3.0,0.2721072582271615,0.6945211354302263,0.0,257,3412.0,683.0,1.0,0.0008792497069167644,0.0,12.00145121855036,45.010989010989015,3.2833710622812795
bronze,bronze,0.30277563773199456,single,0.34,0.17,0.2727272727272727,3.0,0.2721072582271615,0.6945211354302263,0.0,257,3412.0,683.0,1.0,0.0008792497069167644,0.0,12.00145121855036,45.010989010989015,3.2833710622812795
bronze,bronze,0.30277563773199456,single,0.47,0.0,0.18181818181818182,3.0,0.2721072582271615,0.6945211354302263,0.0,257,2478.0,1618.0,0.0,0.0012106537530266344,1.0,10.220667884002353,45.010989010989015,4.081439825605969
bronze,bronze,0.30277563773199456,single,0.47,0.17,0.18181818181818182,3.0,0.2721072582271615,0.6945211354302263,0.0,257,2478.0,1618.0,0.0,0.0012106537530266344,1.0,10.220667884002353,45.010989010989015,4.081439825605969
bronze,bronze,0.30277563773199456,moving,0.2,0.0,0.2727272727272727,3.0,0.21244816731807054,0.567248408157499,0.0,257,2268.0,1827.0,1.0,0.0004409171075837742,1.0,10.370253938098141,45.010989010989015,4.392962132831911
bronze,bronze,0.30277563773199456,moving,0.2,0.17,0.2727272727272727,3.0,0.21244816731807054,0.567248408157499,0.0,257,2268.0,1827.0,1.0,0.0004409171075837742,1.0,10.370253938098141,45.010989010989015,4.392962132831911
bronze,bronze,0.30277563773199456,moving,0.34,0.0,0.18181818181818182,3.0,0.2721072582271615,0.6945211354302263,0.0,257,2422.0,1674.0,0.0,0.0012386457473162675,0.0,10.646364491254467,45.010989010989015,3.086140641138528
bronze,bronze,0.30277563773199456,moving,0.34,0.17,0.18181818181818182,3.0,0.2721072582271615,0.6945211354302263,0.0,257,2422.0,1674.0,0.0,0.0012386457473162675,0.0,10.646364491254467,45.010989010989015,3.086140641138528
bronze,bronze,0.30277563773199456,moving,0.47,0.0,0.18181818181818182,4.0,0.2721072582271615,0.6945211354302263,0.0,257,2939.0,1157.0,0.0,0.0010207553589656345,1.0,11.617667418156417,45.010989010989015,3.797148151442415
bronze,bronze,0.30277563773199456,moving,0.47,0.17,0.18181818181818182,4.0,0.2721072582271615,0.6945211354302263,0.0,257,2939.0,1157.0,0.0,0.0010207553589656345,1.0,11.617667418156417,45.010989010989015,3.797148151442415
bronze,bronze,0.30277563773199456,double,0.2,0.0,0.2727272727272727,2.0,0.20818680368170692,0.5391098800189709,0.005555555555555556,180,3889.0,207.0,0.0,0.024427873489328875,0.0,12.897633945842323,45.010989010989015,3.7196332931621323
bronze,bronze,0.30277563773199456,double,0.2,0.17,0.2727272727272727,2.0,0.20818680368170692,0.5391098800189709,0.005555555555555556,180,3889.0,207.0,0.0,0.024427873489328875,0.0,12.897633945842323,45.010989010989015,3.7196332931621323
bronze,bronze,0.30277563773199456,double,0.34,0.0,0.18181818181818182,3.0,0.23801634913625236,0.6414908323999232,0.005555555555555556,180,3005.0,869.0,222.0,0.0009983361064891847,0.6706948640483383,10.222314476800333,45.010989010989015,3.7998400457844568
bronze,bronze,0.30277563773199456,double,0.34,0.17,0.18181818181818182,3.0,0.23801634913625236,0.6414908323999232,0.005555555555555556,180,3005.0,869.0,222.0,0.0009983361064891847,0.6706948640483383,10.222314476800333,45.010989010989015,3.7998400457844568
bronze,bronze,0.30277563773199456,double,0.47,0.0,0.18181818181818182,4.0,0.2721072582271615,0.6945211354302263,0.0,257,3146.0,836.0,114.0,0.0009535918626827717,0.7733598409542743,10.448963056155593,45.010989010989015,3.5575927221842227
bronze,bronze,0.30277563773199456,double,0.47,0.17,0.18181818181818182,4.0,0.2721072582271615,0.6945211354302263,0.0,257,3146.0,836.0,114.0,0.0009535918626827717,0.7733598409542743,10.448963056155593,45.010989010989015,3.5575927221842227
rational_1_2,rational_approx,0.5,single,0.2,0.0,1.0,1.0,0.0908648212348392,0.6945211354302263,0.5,2,4092.0,4.0,0.0,0.0012218963831867058,0.0,32.25196850393701,45.010989010989015,5.06252468472202
rational_1_2,rational_approx,0.5,single,0.2,0.17,1.0,0.0,0.0454324106174196,0.8472605677151133,1.0,1,4092.0,4.0,0.0,0.0012218963831867058,0.0,45.010989010989015,45.010989010989015,4.8515175359017
rational_1_2,rational_approx,0.5,single,0.34,0.0,1.0,1.0,0.0908648212348392,0.6945211354302263,0.5,2,4092.0,4.0,0.0,0.0012218963831867058,0.0,32.25196850393701,45.010989010989015,5.06252468472202
rational_1_2,rational_approx,0.5,single,0.34,0.17,1.0,0.0,0.0454324106174196,0.8472605677151133,1.0,1,4092.0,4.0,0.0,0.0012218963831867058,0.0,45.010989010989015,45.010989010989015,4.8515175359017
rational_1_2,rational_approx,0.5,single,0.47,0.0,1.0,1.0,0.0908648212348392,0.6945211354302263,0.5,2,4092.0,4.0,0.0,0.0012218963831867058,0.0,32.25196850393701,45.010989010989015,5.06252468472202
rational_1_2,rational_approx,0.5,single,0.47,0.17,1.0,0.0,0.0454324106174196,0.8472605677151133,1.0,1,4092.0,4.0,0.0,0.0012218963831867058,0.0,45.010989010989015,45.010989010989015,4.8515175359017
rational_1_2,rational_approx,0.5,moving,0.2,0.0,0.09090909090909091,3.0,0.2268302695907978,0.5646149305240213,0.0,257,3269.0,541.0,286.0,0.0015295197308045274,0.46741154562383613,11.943392896353716,45.010989010989015,3.515757244175496
rational_1_2,rational_approx,0.5,moving,0.2,0.17,0.09090909090909091,3.0,0.2268302695907978,0.5646149305240213,0.005,200,3274.0,536.0,286.0,0.0015271838729383018,0.462406015037594,11.744336348081154,45.010989010989015,3.503542849997315
rational_1_2,rational_approx,0.5,moving,0.34,0.0,0.09090909090909091,3.0,0.2294936218635251,0.60815749906659,0.0,257,3012.0,798.0,286.0,0.00099601593625498,0.43478260869565216,11.510783275259097,45.010989010989015,3.435313642460278
rational_1_2,rational_approx,0.5,moving,0.34,0.17,0.09090909090909091,3.0,0.2294936218635251,0.60815749906659,0.005,200,3009.0,865.0,222.0,0.0009970089730807576,0.5638506876227898,11.436037929315857,45.010989010989015,3.558550427266504
rational_1_2,rational_approx,0.5,moving,0.47,0.0,0.45454545454545453,2.0,0.2721072582271615,0.6945211354302263,0.0,257,3806.0,290.0,0.0,0.035470310036784025,0.0,14.005810441536028,45.010989010989015,3.934681586448579
rational_1_2,rational_approx,0.5,moving,0.47,0.17,0.45454545454545453,2.0,0.2721072582271615,0.6945211354302263,0.005,200,3806.0,290.0,0.0,0.027588018917498687,0.0,14.05749239888487,45.010989010989015,3.9381379813421247
rational_1_2,rational_approx,0.5,double,0.2,0.0,1.0,0.0,0.0454324106174196,0.8472605677151133,1.0,1,4092.0,4.0,0.0,0.0012218963831867058,0.0,45.010989010989015,45.010989010989015,4.8515175359017
rational_1_2,rational_approx,0.5,double,0.2,0.17,1.0,1.0,0.0908648212348392,0.6945211354302263,0.0,257,4092.0,4.0,0.0,0.0012218963831867058,0.0,45.010989010989015,45.010989010989015,5.704256968186587
rational_1_2,rational_approx,0.5,double,0.34,0.0,1.0,0.0,0.0454324106174196,0.8472605677151133,1.0,1,4092.0,4.0,0.0,0.0012218963831867058,0.0,45.010989010989015,45.010989010989015,4.8515175359017
rational_1_2,rational_approx,0.5,double,0.34,0.17,1.0,1.0,0.0908648212348392,0.6945211354302263,0.0,257,4092.0,4.0,0.0,0.0012218963831867058,0.0,45.010989010989015,45.010989010989015,5.704256968186587
rational_1_2,rational_approx,0.5,double,0.47,0.0,1.0,0.0,0.0454324106174196,0.8472605677151133,1.0,1,4092.0,4.0,0.0,0.0012218963831867058,0.0,45.010989010989015,45.010989010989015,4.8515175359017
rational_1_2,rational_approx,0.5,double,0.47,0.17,1.0,1.0,0.0908648212348392,0.6945211354302263,0.0,257,4092.0,4.0,0.0,0.0012218963831867058,0.0,45.010989010989015,45.010989010989015,5.704256968186587
rational_2_3,rational_approx,0.6666666666666666,single,0.2,0.0,1.0,0.0,0.0454324106174196,0.8472605677151133,1.0,1,4092.0,4.0,0.0,0.0012218963831867058,0.0,45.010989010989015,45.010989010989015,4.8515175359017
rational_2_3,rational_approx,0.6666666666666666,single,0.2,0.17,1.0,0.0,0.0454324106174196,0.8472605677151133,1.0,1,4092.0,4.0,0.0,0.0012218963831867058,0.0,45.010989010989015,45.010989010989015,4.8515175359017
rational_2_3,rational_approx,0.6666666666666666,single,0.34,0.0,1.0,1.0,0.1362972318522588,0.5417817031453395,0.3333333333333333,3,4092.0,4.0,0.0,0.0012218963831867058,0.0,26.425806451612903,45.010989010989015,5.317211454234915
rational_2_3,rational_approx,0.6666666666666666,single,0.34,0.17,1.0,1.0,0.1362972318522588,0.5417817031453395,0.3333333333333333,3,4092.0,4.0,0.0,0.0012218963831867058,0.0,26.425806451612903,45.010989010989015,5.317211454234915
rational_2_3,rational_approx,0.6666666666666666,single,0.47,0.0,1.0,1.0,0.1362972318522588,0.5417817031453395,0.3333333333333333,3,4092.0,4.0,0.0,0.0012218963831867058,0.0,26.425806451612903,45.010989010989015,5.317211454234915
rational_2_3,rational_approx,0.6666666666666666,single,0.47,0.17,1.0,1.0,0.1362972318522588,0.5417817031453395,0.3333333333333333,3,4092.0,4.0,0.0,0.0012218963831867058,0.0,26.425806451612903,45.010989010989015,5.317211454234915
rational_2_3,rational_approx,0.6666666666666666,moving,0.2,0.0,0.2727272727272727,3.0,0.20809790574232226,0.5175481084571995,0.02,50,2781.0,1315.0,0.0,0.0010787486515641855,1.0,10.499996866166507,45.010989010989015,4.423465837127661
rational_2_3,rational_approx,0.6666666666666666,moving,0.2,0.17,0.2727272727272727,3.0,0.20809790574232226,0.5175481084571995,0.02,50,2781.0,1315.0,0.0,0.0010787486515641855,1.0,10.499996866166507,45.010989010989015,4.423465837127661
rational_2_3,rational_approx,0.6666666666666666,moving,0.34,0.0,0.2727272727272727,2.0,0.23675095798097254,0.5231465504192777,0.02,50,2946.0,1150.0,0.0,0.0013577732518669382,1.0,10.938434013808017,45.010989010989015,4.722458705091082
rational_2_3,rational_approx,0.6666666666666666,moving,0.34,0.17,0.2727272727272727,2.0,0.23675095798097254,0.5231465504192777,0.02,50,2946.0,1150.0,0.0,0.0013577732518669382,1.0,10.938434013808017,45.010989010989015,4.722458705091082
rational_2_3,rational_approx,0.6666666666666666,moving,0.47,0.0,0.2727272727272727,2.0,0.2609650897650773,0.37488496352132716,0.02,50,3927.0,169.0,0.0,0.0010185892538833714,0.0,10.583530429286629,45.010989010989015,3.8671170655632565
rational_2_3,rational_approx,0.6666666666666666,moving,0.47,0.17,0.2727272727272727,2.0,0.2609650897650773,0.37488496352132716,0.02,50,3927.0,169.0,0.0,0.0010185892538833714,0.0,10.583530429286629,45.010989010989015,3.8671170655632565
rational_2_3,rational_approx,0.6666666666666666,double,0.2,0.0,1.0,0.0,0.0454324106174196,0.8472605677151133,1.0,1,4092.0,4.0,0.0,0.0012218963831867058,0.0,45.010989010989015,45.010989010989015,4.8515175359017
rational_2_3,rational_approx,0.6666666666666666,double,0.2,0.17,1.0,0.0,0.0454324106174196,0.8472605677151133,1.0,1,4092.0,4.0,0.0,0.0012218963831867058,0.0,45.010989010989015,45.010989010989015,4.8515175359017
rational_2_3,rational_approx,0.6666666666666666,double,0.34,0.0,1.0,1.0,0.1362972318522588,0.5417817031453395,0.3333333333333333,3,4092.0,4.0,0.0,0.0012218963831867058,0.0,26.425806451612903,45.010989010989015,5.317211454234915
rational_2_3,rational_approx,0.6666666666666666,double,0.34,0.17,1.0,1.0,0.1362972318522588,0.5417817031453395,0.3333333333333333,3,4092.0,4.0,0.0,0.0012218963831867058,0.0,26.425806451612903,45.010989010989015,5.317211454234915
rational_2_3,rational_approx,0.6666666666666666,double,0.47,0.0,1.0,1.0,0.1362972318522588,0.5417817031453395,0.3333333333333333,3,4092.0,4.0,0.0,0.0012218963831867058,0.0,26.425806451612903,45.010989010989015,5.317211454234915
rational_2_3,rational_approx,0.6666666666666666,double,0.47,0.17,1.0,1.0,0.1362972318522588,0.5417817031453395,0.3333333333333333,3,4092.0,4.0,0.0,0.0012218963831867058,0.0,26.425806451612903,45.010989010989015,5.317211454234915
rational_3_5,rational_approx,0.6,single,0.2,0.0,1.0,1.0,0.17034387126891623,0.3196361719088992,0.2,5,4092.0,4.0,0.0,0.0012218963831867058,0.0,16.891753837314496,45.010989010989015,5.566782263640973
rational_3_5,rational_approx,0.6,single,0.2,0.17,0.8181818181818182,2.0,0.17882232886739177,0.1717330649148831,0.0,257,4090.0,6.0,0.0,0.0012224938875305623,0.0,16.891753837314496,45.010989010989015,5.251048409494282
rational_3_5,rational_approx,0.6,single,0.34,0.0,1.0,1.0,0.17034387126891623,0.3196361719088992,0.2,5,4092.0,4.0,0.0,0.0012218963831867058,0.0,16.891753837314496,45.010989010989015,5.566782263640973
rational_3_5,rational_approx,0.6,single,0.34,0.17,1.0,1.0,0.17034387126891623,0.3196361719088992,0.2,5,4092.0,4.0,0.0,0.0012218963831867058,0.0,16.891753837314496,45.010989010989015,5.566782263640973
rational_3_5,rational_approx,0.6,single,0.47,0.0,1.0,1.0,0.17034387126891623,0.3196361719088992,0.2,5,4092.0,4.0,0.0,0.0012218963831867058,0.0,16.799994985866412,45.010989010989015,5.565762969758921
rational_3_5,rational_approx,0.6,single,0.47,0.17,1.0,1.0,0.17034387126891623,0.3196361719088992,0.2,5,4092.0,4.0,0.0,0.0012218963831867058,0.0,16.799994985866412,45.010989010989015,5.565762969758921
rational_3_5,rational_approx,0.6,moving,0.2,0.0,0.18181818181818182,3.0,0.22736294004534327,0.5838068497159405,0.0,257,2454.0,1641.0,1.0,0.0008149959250203749,1.0,11.105081431335424,45.010989010989015,4.202374187215558
rational_3_5,rational_approx,0.6,moving,0.2,0.17,0.18181818181818182,3.0,0.22736294004534327,0.5838068497159405,0.0,257,2448.0,1647.0,1.0,0.0008169934640522876,1.0,11.074329279169172,45.010989010989015,4.2020305825174535
rational_3_5,rational_approx,0.6,moving,0.34,0.0,0.18181818181818182,3.0,0.23801634913625236,0.6414908323999232,0.0,257,3117.0,979.0,0.0,0.0012832852101379532,0.0,11.19159756117717,45.010989010989015,3.1451829708880115
rational_3_5,rational_approx,0.6,moving,0.34,0.17,0.18181818181818182,3.0,0.23801634913625236,0.6414908323999232,0.0,257,3117.0,979.0,0.0,0.0012832852101379532,0.0,11.19159756117717,45.010989010989015,3.1451829708880115
rational_3_5,rational_approx,0.6,moving,0.47,0.0,0.36363636363636365,3.0,0.2721072582271615,0.6945211354302263,0.0,257,3364.0,731.0,1.0,0.0008917954815695601,0.0,12.272214164352908,45.010989010989015,3.4681844410088947
rational_3_5,rational_approx,0.6,moving,0.47,0.17,0.36363636363636365,3.0,0.2721072582271615,0.6945211354302263,0.0,257,3364.0,731.0,1.0,0.0008917954815695601,0.0,12.272214164352908,45.010989010989015,3.4681844410088947
rational_3_5,rational_approx,0.6,double,0.2,0.0,1.0,1.0,0.17600355461360853,0.23810886083613356,0.0,257,4091.0,5.0,0.0,0.0012221950623319481,0.0,16.88659289816469,45.010989010989015,5.848251946266206
rational_3_5,rational_approx,0.6,double,0.2,0.17,1.0,1.0,0.17600355461360853,0.23810886083613356,0.0,257,4091.0,5.0,0.0,0.0012221950623319481,0.0,16.88659289816469,45.010989010989015,5.848251946266206
rational_3_5,rational_approx,0.6,double,0.34,0.0,1.0,1.0,0.17034387126891623,0.3196361719088992,0.2,5,4092.0,4.0,0.0,0.0012218963831867058,0.0,16.88659289816469,45.010989010989015,5.566724933872585
rational_3_5,rational_approx,0.6,double,0.34,0.17,1.0,1.0,0.17034387126891623,0.3196361719088992,0.2,5,4092.0,4.0,0.0,0.0012218963831867058,0.0,16.88659289816469,45.010989010989015,5.566724933872585
rational_3_5,rational_approx,0.6,double,0.47,0.0,0.5454545454545454,2.0,0.2044347803598253,0.3726664749392023,0.2,5,4092.0,4.0,0.0,0.0012218963831867058,0.0,12.5336659847313,45.010989010989015,4.256249675227639
rational_3_5,rational_approx,0.6,double,0.47,0.17,0.5454545454545454,2.0,0.2044347803598253,0.3726664749392023,0.2,5,4092.0,4.0,0.0,0.0012218963831867058,0.0,12.5336659847313,45.010989010989015,4.256249675227639
rational_5_8,rational_approx,0.625,single,0.2,0.0,0.8181818181818182,2.0,0.19016383039390228,0.16466462830099193,0.125,8,3069.0,1027.0,0.0,0.0013033561420658195,0.0,10.889889066294982,45.010989010989015,5.066364878609158
rational_5_8,rational_approx,0.625,single,0.2,0.17,1.0,1.0,0.18022064857572048,0.1183442819806456,0.125,8,3579.0,516.0,1.0,0.0008382229673093043,0.0,15.44557860400037,45.010989010989015,5.827393136283007
rational_5_8,rational_approx,0.625,single,0.34,0.0,1.0,1.0,0.18022064857572048,0.1183442819806456,0.125,8,3069.0,1027.0,0.0,0.0013033561420658195,0.0,15.383585658039264,45.010989010989015,5.826239360764199
rational_5_8,rational_approx,0.625,single,0.34,0.17,0.8181818181818182,2.0,0.19016383039390228,0.16466462830099193,0.125,8,3068.0,1028.0,0.0,0.0009778357235984355,0.0,10.89414958627397,45.010989010989015,5.066737726581103
rational_5_8,rational_approx,0.625,single,0.47,0.0,0.5454545454545454,2.0,0.2498229213029932,0.2919373555737192,0.125,8,4092.0,4.0,0.0,0.0012218963831867058,0.0,12.740654769755198,45.010989010989015,4.414278108489261
rational_5_8,rational_approx,0.625,single,0.47,0.17,1.0,1.0,0.18022064857572048,0.1183442819806456,0.125,8,3069.0,1027.0,0.0,0.0009775171065493646,0.0,15.374991476107398,45.010989010989015,5.826469732202573
rational_5_8,rational_approx,0.625,moving,0.2,0.0,0.2727272727272727,2.0,0.2294936218635251,0.60815749906659,0.0,257,2658.0,1438.0,0.0,0.001128668171557562,1.0,10.34807496542271,45.010989010989015,4.651118917993432
rational_5_8,rational_approx,0.625,moving,0.2,0.17,0.2727272727272727,2.0,0.2294936218635251,0.60815749906659,0.00625,160,2658.0,1438.0,0.0,0.001128668171557562,1.0,10.479245722122043,45.010989010989015,4.646326015022196
rational_5_8,rational_approx,0.625,moving,0.34,0.0,0.18181818181818182,3.0,0.23801634913625236,0.6414908323999232,0.0,257,3371.0,725.0,0.0,0.0014832393948383269,0.0,9.071476263987572,45.010989010989015,3.1214318645983
rational_5_8,rational_approx,0.625,moving,0.34,0.17,0.18181818181818182,3.0,0.23801634913625236,0.6414908323999232,0.00625,160,3373.0,723.0,0.0,0.0014823599169878447,0.0,8.57046198973356,45.010989010989015,3.1096172778948614
rational_5_8,rational_approx,0.625,moving,0.47,0.0,0.2727272727272727,2.0,0.2721072582271615,0.6945211354302263,0.0,257,2834.0,1262.0,0.0,0.001058574453069866,0.0,10.9236447448336,45.010989010989015,3.571219033786564
rational_5_8,rational_approx,0.625,moving,0.47,0.17,0.2727272727272727,2.0,0.2721072582271615,0.6945211354302263,0.00625,160,2836.0,1260.0,0.0,0.0010578279266572638,0.0,10.993668108582535,45.010989010989015,3.5657476277374336
rational_5_8,rational_approx,0.625,double,0.2,0.0,1.0,1.0,0.1590023697424057,0.41934530116348295,0.25,4,4092.0,4.0,0.0,0.0012218963831867058,0.0,11.562136535070092,45.010989010989015,5.357869621873665
rational_5_8,rational_approx,0.625,double,0.2,0.17,1.0,0.0,0.0454324106174196,0.8472605677151133,1.0,1,4092.0,4.0,0.0,0.0012218963831867058,0.0,45.010989010989015,45.010989010989015,4.8515175359017
rational_5_8,rational_approx,0.625,double,0.34,0.0,0.7272727272727273,2.0,0.1817296424696784,0.4496483314665133,0.25,4,4092.0,4.0,0.0,0.0012218963831867058,0.0,23.01123595505618,45.010989010989015,4.609293204223844
rational_5_8,rational_approx,0.625,double,0.34,0.17,1.0,1.0,0.1590023697424057,0.41934530116348295,0.25,4,4092.0,4.0,0.0,0.0012218963831867058,0.0,11.567793157641066,45.010989010989015,5.3579324578909935
rational_5_8,rational_approx,0.625,double,0.47,0.0,0.7272727272727273,2.0,0.1817296424696784,0.4496483314665133,0.25,4,4092.0,4.0,0.0,0.0012218963831867058,0.0,23.01123595505618,45.010989010989015,4.609293204223844
rational_5_8,rational_approx,0.625,double,0.47,0.17,1.0,1.0,0.1590023697424057,0.41934530116348295,0.25,4,4092.0,4.0,0.0,0.0012218963831867058,0.0,11.567793157641066,45.010989010989015,5.3579324578909935
rational_8_13,rational_approx,0.6153846153846154,single,0.2,0.0,0.8181818181818182,2.0,0.19280528689009124,0.0927161222615768,0.07692307692307693,13,3148.0,947.0,1.0,0.0012706480304955528,0.0,11.709461061955748,45.010989010989015,5.195527148113083
rational_8_13,rational_approx,0.6153846153846154,single,0.2,0.17,0.8181818181818182,2.0,0.19280528689009124,0.0927161222615768,0.07692307692307693,13,3148.0,947.0,1.0,0.0012706480304955528,0.0,11.709461061955748,45.010989010989015,5.195527148113083
rational_8_13,rational_approx,0.6153846153846154,single,0.34,0.0,1.0,1.0,0.18148603973100033,0.0,0.07692307692307693,13,3148.0,947.0,1.0,0.0012706480304955528,1.0,13.125871276934587,45.010989010989015,6.9676136830299535
rational_8_13,rational_approx,0.6153846153846154,single,0.34,0.17,1.0,1.0,0.18148603973100033,0.0,0.07692307692307693,13,3148.0,947.0,1.0,0.0012706480304955528,1.0,13.125871276934587,45.010989010989015,6.9676136830299535
rational_8_13,rational_approx,0.6153846153846154,single,0.47,0.0,0.45454545454545453,2.0,0.2607207698446367,0.33048996458087365,0.07692307692307693,13,3463.0,633.0,0.0,0.0014438348252959862,0.0,11.205025711526247,45.010989010989015,4.224703922867728
rational_8_13,rational_approx,0.6153846153846154,single,0.47,0.17,0.45454545454545453,2.0,0.2607207698446367,0.33048996458087365,0.07692307692307693,13,3463.0,633.0,0.0,0.0014438348252959862,0.0,11.205025711526247,45.010989010989015,4.224703922867728
rational_8_13,rational_approx,0.6153846153846154,moving,0.2,0.0,0.18181818181818182,3.0,0.2294936218635251,0.60815749906659,0.0,257,2228.0,1868.0,0.0,0.0004488330341113106,1.0,11.105081431335424,45.010989010989015,4.178389700755818
rational_8_13,rational_approx,0.6153846153846154,moving,0.2,0.17,0.18181818181818182,3.0,0.2294936218635251,0.60815749906659,0.0,257,2228.0,1868.0,0.0,0.0004488330341113106,1.0,11.105081431335424,45.010989010989015,4.178389700755818
rational_8_13,rational_approx,0.6153846153846154,moving,0.34,0.0,0.18181818181818182,3.0,0.23801634913625236,0.6414908323999232,0.0,257,3287.0,809.0,0.0,0.001216915120170368,1.0,9.859493141207032,45.010989010989015,4.130451794320596
rational_8_13,rational_approx,0.6153846153846154,moving,0.34,0.17,0.18181818181818182,3.0,0.23801634913625236,0.6414908323999232,0.0,257,3287.0,809.0,0.0,0.001216915120170368,1.0,9.859493141207032,45.010989010989015,4.130451794320596
rational_8_13,rational_approx,0.6153846153846154,moving,0.47,0.0,0.2727272727272727,3.0,0.2721072582271615,0.6945211354302263,0.0,257,2759.0,1337.0,0.0,0.0014498006524102935,1.0,12.038252715952915,45.010989010989015,4.283209317032031
rational_8_13,rational_approx,0.6153846153846154,moving,0.47,0.17,0.2727272727272727,3.0,0.2721072582271615,0.6945211354302263,0.0,257,2759.0,1337.0,0.0,0.0014498006524102935,1.0,12.038252715952915,45.010989010989015,4.283209317032031
rational_8_13,rational_approx,0.6153846153846154,double,0.2,0.0,1.0,1.0,0.18148603973100033,0.0,0.07692307692307693,13,3148.0,948.0,0.0,0.0012706480304955528,1.0,12.022309258267542,45.010989010989015,6.955354876426108
rational_8_13,rational_approx,0.6153846153846154,double,0.2,0.17,1.0,1.0,0.18148603973100033,0.0,0.07692307692307693,13,3148.0,948.0,0.0,0.0012706480304955528,1.0,12.022309258267542,45.010989010989015,6.955354876426108
rational_8_13,rational_approx,0.6153846153846154,double,0.34,0.0,0.2727272727272727,3.0,0.26817815620827307,0.4044437885346976,0.07692307692307693,13,2833.0,1263.0,0.0,0.0010589481115425344,0.0,10.97077430292291,45.010989010989015,3.4848964640099824
rational_8_13,rational_approx,0.6153846153846154,double,0.34,0.17,0.2727272727272727,3.0,0.26817815620827307,0.4044437885346976,0.07692307692307693,13,2833.0,1263.0,0.0,0.0010589481115425344,0.0,10.97077430292291,45.010989010989015,3.4848964640099824
rational_8_13,rational_approx,0.6153846153846154,double,0.47,0.0,0.45454545454545453,2.0,0.22689619598100033,0.1457464252918798,0.07692307692307693,13,3148.0,948.0,0.0,0.0012706480304955528,1.0,14.005701349271032,45.010989010989015,5.44073166982979
rational_8_13,rational_approx,0.6153846153846154,double,0.47,0.17,0.45454545454545453,2.0,0.22689619598100033,0.1457464252918798,0.07692307692307693,13,3148.0,948.0,0.0,0.0012706480304955528,1.0,14.005701349271032,45.010989010989015,5.44073166982979
rational_13_21,rational_approx,0.6190476190476191,single,0.2,0.0,0.7272727272727273,2.0,0.19282754125751084,0.09970912925458379,0.047619047619047616,21,3118.0,978.0,0.0,0.0012828736369467607,0.0,11.303653477587776,45.010989010989015,5.031499890663355
rational_13_21,rational_approx,0.6190476190476191,single,0.2,0.17,0.7272727272727273,2.0,0.19282754125751084,0.09970912925458379,0.047619047619047616,21,3118.0,978.0,0.0,0.0012828736369467607,0.0,11.303653477587776,45.010989010989015,5.031499890663355
rational_13_21,rational_approx,0.6190476190476191,single,0.34,0.0,1.0,1.0,0.18148603973100033,0.0,0.047619047619047616,21,3118.0,978.0,0.0,0.0012828736369467607,1.0,13.1471348909683,45.010989010989015,6.9971416914244395
rational_13_21,rational_approx,0.6190476190476191,single,0.34,0.17,1.0,1.0,0.18148603973100033,0.0,0.047619047619047616,21,3118.0,978.0,0.0,0.0012828736369467607,1.0,13.1471348909683,45.010989010989015,6.9971416914244395
rational_13_21,rational_approx,0.6190476190476191,single,0.47,0.0,0.2727272727272727,2.0,0.2609650897650773,0.37488496352132716,0.047619047619047616,21,3507.0,589.0,0.0,0.0011405759908753922,0.0,10.571417678504828,45.010989010989015,3.8392414779453583
rational_13_21,rational_approx,0.6190476190476191,single,0.47,0.17,0.2727272727272727,2.0,0.2609650897650773,0.37488496352132716,0.047619047619047616,21,3507.0,589.0,0.0,0.0011405759908753922,0.0,10.571417678504828,45.010989010989015,3.8392414779453583
rational_13_21,rational_approx,0.6190476190476191,moving,0.2,0.0,0.18181818181818182,3.0,0.2294936218635251,0.60815749906659,0.0,257,2252.0,1843.0,1.0,0.0013321492007104796,1.0,10.211842575184034,45.010989010989015,4.167583931475233
rational_13_21,rational_approx,0.6190476190476191,moving,0.2,0.17,0.18181818181818182,3.0,0.2294936218635251,0.60815749906659,0.0,257,2252.0,1843.0,1.0,0.0013321492007104796,1.0,10.211842575184034,45.010989010989015,4.167583931475233
rational_13_21,rational_approx,0.6190476190476191,moving,0.34,0.0,0.18181818181818182,3.0,0.23801634913625236,0.6414908323999232,0.0,257,3167.0,929.0,0.0,0.000947268708556994,1.0,8.825014208490584,45.010989010989015,4.119230036572395
rational_13_21,rational_approx,0.6190476190476191,moving,0.34,0.17,0.18181818181818182,3.0,0.23801634913625236,0.6414908323999232,0.0,257,3167.0,929.0,0.0,0.000947268708556994,1.0,8.825014208490584,45.010989010989015,4.119230036572395
rational_13_21,rational_approx,0.6190476190476191,moving,0.47,0.0,0.2727272727272727,3.0,0.2721072582271615,0.6945211354302263,0.0,257,2789.0,1306.0,1.0,0.0010756543564001434,1.0,11.282761248531418,45.010989010989015,4.275191163091791
rational_13_21,rational_approx,0.6190476190476191,moving,0.47,0.17,0.2727272727272727,3.0,0.2721072582271615,0.6945211354302263,0.0,257,2789.0,1306.0,1.0,0.0010756543564001434,1.0,11.282761248531418,45.010989010989015,4.275191163091791
rational_13_21,rational_approx,0.6190476190476191,double,0.2,0.0,1.0,1.0,0.18148603973100033,0.0,0.047619047619047616,21,3703.0,393.0,0.0,0.001080205238995409,0.0,12.331258339186665,45.010989010989015,5.988281278009387
rational_13_21,rational_approx,0.6190476190476191,double,0.2,0.17,1.0,1.0,0.18148603973100033,0.0,0.047619047619047616,21,3703.0,393.0,0.0,0.001080205238995409,0.0,12.331258339186665,45.010989010989015,5.988281278009387
rational_13_21,rational_approx,0.6190476190476191,double,0.34,0.0,0.09090909090909091,4.0,0.27199610592035717,0.6659663568754478,0.047619047619047616,21,2923.0,1173.0,0.0,0.0013684570646595963,1.0,9.80051975211822,45.010989010989015,3.5757323985601444
rational_13_21,rational_approx,0.6190476190476191,double,0.34,0.17,0.09090909090909091,4.0,0.27199610592035717,0.6659663568754478,0.047619047619047616,21,2923.0,1173.0,0.0,0.0013684570646595963,1.0,9.80051975211822,45.010989010989015,3.5757323985601444
rational_13_21,rational_approx,0.6190476190476191,double,0.47,0.0,0.45454545454545453,2.0,0.22691845034841993,0.1527394322848868,0.047619047619047616,21,3703.0,393.0,0.0,0.001080205238995409,0.0,15.060671569229028,45.010989010989015,4.474952164475304
rational_13_21,rational_approx,0.6190476190476191,double,0.47,0.17,0.45454545454545453,2.0,0.22691845034841993,0.1527394322848868,0.047619047619047616,21,3703.0,393.0,0.0,0.001080205238995409,0.0,15.060671569229028,45.010989010989015,4.474952164475304
control_1_3,rational_control,0.3333333333333333,single,0.2,0.0,1.0,1.0,0.1362972318522588,0.5417817031453395,0.3333333333333333,3,4092.0,4.0,0.0,0.0012218963831867058,0.0,26.425806451612903,45.010989010989015,5.317211454234915
control_1_3,rational_control,0.3333333333333333,single,0.2,0.17,1.0,0.0,0.0454324106174196,0.8472605677151133,1.0,1,4092.0,4.0,0.0,0.0012218963831867058,0.0,45.010989010989015,45.010989010989015,4.8515175359017
control_1_3,rational_control,0.3333333333333333,single,0.34,0.0,1.0,1.0,0.1362972318522588,0.5417817031453395,0.3333333333333333,3,4092.0,4.0,0.0,0.0012218963831867058,0.0,26.425806451612903,45.010989010989015,5.317211454234915
control_1_3,rational_control,0.3333333333333333,single,0.34,0.17,1.0,1.0,0.1362972318522588,0.5417817031453395,0.3333333333333333,3,4092.0,4.0,0.0,0.0012218963831867058,0.0,26.425806451612903,45.010989010989015,5.317211454234915
control_1_3,rational_control,0.3333333333333333,single,0.47,0.0,1.0,1.0,0.1362972318522588,0.5417817031453395,0.3333333333333333,3,4092.0,4.0,0.0,0.0012218963831867058,0.0,26.425806451612903,45.010989010989015,5.317211454234915
control_1_3,rational_control,0.3333333333333333,single,0.47,0.17,1.0,1.0,0.1362972318522588,0.5417817031453395,0.3333333333333333,3,4092.0,4.0,0.0,0.0012218963831867058,0.0,26.425806451612903,45.010989010989015,5.317211454234915
control_1_3,rational_control,0.3333333333333333,moving,0.2,0.0,0.18181818181818182,3.0,0.20499078095443418,0.4932945842036751,0.01,100,2986.0,1109.0,1.0,0.0006697923643670462,1.0,10.436306510952269,45.010989010989015,4.275602638007855
control_1_3,rational_control,0.3333333333333333,moving,0.2,0.17,0.18181818181818182,3.0,0.20499078095443418,0.4932945842036751,0.01,100,2986.0,1109.0,1.0,0.0006697923643670462,1.0,10.436306510952269,45.010989010989015,4.275602638007855
control_1_3,rational_control,0.3333333333333333,moving,0.34,0.0,0.2727272727272727,2.0,0.2721072582271615,0.6945211354302263,0.01,100,3806.0,290.0,0.0,0.0013137151865475565,0.0,12.368767662655193,45.010989010989015,3.577016894215411
control_1_3,rational_control,0.3333333333333333,moving,0.34,0.17,0.2727272727272727,2.0,0.2721072582271615,0.6945211354302263,0.01,100,3806.0,290.0,0.0,0.0013137151865475565,0.0,12.368767662655193,45.010989010989015,3.577016894215411
control_1_3,rational_control,0.3333333333333333,moving,0.47,0.0,0.09090909090909091,4.0,0.2721072582271615,0.6945211354302263,0.01,100,2537.0,1477.0,82.0,0.0011824990145841545,0.0,9.890283898898977,45.010989010989015,2.5859797615823323
control_1_3,rational_control,0.3333333333333333,moving,0.47,0.17,0.09090909090909091,4.0,0.2721072582271615,0.6945211354302263,0.01,100,2537.0,1477.0,82.0,0.0011824990145841545,0.0,9.890283898898977,45.010989010989015,2.5859797615823323
control_1_3,rational_control,0.3333333333333333,double,0.2,0.0,1.0,1.0,0.1362972318522588,0.5417817031453395,0.3333333333333333,3,4092.0,4.0,0.0,0.0012218963831867058,0.0,26.425806451612903,45.010989010989015,5.317211454234915
control_1_3,rational_control,0.3333333333333333,double,0.2,0.17,1.0,0.0,0.0454324106174196,0.8472605677151133,1.0,1,4092.0,4.0,0.0,0.0012218963831867058,0.0,45.010989010989015,45.010989010989015,4.8515175359017
control_1_3,rational_control,0.3333333333333333,double,0.34,0.0,1.0,1.0,0.1362972318522588,0.5417817031453395,0.3333333333333333,3,4092.0,4.0,0.0,0.0012218963831867058,0.0,26.425806451612903,45.010989010989015,5.317211454234915
control_1_3,rational_control,0.3333333333333333,double,0.34,0.17,1.0,1.0,0.1362972318522588,0.5417817031453395,0.3333333333333333,3,4092.0,4.0,0.0,0.0012218963831867058,0.0,26.425806451612903,45.010989010989015,5.317211454234915
control_1_3,rational_control,0.3333333333333333,double,0.47,0.0,1.0,1.0,0.1362972318522588,0.5417817031453395,0.3333333333333333,3,4092.0,4.0,0.0,0.0012218963831867058,0.0,26.425806451612903,45.010989010989015,5.317211454234915
control_1_3,rational_control,0.3333333333333333,double,0.47,0.17,1.0,1.0,0.1362972318522588,0.5417817031453395,0.3333333333333333,3,4092.0,4.0,0.0,0.0012218963831867058,0.0,26.425806451612903,45.010989010989015,5.317211454234915
control_1_4,rational_control,0.25,single,0.2,0.0,1.0,1.0,0.1590023697424057,0.41934530116348295,0.25,4,4092.0,4.0,0.0,0.0012218963831867058,0.0,11.562136535070092,45.010989010989015,5.357869621873665
control_1_4,rational_control,0.25,single,0.2,0.17,1.0,0.0,0.0454324106174196,0.8472605677151133,1.0,1,4092.0,4.0,0.0,0.0012218963831867058,0.0,45.010989010989015,45.010989010989015,4.8515175359017
control_1_4,rational_control,0.25,single,0.34,0.0,0.7272727272727273,2.0,0.1817296424696784,0.4496483314665133,0.25,4,4092.0,4.0,0.0,0.0012218963831867058,0.0,23.01123595505618,45.010989010989015,4.609293204223844
control_1_4,rational_control,0.25,single,0.34,0.17,1.0,1.0,0.1590023697424057,0.41934530116348295,0.25,4,4092.0,4.0,0.0,0.0012218963831867058,0.0,11.567793157641066,45.010989010989015,5.3579324578909935
control_1_4,rational_control,0.25,single,0.47,0.0,0.7272727272727273,2.0,0.1817296424696784,0.4496483314665133,0.25,4,4092.0,4.0,0.0,0.0012218963831867058,0.0,23.01123595505618,45.010989010989015,4.609293204223844
control_1_4,rational_control,0.25,single,0.47,0.17,1.0,1.0,0.1590023697424057,0.41934530116348295,0.25,4,4092.0,4.0,0.0,0.0012218963831867058,0.0,11.567793157641066,45.010989010989015,5.3579324578909935
control_1_4,rational_control,0.25,moving,0.2,0.0,0.2727272727272727,2.0,0.1975333945907978,0.48142589733498825,0.0,257,2461.0,1504.0,131.0,0.0016253555465258025,1.0,10.460052964389218,45.010989010989015,4.77859772857882
control_1_4,rational_control,0.25,moving,0.2,0.17,0.2727272727272727,2.0,0.1975333945907978,0.48142589733498825,0.0,257,2455.0,1508.0,133.0,0.001629327902240326,1.0,10.499996866166507,45.010989010989015,4.779037468999196
control_1_4,rational_control,0.25,moving,0.34,0.0,0.09090909090909091,3.0,0.2721072582271615,0.6945211354302263,0.0,257,2854.0,1242.0,0.0,0.001051156271899089,1.0,8.814769845655416,45.010989010989015,3.884163865696457
control_1_4,rational_control,0.25,moving,0.34,0.17,0.09090909090909091,3.0,0.2721072582271615,0.6945211354302263,0.0,257,2854.0,1089.0,153.0,0.001051156271899089,0.0,8.76052510814369,45.010989010989015,2.8835612935390396
control_1_4,rational_control,0.25,moving,0.47,0.0,0.18181818181818182,3.0,0.2721072582271615,0.6945211354302263,0.0,257,3783.0,313.0,0.0,0.018503832936822628,0.0,13.133030941741843,45.010989010989015,3.096498335662199
control_1_4,rational_control,0.25,moving,0.47,0.17,0.18181818181818182,3.0,0.2721072582271615,0.6945211354302263,0.0,257,3785.0,311.0,0.0,0.01690885072655218,0.0,13.36343499335135,45.010989010989015,3.1006527378793622
control_1_4,rational_control,0.25,double,0.2,0.0,1.0,1.0,0.0908648212348392,0.6945211354302263,0.5,2,4092.0,4.0,0.0,0.0012218963831867058,0.0,32.25196850393701,45.010989010989015,5.06252468472202
control_1_4,rational_control,0.25,double,0.2,0.17,1.0,1.0,0.1362972318522588,0.5417817031453395,0.0,257,4092.0,4.0,0.0,0.0012218963831867058,0.0,45.010989010989015,45.010989010989015,5.856996400471474
control_1_4,rational_control,0.25,double,0.34,0.0,1.0,1.0,0.0908648212348392,0.6945211354302263,0.5,2,4092.0,4.0,0.0,0.0012218963831867058,0.0,32.25196850393701,45.010989010989015,5.06252468472202
control_1_4,rational_control,0.25,double,0.34,0.17,1.0,1.0,0.1362972318522588,0.5417817031453395,0.0,257,4092.0,4.0,0.0,0.0012218963831867058,0.0,45.010989010989015,45.010989010989015,5.856996400471474
control_1_4,rational_control,0.25,double,0.47,0.0,1.0,1.0,0.0908648212348392,0.6945211354302263,0.5,2,4092.0,4.0,0.0,0.0012218963831867058,0.0,32.25196850393701,45.010989010989015,5.06252468472202
control_1_4,rational_control,0.25,double,0.47,0.17,1.0,1.0,0.1362972318522588,0.5417817031453395,0.0,257,4092.0,4.0,0.0,0.0012218963831867058,0.0,45.010989010989015,45.010989010989015,5.856996400471474
control_2_5,rational_control,0.4,single,0.2,0.0,1.0,1.0,0.17034387126891623,0.3196361719088992,0.2,5,4092.0,4.0,0.0,0.0012218963831867058,0.0,16.88659289816469,45.010989010989015,5.566724933872585
control_2_5,rational_control,0.4,single,0.2,0.17,1.0,1.0,0.17034387126891623,0.3196361719088992,0.2,5,4092.0,4.0,0.0,0.0012218963831867058,0.0,16.88659289816469,45.010989010989015,5.566724933872585
control_2_5,rational_control,0.4,single,0.34,0.0,1.0,1.0,0.17034387126891623,0.3196361719088992,0.2,5,4092.0,4.0,0.0,0.0012218963831867058,0.0,16.805129458661604,45.010989010989015,5.565820005528495
control_2_5,rational_control,0.4,single,0.34,0.17,1.0,1.0,0.17034387126891623,0.3196361719088992,0.2,5,4092.0,4.0,0.0,0.0012218963831867058,0.0,16.805129458661604,45.010989010989015,5.565820005528495
control_2_5,rational_control,0.4,single,0.47,0.0,1.0,1.0,0.17034387126891623,0.3196361719088992,0.2,5,4092.0,4.0,0.0,0.0012218963831867058,0.0,12.599996239399808,45.010989010989015,5.5191077102461685
control_2_5,rational_control,0.4,single,0.47,0.17,1.0,1.0,0.17034387126891623,0.3196361719088992,0.2,5,4092.0,4.0,0.0,0.0012218963831867058,0.0,12.599996239399808,45.010989010989015,5.5191077102461685
control_2_5,rational_control,0.4,moving,0.2,0.0,0.2727272727272727,3.0,0.20818680368170692,0.5391098800189709,0.0,257,2110.0,1986.0,0.0,0.00047393364928909954,0.0,10.42992929951875,45.010989010989015,3.421730542120295
control_2_5,rational_control,0.4,moving,0.2,0.17,0.2727272727272727,3.0,0.20818680368170692,0.5391098800189709,0.0,257,2110.0,1986.0,0.0,0.00047393364928909954,0.0,10.42992929951875,45.010989010989015,3.421730542120295
control_2_5,rational_control,0.4,moving,0.34,0.0,0.2727272727272727,3.0,0.23801634913625236,0.6414908323999232,0.0,257,2913.0,1182.0,1.0,0.0010298661174047373,1.0,11.512403061376782,45.010989010989015,4.330818207116085
control_2_5,rational_control,0.4,moving,0.34,0.17,0.2727272727272727,3.0,0.23801634913625236,0.6414908323999232,0.0,257,2913.0,1182.0,1.0,0.0010298661174047373,1.0,11.512403061376782,45.010989010989015,4.330818207116085
control_2_5,rational_control,0.4,moving,0.47,0.0,0.18181818181818182,3.0,0.2721072582271615,0.6945211354302263,0.0,257,3833.0,102.0,161.0,0.0010435690060005217,0.0,9.827298682861423,45.010989010989015,3.0772372085336803
control_2_5,rational_control,0.4,moving,0.47,0.17,0.18181818181818182,3.0,0.2721072582271615,0.6945211354302263,0.0,257,3833.0,102.0,161.0,0.0010435690060005217,0.0,9.827298682861423,45.010989010989015,3.0772372085336803
control_2_5,rational_control,0.4,double,0.2,0.0,1.0,1.0,0.17034387126891623,0.3196361719088992,0.2,5,4092.0,4.0,0.0,0.0012218963831867058,0.0,16.88659289816469,45.010989010989015,5.566724933872585
control_2_5,rational_control,0.4,double,0.2,0.17,1.0,1.0,0.17034387126891623,0.3196361719088992,0.2,5,4092.0,4.0,0.0,0.0012218963831867058,0.0,16.88659289816469,45.010989010989015,5.566724933872585
control_2_5,rational_control,0.4,double,0.34,0.0,0.5454545454545454,2.0,0.2044347803598253,0.3726664749392023,0.2,5,4092.0,4.0,0.0,0.0012218963831867058,0.0,12.5336659847313,45.010989010989015,4.256249675227639
control_2_5,rational_control,0.4,double,0.34,0.17,0.5454545454545454,2.0,0.2044347803598253,0.3726664749392023,0.2,5,4092.0,4.0,0.0,0.0012218963831867058,0.0,12.5336659847313,45.010989010989015,4.256249675227639
control_2_5,rational_control,0.4,double,0.47,0.0,0.5454545454545454,2.0,0.2044347803598253,0.3726664749392023,0.2,5,4092.0,4.0,0.0,0.0012218963831867058,0.0,16.713257821465994,45.010989010989015,4.3026782466562095
control_2_5,rational_control,0.4,double,0.47,0.17,0.5454545454545454,2.0,0.2044347803598253,0.3726664749392023,0.2,5,4092.0,4.0,0.0,0.0012218963831867058,0.0,16.713257821465994,45.010989010989015,4.3026782466562095
random_1,random,0.07766782664465123,single,0.2,0.0,0.0,3.0,0.2721072582271615,0.6945211354302263,0.009708737864077669,103,3457.0,321.0,318.0,0.0011570726063060456,0.5741324921135647,11.118453980485516,45.010989010989015,3.2922537630371957
random_1,random,0.07766782664465123,single,0.2,0.17,0.0,3.0,0.2721072582271615,0.6945211354302263,0.009708737864077669,103,3457.0,321.0,318.0,0.0011570726063060456,0.5741324921135647,11.118453980485516,45.010989010989015,3.2922537630371957
random_1,random,0.07766782664465123,single,0.34,0.0,0.0,5.0,0.2721072582271615,0.6945211354302263,0.009708737864077669,103,3334.0,324.0,438.0,0.00029994001199760045,0.0,10.877569159324015,45.010989010989015,2.1163025589469315
random_1,random,0.07766782664465123,single,0.34,0.17,0.0,5.0,0.2721072582271615,0.6945211354302263,0.009708737864077669,103,3334.0,324.0,438.0,0.00029994001199760045,0.0,10.877569159324015,45.010989010989015,2.1163025589469315
random_1,random,0.07766782664465123,single,0.47,0.0,0.0,7.0,0.2721072582271615,0.6945211354302263,0.009708737864077669,103,2804.0,1291.0,1.0,0.0003566333808844508,0.0,11.607607357936365,45.010989010989015,1.5243554207628254
random_1,random,0.07766782664465123,single,0.47,0.17,0.0,7.0,0.2721072582271615,0.6945211354302263,0.009708737864077669,103,2804.0,1291.0,1.0,0.0003566333808844508,0.0,11.607607357936365,45.010989010989015,1.5243554207628254
random_1,random,0.07766782664465123,moving,0.2,0.0,0.0,3.0,0.2721072582271615,0.6945211354302263,0.0,257,3502.0,299.0,295.0,0.05796687607081668,0.0,12.258506624992648,45.010989010989015,2.6836843643381085
random_1,random,0.07766782664465123,moving,0.2,0.17,0.0,3.0,0.2721072582271615,0.6945211354302263,0.0,257,3502.0,299.0,295.0,0.05796687607081668,0.0,12.258506624992648,45.010989010989015,2.6836843643381085
random_1,random,0.07766782664465123,moving,0.34,0.0,0.0,5.0,0.2721072582271615,0.6945211354302263,0.0,257,3291.0,510.0,295.0,0.027347310847766638,0.711864406779661,11.267308705257117,45.010989010989015,2.8151577149179765
random_1,random,0.07766782664465123,moving,0.34,0.17,0.0,5.0,0.2721072582271615,0.6945211354302263,0.0,257,3291.0,510.0,295.0,0.027347310847766638,0.711864406779661,11.267308705257117,45.010989010989015,2.8151577149179765
random_1,random,0.07766782664465123,moving,0.47,0.0,0.0,7.0,0.2721072582271615,0.6945211354302263,0.0,257,3499.0,597.0,0.0,0.0008573878250928837,0.0,10.916302203535711,45.010989010989015,1.5258841110857146
random_1,random,0.07766782664465123,moving,0.47,0.17,0.0,7.0,0.2721072582271615,0.6945211354302263,0.0,257,3499.0,597.0,0.0,0.0008573878250928837,0.0,10.916302203535711,45.010989010989015,1.5258841110857146
random_1,random,0.07766782664465123,double,0.2,0.0,0.09090909090909091,2.0,0.2721072582271615,0.6945211354302263,0.0,257,2444.0,1652.0,0.0,0.0008183306055646482,1.0,10.465810009608099,45.010989010989015,4.202737103340293
random_1,random,0.07766782664465123,double,0.2,0.17,0.09090909090909091,2.0,0.2721072582271615,0.6945211354302263,0.0,257,2444.0,1652.0,0.0,0.0008183306055646482,1.0,10.465810009608099,45.010989010989015,4.202737103340293
random_1,random,0.07766782664465123,double,0.34,0.0,0.09090909090909091,3.0,0.2721072582271615,0.6945211354302263,0.009708737864077669,103,3535.0,561.0,0.0,0.0011315417256011315,0.0,10.496507819347695,45.010989010989015,2.893056157857925
random_1,random,0.07766782664465123,double,0.34,0.17,0.09090909090909091,3.0,0.2721072582271615,0.6945211354302263,0.009708737864077669,103,3535.0,561.0,0.0,0.0011315417256011315,0.0,10.496507819347695,45.010989010989015,2.893056157857925
random_1,random,0.07766782664465123,double,0.47,0.0,0.09090909090909091,4.0,0.2721072582271615,0.6945211354302263,0.009708737864077669,103,3442.0,654.0,0.0,0.009296920395119116,0.0,9.625020653053731,45.010989010989015,2.575209952512046
random_1,random,0.07766782664465123,double,0.47,0.17,0.09090909090909091,4.0,0.2721072582271615,0.6945211354302263,0.009708737864077669,103,3442.0,654.0,0.0,0.009296920395119116,0.0,9.625020653053731,45.010989010989015,2.575209952512046
random_2,random,0.20161173178845176,single,0.2,0.0,0.36363636363636365,2.0,0.1975333945907978,0.48142589733498825,0.008064516129032258,124,4027.0,69.0,0.0,0.025329029053886266,0.0,15.927209384559525,45.010989010989015,3.9893790725959972
random_2,random,0.20161173178845176,single,0.2,0.17,0.36363636363636365,2.0,0.1975333945907978,0.48142589733498825,0.008064516129032258,124,4027.0,69.0,0.0,0.025329029053886266,0.0,15.927209384559525,45.010989010989015,3.9893790725959972
random_2,random,0.20161173178845176,single,0.34,0.0,0.09090909090909091,4.0,0.2721072582271615,0.6945211354302263,0.008064516129032258,124,3036.0,1026.0,34.0,0.0009881422924901185,1.0,10.98300014382281,45.010989010989015,3.600247929603137
random_2,random,0.20161173178845176,single,0.34,0.17,0.09090909090909091,4.0,0.2721072582271615,0.6945211354302263,0.008064516129032258,124,3036.0,1026.0,34.0,0.0009881422924901185,1.0,10.98300014382281,45.010989010989015,3.600247929603137
random_2,random,0.20161173178845176,single,0.47,0.0,0.09090909090909091,4.0,0.2721072582271615,0.6945211354302263,0.008064516129032258,124,2442.0,1621.0,33.0,0.0012285012285012285,0.0,11.894680165588342,45.010989010989015,2.6101348755964056
random_2,random,0.20161173178845176,single,0.47,0.17,0.09090909090909091,4.0,0.2721072582271615,0.6945211354302263,0.008064516129032258,124,2442.0,1621.0,33.0,0.0012285012285012285,0.0,11.894680165588342,45.010989010989015,2.6101348755964056
random_2,random,0.20161173178845176,moving,0.2,0.0,0.18181818181818182,2.0,0.2721072582271615,0.6945211354302263,0.0625,16,3580.0,516.0,0.0,0.0011173184357541898,0.0,10.58071648772191,45.010989010989015,3.3230327242702233
random_2,random,0.20161173178845176,moving,0.2,0.17,0.18181818181818182,2.0,0.2721072582271615,0.6945211354302263,0.0625,16,3580.0,516.0,0.0,0.0011173184357541898,0.0,10.58071648772191,45.010989010989015,3.3230327242702233
random_2,random,0.20161173178845176,moving,0.34,0.0,0.36363636363636365,2.0,0.22691845034841993,0.1527394322848868,0.0625,16,3324.0,772.0,0.0,0.0012033694344163659,1.0,11.839406938196626,45.010989010989015,5.242346775086614
random_2,random,0.20161173178845176,moving,0.34,0.17,0.36363636363636365,2.0,0.22691845034841993,0.1527394322848868,0.0625,16,3324.0,772.0,0.0,0.0012033694344163659,1.0,11.839406938196626,45.010989010989015,5.242346775086614
random_2,random,0.20161173178845176,moving,0.47,0.0,0.18181818181818182,4.0,0.2709526607878046,0.5418828646101372,0.0625,16,2557.0,1538.0,1.0,0.0011732499022291747,0.0,10.067205900036074,45.010989010989015,2.869910783413949
random_2,random,0.20161173178845176,moving,0.47,0.17,0.18181818181818182,4.0,0.2709526607878046,0.5418828646101372,0.0625,16,2557.0,1538.0,1.0,0.0011732499022291747,0.0,10.067205900036074,45.010989010989015,2.869910783413949
random_2,random,0.20161173178845176,double,0.2,0.0,0.8181818181818182,2.0,0.18430481398478357,0.06637579592125048,0.016129032258064516,62,3960.0,134.0,2.0,0.0007575757575757576,0.0,14.945846251179335,45.010989010989015,5.319125647570461
random_2,random,0.20161173178845176,double,0.2,0.17,0.8181818181818182,2.0,0.18430481398478357,0.06637579592125048,0.016129032258064516,62,3960.0,134.0,2.0,0.0007575757575757576,0.0,14.945846251179335,45.010989010989015,5.319125647570461
random_2,random,0.20161173178845176,double,0.34,0.0,0.18181818181818182,3.0,0.23801634913625236,0.6414908323999232,0.016129032258064516,62,3102.0,597.0,397.0,0.0009671179883945841,0.0,10.500450441501771,45.010989010989015,3.121692568267406
random_2,random,0.20161173178845176,double,0.34,0.17,0.18181818181818182,3.0,0.23801634913625236,0.6414908323999232,0.016129032258064516,62,3102.0,597.0,397.0,0.0009671179883945841,0.0,10.500450441501771,45.010989010989015,3.121692568267406
random_2,random,0.20161173178845176,double,0.47,0.0,0.18181818181818182,4.0,0.2721072582271615,0.6945211354302263,0.016129032258064516,62,2376.0,1654.0,66.0,0.0012626262626262627,0.0,11.414644546154433,45.010989010989015,2.778521989326566
random_2,random,0.20161173178845176,double,0.47,0.17,0.18181818181818182,4.0,0.2721072582271615,0.6945211354302263,0.016129032258064516,62,2376.0,1654.0,66.0,0.0012626262626262627,0.0,11.414644546154433,45.010989010989015,2.778521989326566
random_3,random,0.31455540234073975,single,0.2,0.0,0.18181818181818182,4.0,0.20405860765897962,0.4409070727252545,0.004694835680751174,213,3400.0,695.0,1.0,0.0008823529411764706,1.0,10.705879157659968,45.010989010989015,4.036077273596195
random_3,random,0.31455540234073975,single,0.2,0.17,0.18181818181818182,4.0,0.20405860765897962,0.4409070727252545,0.004694835680751174,213,3400.0,695.0,1.0,0.0008823529411764706,1.0,10.705879157659968,45.010989010989015,4.036077273596195
random_3,random,0.31455540234073975,single,0.34,0.0,0.2727272727272727,2.0,0.2721072582271615,0.6945211354302263,0.004694835680751174,213,3862.0,234.0,0.0,0.001294665976178146,0.0,14.264437607701261,45.010989010989015,3.6033989648005944
random_3,random,0.31455540234073975,single,0.34,0.17,0.2727272727272727,2.0,0.2721072582271615,0.6945211354302263,0.004694835680751174,213,3862.0,234.0,0.0,0.001294665976178146,0.0,14.264437607701261,45.010989010989015,3.6033989648005944
random_3,random,0.31455540234073975,single,0.47,0.0,0.09090909090909091,4.0,0.2721072582271615,0.6945211354302263,0.0,257,3224.0,695.0,177.0,0.0009305210918114144,0.6173913043478261,9.59872516931345,45.010989010989015,3.2103842933167637
random_3,random,0.31455540234073975,single,0.47,0.17,0.09090909090909091,4.0,0.2721072582271615,0.6945211354302263,0.0,257,3224.0,695.0,177.0,0.0009305210918114144,0.6173913043478261,9.59872516931345,45.010989010989015,3.2103842933167637
random_3,random,0.31455540234073975,moving,0.2,0.0,0.2727272727272727,3.0,0.21244816731807054,0.567248408157499,0.0,257,2015.0,2080.0,1.0,0.0009925558312655087,1.0,10.567738781432096,45.010989010989015,4.394604234433349
random_3,random,0.31455540234073975,moving,0.2,0.17,0.2727272727272727,3.0,0.21244816731807054,0.567248408157499,0.0,257,2015.0,2080.0,1.0,0.0009925558312655087,1.0,10.567738781432096,45.010989010989015,4.394604234433349
random_3,random,0.31455540234073975,moving,0.34,0.0,0.18181818181818182,2.0,0.2721072582271615,0.6945211354302263,0.0,257,2894.0,1201.0,1.0,0.000691085003455425,1.0,11.338375510015194,45.010989010989015,4.394375336001923
random_3,random,0.31455540234073975,moving,0.34,0.17,0.18181818181818182,2.0,0.2721072582271615,0.6945211354302263,0.0,257,2894.0,1201.0,1.0,0.000691085003455425,1.0,11.338375510015194,45.010989010989015,4.394375336001923
random_3,random,0.31455540234073975,moving,0.47,0.0,0.18181818181818182,4.0,0.2721072582271615,0.6945211354302263,0.0,257,2394.0,1673.0,29.0,0.0012531328320802004,1.0,11.065068531334868,45.010989010989015,3.790777285358368
random_3,random,0.31455540234073975,moving,0.47,0.17,0.18181818181818182,4.0,0.2721072582271615,0.6945211354302263,0.0,257,2394.0,1673.0,29.0,0.0012531328320802004,1.0,11.065068531334868,45.010989010989015,3.790777285358368
random_3,random,0.31455540234073975,double,0.2,0.0,0.2727272727272727,3.0,0.20818680368170692,0.5391098800189709,0.004694835680751174,213,2099.0,1997.0,0.0,0.0009528346831824678,0.0,10.360748664094384,45.010989010989015,3.4157883193431973
random_3,random,0.31455540234073975,double,0.2,0.17,0.2727272727272727,3.0,0.20818680368170692,0.5391098800189709,0.004694835680751174,213,2099.0,1997.0,0.0,0.0009528346831824678,0.0,10.360748664094384,45.010989010989015,3.4157883193431973
random_3,random,0.31455540234073975,double,0.34,0.0,0.2727272727272727,2.0,0.23801634913625236,0.6414908323999232,0.0,257,2911.0,1184.0,1.0,0.0013740982480247338,1.0,11.697612645644911,45.010989010989015,4.63253135684196
random_3,random,0.31455540234073975,double,0.34,0.17,0.2727272727272727,2.0,0.23801634913625236,0.6414908323999232,0.0,257,2911.0,1184.0,1.0,0.0013740982480247338,1.0,11.697612645644911,45.010989010989015,4.63253135684196
random_3,random,0.31455540234073975,double,0.47,0.0,0.18181818181818182,3.0,0.2721072582271615,0.6945211354302263,0.0,257,3844.0,138.0,114.0,0.0013007284079084287,0.0,9.92630519200345,45.010989010989015,3.078079852883228
random_3,random,0.31455540234073975,double,0.47,0.17,0.18181818181818182,3.0,0.2721072582271615,0.6945211354302263,0.0,257,3844.0,138.0,114.0,0.0013007284079084287,0.0,9.92630519200345,45.010989010989015,3.078079852883228
random_4,random,0.5686267188666277,single,0.2,0.0,0.18181818181818182,3.0,0.2294936218635251,0.60815749906659,0.0196078431372549,51,2165.0,1931.0,0.0,0.0009237875288683603,1.0,10.622644514709709,45.010989010989015,4.152947801632969
random_4,random,0.5686267188666277,single,0.2,0.17,0.18181818181818182,3.0,0.2294936218635251,0.60815749906659,0.0196078431372549,51,2165.0,1931.0,0.0,0.0009237875288683603,1.0,10.622644514709709,45.010989010989015,4.152947801632969
random_4,random,0.5686267188666277,single,0.34,0.0,0.18181818181818182,3.0,0.23801634913625236,0.6414908323999232,0.0196078431372549,51,3690.0,246.0,160.0,0.0008130081300813008,0.5,9.582665331451416,45.010989010989015,3.6081727445640843
random_4,random,0.5686267188666277,single,0.34,0.17,0.18181818181818182,3.0,0.23801634913625236,0.6414908323999232,0.0196078431372549,51,3690.0,246.0,160.0,0.0008130081300813008,0.5,9.582665331451416,45.010989010989015,3.6081727445640843
random_4,random,0.5686267188666277,single,0.47,0.0,0.2727272727272727,3.0,0.2721072582271615,0.6945211354302263,0.0,257,2744.0,1351.0,1.0,0.0010932944606413995,1.0,11.584182131548358,45.010989010989015,4.278521826253485
random_4,random,0.5686267188666277,single,0.47,0.17,0.2727272727272727,3.0,0.2721072582271615,0.6945211354302263,0.0,257,2744.0,1351.0,1.0,0.0010932944606413995,1.0,11.584182131548358,45.010989010989015,4.278521826253485
random_4,random,0.5686267188666277,moving,0.2,0.0,0.09090909090909091,4.0,0.22669710197716145,0.5487747101383464,0.0,257,3275.0,585.0,236.0,0.0012213740458015267,0.0,11.688461690098642,45.010989010989015,2.761662187209104
random_4,random,0.5686267188666277,moving,0.2,0.17,0.09090909090909091,4.0,0.22669710197716145,0.5487747101383464,0.0,257,3275.0,585.0,236.0,0.0012213740458015267,0.0,11.688461690098642,45.010989010989015,2.761662187209104
random_4,random,0.5686267188666277,moving,0.34,0.0,0.09090909090909091,4.0,0.22736294004534327,0.5838068497159405,0.0,257,3618.0,306.0,172.0,0.000552791597567717,0.2754237288135593,11.95849215818673,45.010989010989015,3.00572196492309
random_4,random,0.5686267188666277,moving,0.34,0.17,0.09090909090909091,4.0,0.22736294004534327,0.5838068497159405,0.0,257,3618.0,306.0,172.0,0.000552791597567717,0.2754237288135593,11.95849215818673,45.010989010989015,3.00572196492309
random_4,random,0.5686267188666277,moving,0.47,0.0,0.09090909090909091,2.0,0.23801634913625236,0.6414908323999232,0.0,257,3851.0,234.0,11.0,0.006232147494157362,0.0,14.921315271374676,45.010989010989015,3.299847117170084
random_4,random,0.5686267188666277,moving,0.47,0.17,0.09090909090909091,2.0,0.23801634913625236,0.6414908323999232,0.0,257,3851.0,234.0,11.0,0.006232147494157362,0.0,14.921315271374676,45.010989010989015,3.299847117170084
random_4,random,0.5686267188666277,double,0.2,0.0,0.09090909090909091,3.0,0.2721072582271615,0.6945211354302263,0.0196078431372549,51,1924.0,2171.0,1.0,0.0005197505197505198,1.0,10.342193722993649,45.010989010989015,3.882054661323775
random_4,random,0.5686267188666277,double,0.2,0.17,0.09090909090909091,3.0,0.2721072582271615,0.6945211354302263,0.0196078431372549,51,1924.0,2171.0,1.0,0.0005197505197505198,1.0,10.342193722993649,45.010989010989015,3.882054661323775
random_4,random,0.5686267188666277,double,0.34,0.0,0.09090909090909091,4.0,0.2721072582271615,0.6945211354302263,0.0196078431372549,51,2487.0,1609.0,0.0,0.0012062726176115801,1.0,10.354790792083776,45.010989010989015,3.5815080724885116
random_4,random,0.5686267188666277,double,0.34,0.17,0.09090909090909091,4.0,0.2721072582271615,0.6945211354302263,0.0196078431372549,51,2487.0,1609.0,0.0,0.0012062726176115801,1.0,10.354790792083776,45.010989010989015,3.5815080724885116
random_4,random,0.5686267188666277,double,0.47,0.0,0.09090909090909091,5.0,0.2721072582271615,0.6945211354302263,0.0,257,3459.0,637.0,0.0,0.0014455044810638912,1.0,9.643997078715906,45.010989010989015,3.2929809039873543
random_4,random,0.5686267188666277,double,0.47,0.17,0.09090909090909091,5.0,0.2721072582271615,0.6945211354302263,0.0,257,3459.0,637.0,0.0,0.0014455044810638912,1.0,9.643997078715906,45.010989010989015,3.2929809039873543
random_5,random,0.7811346888002152,single,0.2,0.0,0.36363636363636365,2.0,0.1975333945907978,0.48142589733498825,0.0,257,2457.0,1639.0,0.0,0.001628001628001628,1.0,11.139448299486013,45.010989010989015,4.967960258394359
random_5,random,0.7811346888002152,single,0.2,0.17,0.36363636363636365,2.0,0.1975333945907978,0.48142589733498825,0.0,257,2457.0,1639.0,0.0,0.001628001628001628,1.0,11.139448299486013,45.010989010989015,4.967960258394359
random_5,random,0.7811346888002152,single,0.34,0.0,0.09090909090909091,3.0,0.2721072582271615,0.6945211354302263,0.0,257,3182.0,914.0,0.0,0.01005656819610308,0.0,9.50870228227256,45.010989010989015,2.8828669317669013
random_5,random,0.7811346888002152,single,0.34,0.17,0.09090909090909091,3.0,0.2721072582271615,0.6945211354302263,0.0,257,3182.0,914.0,0.0,0.01005656819610308,0.0,9.50870228227256,45.010989010989015,2.8828669317669013
random_5,random,0.7811346888002152,single,0.47,0.0,0.18181818181818182,4.0,0.2721072582271615,0.6945211354302263,0.0,257,3064.0,1032.0,0.0,0.0009791122715404699,0.0,11.67508262784419,45.010989010989015,2.7978275855554244
random_5,random,0.7811346888002152,single,0.47,0.17,0.18181818181818182,4.0,0.2721072582271615,0.6945211354302263,0.0,257,3064.0,1032.0,0.0,0.0009791122715404699,0.0,11.67508262784419,45.010989010989015,2.7978275855554244
random_5,random,0.7811346888002152,moving,0.2,0.0,0.36363636363636365,2.0,0.21244816731807054,0.567248408157499,0.0,257,2373.0,1722.0,1.0,0.0008428150021070375,1.0,10.916659333496293,45.010989010989015,4.8804481055960505
random_5,random,0.7811346888002152,moving,0.2,0.17,0.36363636363636365,2.0,0.21244816731807054,0.567248408157499,0.0,257,2373.0,1722.0,1.0,0.0008428150021070375,1.0,10.916659333496293,45.010989010989015,4.8804481055960505
random_5,random,0.7811346888002152,moving,0.34,0.0,0.18181818181818182,2.0,0.2721072582271615,0.6945211354302263,0.0,257,2588.0,1508.0,0.0,0.0015455950540958269,1.0,10.912088400596957,45.010989010989015,4.388785458891094
random_5,random,0.7811346888002152,moving,0.34,0.17,0.18181818181818182,2.0,0.2721072582271615,0.6945211354302263,0.0,257,2588.0,1508.0,0.0,0.0015455950540958269,1.0,10.912088400596957,45.010989010989015,4.388785458891094
random_5,random,0.7811346888002152,moving,0.47,0.0,0.2727272727272727,3.0,0.2721072582271615,0.6945211354302263,0.0,257,2973.0,1123.0,0.0,0.0013454423141607804,1.0,12.879978266775332,45.010989010989015,4.292663898163839
random_5,random,0.7811346888002152,moving,0.47,0.17,0.2727272727272727,3.0,0.2721072582271615,0.6945211354302263,0.0,257,2973.0,1123.0,0.0,0.0013454423141607804,1.0,12.879978266775332,45.010989010989015,4.292663898163839
random_5,random,0.7811346888002152,double,0.2,0.0,0.18181818181818182,3.0,0.2294936218635251,0.60815749906659,0.0,257,2145.0,1950.0,1.0,0.0009324009324009324,1.0,10.671006587113844,45.010989010989015,4.17308425653622
random_5,random,0.7811346888002152,double,0.2,0.17,0.18181818181818182,3.0,0.2294936218635251,0.60815749906659,0.0,257,2145.0,1950.0,1.0,0.0009324009324009324,1.0,10.671006587113844,45.010989010989015,4.17308425653622
random_5,random,0.7811346888002152,double,0.34,0.0,0.18181818181818182,3.0,0.23801634913625236,0.6414908323999232,0.0,257,3099.0,997.0,0.0,0.000968054211035818,1.0,9.823493166250547,45.010989010989015,4.130300753164173
random_5,random,0.7811346888002152,double,0.34,0.17,0.18181818181818182,3.0,0.23801634913625236,0.6414908323999232,0.0,257,3099.0,997.0,0.0,0.000968054211035818,1.0,9.823493166250547,45.010989010989015,4.130300753164173
random_5,random,0.7811346888002152,double,0.47,0.0,0.2727272727272727,2.0,0.2721072582271615,0.6945211354302263,0.0,257,3319.0,776.0,1.0,0.0009038867128653209,0.0,11.793591558357997,45.010989010989015,3.581037437350831
random_5,random,0.7811346888002152,double,0.47,0.17,0.2727272727272727,2.0,0.2721072582271615,0.6945211354302263,0.0,257,3319.0,776.0,1.0,0.0009038867128653209,0.0,11.793591558357997,45.010989010989015,3.581037437350831
