flow,family,alpha,best_delay,best_slot_count,context_pressure,similarity_threshold,recall_window,recall_gain,sheath_gain,bleed_rate,split_threshold,witness_conversion,delayed_retention,release_rate,rupture_rate,recall_survival_rate,same_slot_recall_rate,split_rate,context_distortion_rate,blocked_context_rate,pollution,phase_lock_resistance,score
golden,phi,0.6180339887498948,13,13,0.04,0.58,13,0.14,0.04,0.08,0.36,0.9056152927120669,0.47523510971786836,0.003952569169960474,0.09542631281761717,0.5784883720930233,0.5784883720930233,0.17587209302325582,0.0,0.42151162790697677,0.10029306414848584,0.4664102477491058,0.7889199783439153
golden,phi,0.6180339887498948,13,13,0.04,0.58,13,0.14,0.12,0.08,0.36,0.8239074550128535,0.45172656800563776,0.003952569169960474,0.19480519480519481,0.6419354838709678,0.6419354838709678,0.22419354838709676,0.0,0.3580645161290323,0.08140670791273201,0.4856650137017062,0.7582516027735502
golden,phi,0.6180339887498948,13,13,0.04,0.58,21,0.08,0.08,0.04,0.24,0.8548812664907651,0.46088193456614507,0.003952569169960474,0.20214568040654998,0.6107921928817451,0.6107921928817451,0.32261768082663606,0.0,0.38920780711825487,0.07652230543796809,0.4797982081561588,0.7377409123424173
golden,phi,0.6180339887498948,13,13,0.04,0.58,21,0.08,0.12,0.08,0.36,0.8299866131191432,0.45354791514264814,0.003952569169960474,0.22416713721061546,0.605080831408776,0.605080831408776,0.23210161662817552,0.0,0.394919168591224,0.07163790296320417,0.4852470410513896,0.7560814916328175
golden,phi,0.6180339887498948,13,13,0.04,0.58,21,0.14,0.08,0.08,0.36,0.8873056994818653,0.47014413177762526,0.003952569169960474,0.17334839073969507,0.6070252469813392,0.6070252469813392,0.22283205268935236,0.0,0.3929747530186608,0.08563985672419408,0.47858683228786225,0.7697668676177517
golden,phi,0.6180339887498948,13,13,0.04,0.58,21,0.14,0.08,0.12,0.24,0.8484848484848485,0.45901639344262296,0.003952569169960474,0.20383963862224733,0.5945626477541371,0.5945626477541371,0.32860520094562645,0.0,0.40543735224586286,0.08205796157603387,0.4805338495013558,0.736462341475657
golden,phi,0.6180339887498948,13,13,0.04,0.68,13,0.08,0.04,0.08,0.36,0.8896631823461092,0.47080516287645974,0.003952569169960474,0.07735742518351214,0.5075301204819277,0.5075301204819277,0.12650602409638553,0.0,0.4924698795180723,0.10810810810810811,0.4639631848851703,0.8024602504547068
golden,phi,0.6180339887498948,13,13,0.04,0.78,13,0.08,0.08,0.04,0.36,0.8785377358490566,0.46767106089139987,0.003952569169960474,0.09655561829474874,0.39191290824261277,0.39191290824261277,0.12130637636080871,0.0,0.6080870917573873,0.10257245197004233,0.45920567763037956,0.7954430068186145
golden,phi,0.6180339887498948,13,13,0.04,0.78,13,0.2,0.08,0.12,0.24,0.8217703349282297,0.4510833880499015,0.003952569169960474,0.13608130999435347,0.3973727422003284,0.3973727422003284,0.270935960591133,0.0,0.6026272577996716,0.09019863236730706,0.45791362815349823,0.7380531652718822
golden,phi,0.6180339887498948,13,13,0.04,0.78,21,0.08,0.12,0.04,0.24,0.8299748110831234,0.45354439091534754,0.003952569169960474,0.1756070016939582,0.4295942720763723,0.4295942720763723,0.24105011933174225,0.0,0.5704057279236276,0.08336046890263758,0.4653202123798522,0.7514118705011906
golden,phi,0.6180339887498948,13,13,0.04,0.78,21,0.08,0.12,0.12,0.24,0.8287153652392947,0.453168044077135,0.003952569169960474,0.176171654432524,0.4295942720763723,0.4295942720763723,0.24105011933174225,0.0,0.5704057279236276,0.08303484207098664,0.4654117854634602,0.7511872049269106
golden,phi,0.6180339887498948,13,13,0.04,0.78,21,0.14,0.12,0.08,0.36,0.8476903870162297,0.45878378378378376,0.003952569169960474,0.1603613777526821,0.41299303944315546,0.41299303944315546,0.16009280742459397,0.0,0.5870069605568445,0.08759361771409964,0.4658708851922503,0.7820387791900308
golden,phi,0.6180339887498948,13,13,0.04,0.78,21,0.2,0.12,0.04,0.36,0.8460559796437659,0.4583046175051689,0.003952569169960474,0.1767363071710898,0.422680412371134,0.422680412371134,0.17869415807560138,0.0,0.5773195876288659,0.08336046890263758,0.46407210639188,0.774924377126251
golden,phi,0.6180339887498948,13,13,0.08,0.58,13,0.08,0.04,0.04,0.24,0.8363417569193743,0.45543905635648757,0.003952569169960474,0.13438735177865613,0.5875370919881305,0.5875370919881305,0.2997032640949555,0.10979228486646884,0.4124629080118694,0.09019863236730706,0.4650324338811648,0.7120569759511585
golden,phi,0.6180339887498948,13,13,0.08,0.58,13,0.14,0.04,0.04,0.24,0.8432563791008505,0.4574818721160185,0.003952569169960474,0.13946922642574816,0.5896296296296296,0.5896296296296296,0.3125925925925926,0.10814814814814815,0.4103703703703704,0.09117551286225985,0.46393986071175053,0.7132140714892647
golden,phi,0.6180339887498948,13,13,0.08,0.58,13,0.14,0.04,0.12,0.24,0.8385922330097088,0.4561056105610561,0.003952569169960474,0.14059853190287974,0.5849335302806499,0.5849335302806499,0.31314623338257014,0.10635155096011817,0.4150664697193501,0.09150113969391079,0.46366381739212936,0.7126400862081431
golden,phi,0.6180339887498948,13,13,0.08,0.58,21,0.14,0.08,0.04,0.24,0.857331571994716,0.4615931721194879,0.003952569169960474,0.20214568040654998,0.5929824561403508,0.5929824561403508,0.3216374269005848,0.1111111111111111,0.4070175438596491,0.08336046890263758,0.4824776822483562,0.7161344535456231
golden,phi,0.6180339887498948,13,13,0.08,0.58,21,0.2,0.04,0.04,0.36,0.89937106918239,0.4735099337748344,0.003952569169960474,0.14342179559570864,0.5974304068522484,0.5974304068522484,0.1980728051391863,0.10492505353319058,0.4025695931477516,0.08726799088244871,0.4833389489328974,0.7607292332624843
golden,phi,0.6180339887498948,13,13,0.08,0.58,21,0.2,0.04,0.08,0.36,0.89937106918239,0.4735099337748344,0.003952569169960474,0.14342179559570864,0.5974304068522484,0.5974304068522484,0.1980728051391863,0.10492505353319058,0.4025695931477516,0.08726799088244871,0.4833389489328974,0.7607292332624843
golden,phi,0.6180339887498948,13,13,0.08,0.68,13,0.2,0.04,0.12,0.24,0.8413461538461539,0.45691906005221933,0.003952569169960474,0.13099943534726144,0.5307692307692308,0.5307692307692308,0.3123076923076923,0.0,0.46923076923076923,0.09378052751546727,0.43812300818341177,0.7310568419424629
golden,phi,0.6180339887498948,13,13,0.08,0.68,21,0.2,0.08,0.12,0.24,0.835234474017744,0.4551104972375691,0.003952569169960474,0.17843026538678713,0.5132211538461539,0.5132211538461539,0.2776442307692308,0.0,0.48677884615384615,0.08075545424943015,0.47199089303786157,0.7411024023119315
golden,phi,0.6180339887498948,13,13,0.08,0.78,13,0.08,0.04,0.12,0.24,0.8197474167623421,0.4504731861198738,0.003952569169960474,0.10107284020327499,0.4016,0.4016,0.224,0.0,0.5984,0.09605991533702377,0.4579233765478895,0.7560427863713662
golden,phi,0.6180339887498948,13,13,0.08,0.78,13,0.08,0.08,0.12,0.36,0.8785377358490566,0.46767106089139987,0.003952569169960474,0.09655561829474874,0.39191290824261277,0.39191290824261277,0.12130637636080871,0.0,0.6080870917573873,0.10257245197004233,0.45920567763037956,0.7954430068186145
golden,phi,0.6180339887498948,13,13,0.08,0.78,13,0.08,0.12,0.04,0.24,0.8258766626360339,0.452317880794702,0.003952569169960474,0.14342179559570864,0.4090150250417362,0.4090150250417362,0.2654424040066778,0.0,0.5909849749582637,0.08987300553565614,0.46266983948119744,0.7429305984406896
golden,phi,0.6180339887498948,13,13,0.08,0.78,13,0.08,0.12,0.12,0.24,0.8258766626360339,0.452317880794702,0.003952569169960474,0.14342179559570864,0.4090150250417362,0.4090150250417362,0.2654424040066778,0.0,0.5909849749582637,0.08987300553565614,0.46266983948119744,0.7429305984406896
golden,phi,0.6180339887498948,13,13,0.08,0.78,13,0.14,0.04,0.12,0.36,0.8945538818076477,0.47217125382263,0.003952569169960474,0.07284020327498589,0.37329286798179057,0.37329286798179057,0.11836115326251896,0.0,0.6267071320182094,0.1045262129599479,0.4573236979647942,0.78667753525274
golden,phi,0.6180339887498948,13,13,0.08,0.78,13,0.14,0.12,0.08,0.36,0.8665865384615384,0.4642627173213136,0.003952569169960474,0.11914172783738002,0.38125,0.38125,0.109375,0.0,0.61875,0.09443178117876913,0.46266914006315973,0.7898400206795997
golden,phi,0.6180339887498948,13,13,0.08,0.78,13,0.2,0.12,0.08,0.36,0.8599033816425121,0.4623376623376623,0.003952569169960474,0.12648221343873517,0.3877551020408163,0.3877551020408163,0.11773940345368916,0.0,0.6122448979591837,0.0941061543471182,0.46351162411960767,0.7902987300573641
golden,phi,0.6180339887498948,13,13,0.08,0.78,21,0.08,0.12,0.08,0.36,0.8452970297029703,0.4580818242790074,0.003952569169960474,0.1541501976284585,0.41418764302059496,0.41418764302059496,0.14416475972540047,0.0,0.585812356979405,0.08987300553565614,0.4670383388899383,0.7871933065673374
golden,phi,0.6180339887498948,13,13,0.08,0.78,21,0.14,0.08,0.12,0.36,0.8795620437956204,0.4679611650485437,0.003952569169960474,0.12365894974590627,0.40985442329227323,0.40985442329227323,0.14893617021276595,0.0,0.5901455767077267,0.09084988603060892,0.46686626984244295,0.7926906573584074
golden,phi,0.6180339887498948,13,13,0.08,0.78,21,0.2,0.04,0.04,0.24,0.8290398126463701,0.4532650448143406,0.003952569169960474,0.11405985319028797,0.3787128712871287,0.3787128712871287,0.20544554455445543,0.0,0.6212871287128713,0.09475740801042006,0.4588638233438054,0.7488087059748159
golden,phi,0.6180339887498948,13,13,0.12,0.58,13,0.08,0.04,0.08,0.24,0.841978287092883,0.45710543549443355,0.003952569169960474,0.13382269904009034,0.5861561119293078,0.5861561119293078,0.2960235640648012,0.3402061855670103,0.41384388807069217,0.09117551286225985,0.4645189750849581,0.6681452926548079
golden,phi,0.6180339887498948,13,13,0.12,0.58,13,0.08,0.12,0.08,0.36,0.8063291139240506,0.44639103013314646,0.003952569169960474,0.19028797289666854,0.6158730158730159,0.6158730158730159,0.23015873015873015,0.30793650793650795,0.38412698412698415,0.07847606642787365,0.4822661487821521,0.6911998417461404
golden,phi,0.6180339887498948,13,13,0.12,0.58,13,0.14,0.04,0.08,0.24,0.8363636363636363,0.45544554455445546,0.003952569169960474,0.14059853190287974,0.5857988165680473,0.5857988165680473,0.3136094674556213,0.3343195266272189,0.41420118343195267,0.09117551286225985,0.46353929057904686,0.6666319293682041
golden,phi,0.6180339887498948,13,13,0.12,0.58,13,0.14,0.12,0.04,0.24,0.8134034165571616,0.44855072463768114,0.003952569169960474,0.21682665160926032,0.6139240506329114,0.6139240506329114,0.3670886075949367,0.3259493670886076,0.3860759493670886,0.07945294692282644,0.4480928121262342,0.6600058245177077
golden,phi,0.6180339887498948,13,13,0.12,0.58,13,0.2,0.04,0.04,0.24,0.8611793611793612,0.4627062706270627,0.003952569169960474,0.14059853190287974,0.5833333333333334,0.5833333333333334,0.30994152046783624,0.32748538011695905,0.4166666666666667,0.0963855421686747,0.46159056593900816,0.6720906749318039
golden,phi,0.6180339887498948,13,13,0.12,0.58,13,0.2,0.04,0.08,0.24,0.8645320197044335,0.46367239101717306,0.003952569169960474,0.1411631846414455,0.5841874084919473,0.5841874084919473,0.3118594436310395,0.32503660322108346,0.4158125915080527,0.09605991533702377,0.46104939962600155,0.6731066682716235
golden,phi,0.6180339887498948,13,13,0.12,0.58,13,0.2,0.04,0.12,0.24,0.8679012345679012,0.4646397884996695,0.003952569169960474,0.1417278373800113,0.5834542815674891,0.5834542815674891,0.31204644412191584,0.32946298984034833,0.41654571843251087,0.095083034842071,0.4632574384302187,0.6731546791656472
golden,phi,0.6180339887498948,13,13,0.12,0.58,13,0.2,0.12,0.12,0.24,0.8210947930574098,0.4508797653958944,0.003952569169960474,0.22586109542631283,0.6214511041009464,0.6214511041009464,0.39747634069400634,0.3280757097791798,0.3785488958990536,0.07977857375447737,0.4478933208560185,0.6606817260407428
golden,phi,0.6180339887498948,13,13,0.12,0.58,21,0.08,0.08,0.04,0.36,0.8948051948051948,0.4722412611377656,0.003952569169960474,0.17221908526256352,0.6138079827400216,0.6138079827400216,0.2168284789644013,0.343042071197411,0.3861920172599784,0.08498860306089222,0.4483317938740776,0.7003329645443179
golden,phi,0.6180339887498948,13,13,0.12,0.58,21,0.2,0.12,0.04,0.36,0.8264462809917356,0.45248868778280543,0.003952569169960474,0.24731789949181254,0.6274738067520372,0.6274738067520372,0.24330616996507567,0.35273573923166474,0.37252619324796277,0.07359166395310973,0.4819828984773348,0.67994181218699
golden,phi,0.6180339887498948,13,13,0.12,0.68,13,0.08,0.04,0.04,0.36,0.8908246225319396,0.4711302211302211,0.003952569169960474,0.07679277244494635,0.506006006006006,0.506006006006006,0.12612612612612611,0.16066066066066065,0.493993993993994,0.10843373493975904,0.4634995906634881,0.7706069910012883
golden,phi,0.6180339887498948,13,13,0.12,0.68,13,0.14,0.04,0.04,0.36,0.910271546635183,0.4765142150803461,0.003952569169960474,0.08243929983060418,0.5126676602086438,0.5126676602086438,0.14008941877794337,0.16989567809239942,0.4873323397913562,0.10810810810810811,0.46096766404198986,0.7671007378373715
golden,phi,0.6180339887498948,13,13,0.12,0.68,13,0.14,0.04,0.08,0.36,0.9090909090909091,0.47619047619047616,0.003952569169960474,0.08300395256916997,0.5134328358208955,0.5134328358208955,0.14029850746268657,0.1701492537313433,0.48656716417910445,0.10778248127645718,0.46092970669260913,0.7667551347656877
golden,phi,0.6180339887498948,13,13,0.12,0.68,13,0.14,0.08,0.04,0.24,0.8622386223862238,0.4630118890356671,0.003952569169960474,0.1411631846414455,0.5168539325842697,0.5168539325842697,0.30658105939004815,0.17174959871589085,0.48314606741573035,0.09182676652556171,0.4398494566360158,0.7005064068027107
golden,phi,0.6180339887498948,13,13,0.12,0.68,21,0.08,0.12,0.12,0.24,0.808041504539559,0.4469153515064562,0.003952569169960474,0.20892151326933936,0.524788391777509,0.524788391777509,0.2877871825876663,0.17654171704957677,0.4752116082224909,0.07456854444806252,0.4689445532064608,0.6962770457915557
golden,phi,0.6180339887498948,13,13,0.12,0.68,21,0.14,0.04,0.04,0.36,0.9096385542168675,0.47634069400630913,0.003952569169960474,0.10107284020327499,0.5074626865671642,0.5074626865671642,0.13859275053304904,0.1652452025586354,0.4925373134328358,0.10224682513839141,0.4725764746010249,0.7696577519343741
golden,phi,0.6180339887498948,13,13,0.12,0.68,21,0.2,0.04,0.12,0.24,0.8606658446362515,0.4625579854208085,0.003952569169960474,0.14398644833427443,0.5098039215686274,0.5098039215686274,0.26412918108419836,0.1637831603229527,0.49019607843137253,0.08987300553565614,0.4680803173963137,0.7176970234851227
golden,phi,0.6180339887498948,13,13,0.12,0.78,13,0.08,0.04,0.12,0.24,0.8241379310344827,0.45179584120982985,0.003952569169960474,0.09994353472614342,0.3958664546899841,0.3958664546899841,0.2273449920508744,0.0,0.604133545310016,0.09703679583197655,0.45724219533242216,0.75274758388408
golden,phi,0.6180339887498948,13,13,0.12,0.78,13,0.08,0.08,0.04,0.24,0.8225616921269095,0.4513217279174726,0.003952569169960474,0.12027103331451157,0.401305057096248,0.401305057096248,0.23491027732463296,0.0,0.598694942903752,0.09443178117876913,0.4606742686409756,0.752779531290019
golden,phi,0.6180339887498948,13,13,0.12,0.78,21,0.14,0.08,0.04,0.36,0.8786407766990292,0.46770025839793283,0.003952569169960474,0.12196499153020893,0.40852974186307517,0.40852974186307517,0.14814814814814814,0.0,0.5914702581369248,0.08987300553565614,0.46540282744621164,0.7926616848097379
golden,phi,0.6180339887498948,13,13,0.12,0.78,21,0.2,0.04,0.04,0.24,0.8290398126463701,0.4532650448143406,0.003952569169960474,0.11405985319028797,0.3787128712871287,0.3787128712871287,0.20544554455445543,0.0,0.6212871287128713,0.09475740801042006,0.4588638233438054,0.7488087059748159
golden,phi,0.6180339887498948,13,13,0.12,0.78,21,0.2,0.08,0.12,0.24,0.8396572827417381,0.4564204923486361,0.003952569169960474,0.14737436476566912,0.40048543689320387,0.40048543689320387,0.2196601941747573,0.0,0.5995145631067961,0.08498860306089222,0.47023518816131393,0.7617968191524787
golden,phi,0.6180339887498948,13,13,0.12,0.78,21,0.2,0.12,0.12,0.36,0.8379746835443038,0.4559228650137741,0.003952569169960474,0.176171654432524,0.4231651376146789,0.4231651376146789,0.17087155963302753,0.0,0.5768348623853211,0.08368609573428851,0.46555452002142494,0.7762724314368132
silver,metallic,0.43821356237309517,21,13,0.04,0.58,13,0.14,0.04,0.08,0.36,0.7551487414187643,0.4302477183833116,0.07914438502673797,0.10053475935828877,0.8032786885245902,0.8032786885245902,0.22131147540983606,0.0,0.19672131147540983,0.047215890589384565,0.5892637613223197,0.7298583467127742
silver,metallic,0.43821356237309517,21,13,0.04,0.58,13,0.14,0.12,0.08,0.36,0.735224586288416,0.42370572207084467,0.07058823529411765,0.1443850267379679,0.7128712871287128,0.7128712871287128,0.2376237623762376,0.0,0.2871287128712871,0.04233148811462065,0.5921317139345614,0.7406097611691026
silver,metallic,0.43821356237309517,21,13,0.04,0.58,21,0.08,0.08,0.04,0.24,0.698019801980198,0.4110787172011662,0.07807486631016043,0.18823529411764706,0.8295454545454546,0.8295454545454546,0.42045454545454547,0.0,0.17045454545454544,0.03842396613480951,0.5982398097912385,0.6858364637133966
silver,metallic,0.43821356237309517,21,13,0.04,0.58,21,0.08,0.12,0.08,0.36,0.6948717948717948,0.40998487140695916,0.0748663101604278,0.21818181818181817,0.7904191616766467,0.7904191616766467,0.24550898203592814,0.0,0.20958083832335328,0.040377727124715074,0.5976516240075211,0.7113114103588489
silver,metallic,0.43821356237309517,21,13,0.04,0.58,21,0.14,0.08,0.08,0.36,0.7234567901234568,0.4197707736389685,0.06951871657754011,0.1839572192513369,0.825136612021858,0.825136612021858,0.26229508196721313,0.0,0.17486338797814208,0.04005210029306415,0.5939527737698327,0.7036634927661825
silver,metallic,0.43821356237309517,21,13,0.04,0.58,21,0.14,0.08,0.12,0.24,0.7060301507537688,0.41384388807069217,0.07379679144385026,0.2,0.8176795580110497,0.8176795580110497,0.4585635359116022,0.0,0.18232044198895028,0.039400846629762294,0.6011559373513293,0.6900804000143232
silver,metallic,0.43821356237309517,21,13,0.04,0.68,13,0.08,0.04,0.08,0.36,0.7539149888143176,0.4298469387755102,0.0748663101604278,0.08663101604278074,0.6230769230769231,0.6230769230769231,0.15384615384615385,0.0,0.3769230769230769,0.047215890589384565,0.5906401605771456,0.7877625755872378
silver,metallic,0.43821356237309517,21,13,0.04,0.78,13,0.08,0.08,0.04,0.36,0.7657657657657657,0.4336734693877551,0.07272727272727272,0.08877005347593583,0.44,0.44,0.152,0.0,0.56,0.046890263757733634,0.5918108753746327,0.7906859928662897
silver,metallic,0.43821356237309517,21,13,0.04,0.78,13,0.2,0.08,0.12,0.24,0.7626728110599078,0.4326797385620915,0.07700534759358289,0.10481283422459893,0.4830508474576271,0.4830508474576271,0.3050847457627119,0.0,0.5169491525423728,0.048518397915988276,0.593015832824197,0.740417972531986
silver,metallic,0.43821356237309517,21,13,0.04,0.78,21,0.08,0.12,0.04,0.24,0.6933962264150944,0.40947075208913647,0.06737967914438503,0.16470588235294117,0.46938775510204084,0.46938775510204084,0.2653061224489796,0.0,0.5306122448979592,0.042005861282969716,0.5988478369264731,0.7382531874030381
silver,metallic,0.43821356237309517,21,13,0.04,0.78,21,0.08,0.12,0.12,0.24,0.6933962264150944,0.40947075208913647,0.06737967914438503,0.16470588235294117,0.46938775510204084,0.46938775510204084,0.2653061224489796,0.0,0.5306122448979592,0.042005861282969716,0.5988478369264731,0.7382531874030381
silver,metallic,0.43821356237309517,21,13,0.04,0.78,21,0.14,0.12,0.08,0.36,0.7364705882352941,0.4241192411924119,0.06417112299465241,0.146524064171123,0.4238095238095238,0.4238095238095238,0.11904761904761904,0.0,0.5761904761904761,0.04005210029306415,0.5943285537843492,0.795049877679803
silver,metallic,0.43821356237309517,21,13,0.04,0.78,21,0.2,0.12,0.04,0.36,0.7215777262180975,0.4191374663072776,0.06417112299465241,0.14224598930481283,0.41379310344827586,0.41379310344827586,0.14285714285714285,0.0,0.5862068965517241,0.041028980788016936,0.5938944978086953,0.7843697131978999
silver,metallic,0.43821356237309517,21,13,0.08,0.58,13,0.08,0.04,0.04,0.24,0.7712264150943396,0.43541944074567246,0.08021390374331551,0.11657754010695187,0.8333333333333334,0.8333333333333334,0.42424242424242425,0.10606060606060606,0.16666666666666666,0.045913383262780855,0.5934930669701581,0.6786775193040219
silver,metallic,0.43821356237309517,21,13,0.08,0.58,13,0.14,0.04,0.04,0.24,0.7546728971962616,0.43009320905459386,0.08021390374331551,0.11657754010695187,0.8253968253968254,0.8253968253968254,0.42857142857142855,0.1111111111111111,0.1746031746031746,0.045262129599479,0.5929549028208974,0.6763567587091092
silver,metallic,0.43821356237309517,21,13,0.08,0.58,13,0.14,0.04,0.12,0.24,0.7546728971962616,0.43009320905459386,0.08021390374331551,0.11657754010695187,0.8253968253968254,0.8253968253968254,0.42857142857142855,0.1111111111111111,0.1746031746031746,0.045262129599479,0.5929549028208974,0.6763567587091092
silver,metallic,0.43821356237309517,21,13,0.08,0.58,21,0.14,0.08,0.04,0.24,0.7060301507537688,0.41384388807069217,0.07379679144385026,0.2,0.8176795580110497,0.8176795580110497,0.4585635359116022,0.09944751381215469,0.18232044198895028,0.039400846629762294,0.6011559373513293,0.6701908972518924
silver,metallic,0.43821356237309517,21,13,0.08,0.58,21,0.2,0.04,0.04,0.36,0.7613365155131265,0.43224932249322495,0.07272727272727272,0.13796791443850268,0.825,0.825,0.28,0.1,0.175,0.04265711494627157,0.5933233350487181,0.6860610854931677
silver,metallic,0.43821356237309517,21,13,0.08,0.58,21,0.2,0.04,0.08,0.36,0.7613365155131265,0.43224932249322495,0.07272727272727272,0.13796791443850268,0.825,0.825,0.28,0.1,0.175,0.04265711494627157,0.5933233350487181,0.6860610854931677
silver,metallic,0.43821356237309517,21,13,0.08,0.68,13,0.2,0.04,0.12,0.24,0.7540603248259861,0.4298941798941799,0.08021390374331551,0.11122994652406418,0.6692307692307692,0.6692307692307692,0.4153846153846154,0.0,0.33076923076923076,0.045262129599479,0.5941378545414815,0.7344863414687544
silver,metallic,0.43821356237309517,21,13,0.08,0.68,21,0.2,0.08,0.12,0.24,0.7339901477832512,0.42329545454545453,0.07379679144385026,0.17326203208556148,0.6288659793814433,0.6288659793814433,0.3556701030927835,0.0,0.3711340206185567,0.0429827417779225,0.6010873264239109,0.7343259046509306
silver,metallic,0.43821356237309517,21,13,0.08,0.78,13,0.08,0.04,0.12,0.24,0.7727272727272727,0.4358974358974359,0.08021390374331551,0.0855614973262032,0.48717948717948717,0.48717948717948717,0.3076923076923077,0.0,0.5128205128205128,0.045587756431129924,0.5900495722617412,0.7425302713617326
silver,metallic,0.43821356237309517,21,13,0.08,0.78,13,0.08,0.08,0.12,0.36,0.7657657657657657,0.4336734693877551,0.07272727272727272,0.08877005347593583,0.44,0.44,0.152,0.0,0.56,0.046890263757733634,0.5918108753746327,0.7906859928662897
silver,metallic,0.43821356237309517,21,13,0.08,0.78,13,0.08,0.12,0.04,0.24,0.7545871559633027,0.4300653594771242,0.06951871657754011,0.11229946524064172,0.5045871559633027,0.5045871559633027,0.29357798165137616,0.0,0.4954128440366973,0.0475415174210355,0.5942032027611661,0.7410291546265666
silver,metallic,0.43821356237309517,21,13,0.08,0.78,13,0.08,0.12,0.12,0.24,0.7545871559633027,0.4300653594771242,0.06951871657754011,0.11229946524064172,0.5045871559633027,0.5045871559633027,0.29357798165137616,0.0,0.4954128440366973,0.0475415174210355,0.5942032027611661,0.7410291546265666
silver,metallic,0.43821356237309517,21,13,0.08,0.78,13,0.14,0.04,0.12,0.36,0.7837837837837838,0.4393939393939394,0.07700534759358289,0.07593582887700535,0.4492753623188406,0.4492753623188406,0.15217391304347827,0.0,0.5507246376811594,0.04786714425268642,0.5883458758162583,0.7938305966401268
silver,metallic,0.43821356237309517,21,13,0.08,0.78,13,0.14,0.12,0.08,0.36,0.7644341801385681,0.43324607329842935,0.06951871657754011,0.11336898395721925,0.47107438016528924,0.47107438016528924,0.1652892561983471,0.0,0.5289256198347108,0.04428524910452621,0.5917194564292372,0.7853368732590706
silver,metallic,0.43821356237309517,21,13,0.08,0.78,13,0.2,0.12,0.08,0.36,0.740909090909091,0.4255874673629243,0.06844919786096257,0.11229946524064172,0.46551724137931033,0.46551724137931033,0.13793103448275862,0.0,0.5344827586206896,0.04265711494627157,0.5905973983042594,0.7900089119090213
silver,metallic,0.43821356237309517,21,13,0.08,0.78,21,0.08,0.12,0.08,0.36,0.7577197149643705,0.43108108108108106,0.06737967914438503,0.1411764705882353,0.4232558139534884,0.4232558139534884,0.13023255813953488,0.0,0.5767441860465117,0.04135460761966786,0.5919498607973932,0.795063071615794
silver,metallic,0.43821356237309517,21,13,0.08,0.78,21,0.14,0.08,0.12,0.36,0.7611241217798594,0.4321808510638298,0.07272727272727272,0.12299465240641712,0.4252336448598131,0.4252336448598131,0.14018691588785046,0.0,0.5747663551401869,0.044610875936177144,0.5901479167954413,0.7925720824224672
silver,metallic,0.43821356237309517,21,13,0.08,0.78,21,0.2,0.04,0.04,0.24,0.7511627906976744,0.42895086321381143,0.07807486631016043,0.11657754010695187,0.44545454545454544,0.44545454545454544,0.2636363636363636,0.0,0.5545454545454546,0.045913383262780855,0.5984729125427783,0.7508917057342793
silver,metallic,0.43821356237309517,21,13,0.12,0.58,13,0.08,0.04,0.08,0.24,0.7712264150943396,0.43541944074567246,0.08021390374331551,0.11657754010695187,0.8333333333333334,0.8333333333333334,0.42424242424242425,0.3712121212121212,0.16666666666666666,0.045913383262780855,0.5934930669701581,0.6256472162737189
silver,metallic,0.43821356237309517,21,13,0.12,0.58,13,0.08,0.12,0.08,0.36,0.7189695550351288,0.41825613079019075,0.06844919786096257,0.146524064171123,0.7169811320754716,0.7169811320754716,0.2358490566037736,0.3018867924528302,0.2830188679245283,0.043308368609573426,0.5934610847440094,0.6769395027852847
silver,metallic,0.43821356237309517,21,13,0.12,0.58,13,0.14,0.04,0.08,0.24,0.7546728971962616,0.43009320905459386,0.08021390374331551,0.11657754010695187,0.8253968253968254,0.8253968253968254,0.42857142857142855,0.38095238095238093,0.1746031746031746,0.045262129599479,0.5929549028208974,0.6223885047408552
silver,metallic,0.43821356237309517,21,13,0.12,0.58,13,0.14,0.12,0.04,0.24,0.7091346153846154,0.4149085794655415,0.07165775401069518,0.1679144385026738,0.8217821782178217,0.8217821782178217,0.4752475247524752,0.40594059405940597,0.1782178217821782,0.042005861282969716,0.5958907513982437,0.6098727343727275
silver,metallic,0.43821356237309517,21,13,0.12,0.58,13,0.2,0.04,0.04,0.24,0.7629107981220657,0.43275632490013316,0.08021390374331551,0.11657754010695187,0.8583333333333333,0.8583333333333333,0.475,0.4,0.14166666666666666,0.0475415174210355,0.5936326578425406,0.6126057682103931
silver,metallic,0.43821356237309517,21,13,0.12,0.58,13,0.2,0.04,0.08,0.24,0.7629107981220657,0.43275632490013316,0.08021390374331551,0.11657754010695187,0.8583333333333333,0.8583333333333333,0.475,0.4,0.14166666666666666,0.0475415174210355,0.5936326578425406,0.6126057682103931
silver,metallic,0.43821356237309517,21,13,0.12,0.58,13,0.2,0.04,0.12,0.24,0.7629107981220657,0.43275632490013316,0.08021390374331551,0.11657754010695187,0.8583333333333333,0.8583333333333333,0.475,0.4,0.14166666666666666,0.0475415174210355,0.5936326578425406,0.6126057682103931
silver,metallic,0.43821356237309517,21,13,0.12,0.58,13,0.2,0.12,0.12,0.24,0.7379807692307693,0.42461964038727523,0.07272727272727272,0.15401069518716579,0.7978723404255319,0.7978723404255319,0.5212765957446809,0.3617021276595745,0.20212765957446807,0.04623901009443178,0.5939020887731934,0.6284042594678355
silver,metallic,0.43821356237309517,21,13,0.12,0.58,21,0.08,0.08,0.04,0.36,0.7111650485436893,0.4156028368794326,0.07165775401069518,0.17433155080213902,0.7988826815642458,0.7988826815642458,0.2122905027932961,0.36312849162011174,0.2011173184357542,0.04168023445131879,0.5942959496596403,0.6516926222632312
silver,metallic,0.43821356237309517,21,13,0.12,0.58,21,0.2,0.12,0.04,0.36,0.7038961038961039,0.41310975609756095,0.06524064171122995,0.23315508021390374,0.825,0.825,0.28125,0.3625,0.175,0.036795831976554866,0.5944033304737328,0.6198944276557562
silver,metallic,0.43821356237309517,21,13,0.12,0.68,13,0.08,0.04,0.04,0.36,0.7539149888143176,0.4298469387755102,0.0748663101604278,0.08663101604278074,0.6230769230769231,0.6230769230769231,0.15384615384615385,0.1076923076923077,0.3769230769230769,0.047215890589384565,0.5906401605771456,0.7662241140487763
silver,metallic,0.43821356237309517,21,13,0.12,0.68,13,0.14,0.04,0.04,0.36,0.7699316628701595,0.435006435006435,0.08021390374331551,0.08877005347593583,0.6384615384615384,0.6384615384615384,0.19230769230769232,0.13846153846153847,0.36153846153846153,0.04623901009443178,0.5902732752964217,0.7501335721207479
silver,metallic,0.43821356237309517,21,13,0.12,0.68,13,0.14,0.04,0.08,0.36,0.7699316628701595,0.435006435006435,0.08021390374331551,0.08877005347593583,0.6384615384615384,0.6384615384615384,0.19230769230769232,0.13846153846153847,0.36153846153846153,0.04623901009443178,0.5902732752964217,0.7501335721207479
silver,metallic,0.43821356237309517,21,13,0.12,0.68,13,0.14,0.08,0.04,0.24,0.7411764705882353,0.42567567567567566,0.07700534759358289,0.13155080213903744,0.7168141592920354,0.7168141592920354,0.40707964601769914,0.1592920353982301,0.2831858407079646,0.04819277108433735,0.5947411022620686,0.6887420271147224
silver,metallic,0.43821356237309517,21,13,0.12,0.68,21,0.08,0.12,0.12,0.24,0.7157622739018088,0.4171686746987952,0.07379679144385026,0.2160427807486631,0.6338797814207651,0.6338797814207651,0.39344262295081966,0.16393442622950818,0.366120218579235,0.03874959296646044,0.5988097094597864,0.6966555981691536
silver,metallic,0.43821356237309517,21,13,0.12,0.68,21,0.14,0.04,0.04,0.36,0.7728337236533958,0.43593130779392336,0.07379679144385026,0.11657754010695187,0.6441441441441441,0.6441441441441441,0.22522522522522523,0.16666666666666666,0.35585585585585583,0.04233148811462065,0.5915438884341473,0.733517967531066
silver,metallic,0.43821356237309517,21,13,0.12,0.68,21,0.2,0.04,0.12,0.24,0.7493917274939172,0.4283727399165508,0.08235294117647059,0.14866310160427806,0.663594470046083,0.663594470046083,0.3870967741935484,0.20276497695852536,0.33640552995391704,0.040377727124715074,0.5980018086825603,0.6939184860377873
silver,metallic,0.43821356237309517,21,13,0.12,0.78,13,0.08,0.04,0.12,0.24,0.7727272727272727,0.4358974358974359,0.08021390374331551,0.0855614973262032,0.48717948717948717,0.48717948717948717,0.3076923076923077,0.0,0.5128205128205128,0.045587756431129924,0.5900495722617412,0.7425302713617326
silver,metallic,0.43821356237309517,21,13,0.12,0.78,13,0.08,0.08,0.04,0.24,0.7676537585421412,0.43427835051546393,0.07593582887700535,0.09411764705882353,0.4583333333333333,0.4583333333333333,0.23333333333333334,0.0,0.5416666666666666,0.04982090524259199,0.591552912165729,0.7636401556944039
silver,metallic,0.43821356237309517,21,13,0.12,0.78,21,0.14,0.08,0.04,0.36,0.765807962529274,0.4336870026525199,0.07272727272727272,0.12085561497326203,0.41743119266055045,0.41743119266055045,0.13761467889908258,0.0,0.5825688073394495,0.044610875936177144,0.5902626039398449,0.7943779748624358
silver,metallic,0.43821356237309517,21,13,0.12,0.78,21,0.2,0.04,0.04,0.24,0.7511627906976744,0.42895086321381143,0.07807486631016043,0.11657754010695187,0.44545454545454544,0.44545454545454544,0.2636363636363636,0.0,0.5545454545454546,0.045913383262780855,0.5984729125427783,0.7508917057342793
silver,metallic,0.43821356237309517,21,13,0.12,0.78,21,0.2,0.08,0.12,0.24,0.7369668246445498,0.4242837653478854,0.07165775401069518,0.1443850267379679,0.46190476190476193,0.46190476190476193,0.2714285714285714,0.0,0.5380952380952381,0.044610875936177144,0.6001608760263206,0.7450926929722198
silver,metallic,0.43821356237309517,21,13,0.12,0.78,21,0.2,0.12,0.12,0.36,0.7215777262180975,0.4191374663072776,0.06417112299465241,0.14224598930481283,0.41379310344827586,0.41379310344827586,0.14285714285714285,0.0,0.5862068965517241,0.041028980788016936,0.5938944978086953,0.7843697131978999
bounded_cf_2,bounded_cf,0.6582505321462085,21,13,0.04,0.58,13,0.14,0.04,0.08,0.36,0.7289719626168224,0.42162162162162165,0.11468381564844587,0.09217577706323687,0.7096774193548387,0.7096774193548387,0.2064516129032258,0.0,0.2903225806451613,0.10126994464343862,0.5407146446232658,0.7431630940704916
bounded_cf_2,bounded_cf,0.6582505321462085,21,13,0.04,0.58,13,0.14,0.12,0.08,0.36,0.7017114914425427,0.41235632183908044,0.10503751339764202,0.1489817792068596,0.6967741935483871,0.6967741935483871,0.16774193548387098,0.0,0.3032258064516129,0.09247802018886356,0.5429165307922783,0.7527752167134724
bounded_cf_2,bounded_cf,0.6582505321462085,21,13,0.04,0.58,21,0.08,0.08,0.04,0.24,0.7175572519083969,0.4177777777777778,0.12004287245444802,0.1564844587352626,0.7061855670103093,0.7061855670103093,0.36597938144329895,0.0,0.29381443298969073,0.09117551286225985,0.543737064711709,0.7094401179368865
bounded_cf_2,bounded_cf,0.6582505321462085,21,13,0.04,0.58,21,0.08,0.12,0.08,0.36,0.6708229426433915,0.4014925373134328,0.1082529474812433,0.17363344051446947,0.6927374301675978,0.6927374301675978,0.22346368715083798,0.0,0.30726256983240224,0.08694236405079779,0.5466015667128379,0.7292381145200001
bounded_cf_2,bounded_cf,0.6582505321462085,21,13,0.04,0.58,21,0.14,0.08,0.08,0.36,0.7211055276381909,0.41897810218978104,0.1082529474812433,0.15755627009646303,0.7476190476190476,0.7476190476190476,0.23809523809523808,0.0,0.2523809523809524,0.09247802018886356,0.5417543661555653,0.7209199984046765
bounded_cf_2,bounded_cf,0.6582505321462085,21,13,0.04,0.58,21,0.14,0.08,0.12,0.24,0.6934673366834171,0.4094955489614243,0.11468381564844587,0.16291532690246516,0.7025641025641025,0.7025641025641025,0.36923076923076925,0.0,0.29743589743589743,0.08954737870400521,0.5467727557652602,0.7060242635125596
bounded_cf_2,bounded_cf,0.6582505321462085,21,13,0.04,0.68,13,0.08,0.04,0.08,0.36,0.7425287356321839,0.4261213720316623,0.11682743837084673,0.0707395498392283,0.484472049689441,0.484472049689441,0.14906832298136646,0.0,0.515527950310559,0.10485183979159883,0.5394758676920208,0.7788221000624795
bounded_cf_2,bounded_cf,0.6582505321462085,21,13,0.04,0.78,13,0.08,0.08,0.04,0.36,0.766743648960739,0.4339869281045752,0.10932475884244373,0.0707395498392283,0.3652694610778443,0.3652694610778443,0.08383233532934131,0.0,0.6347305389221557,0.10810810810810811,0.5389662528336567,0.7805844660719496
bounded_cf_2,bounded_cf,0.6582505321462085,21,13,0.04,0.78,13,0.2,0.08,0.12,0.24,0.7600950118764845,0.4318488529014845,0.12004287245444802,0.0857449088960343,0.37037037037037035,0.37037037037037035,0.20987654320987653,0.0,0.6296296296296297,0.10387495929664604,0.5424721302584941,0.7410755393136783
bounded_cf_2,bounded_cf,0.6582505321462085,21,13,0.04,0.78,21,0.08,0.12,0.04,0.24,0.708029197080292,0.41452991452991456,0.11789924973204716,0.12968917470525188,0.3744075829383886,0.3744075829383886,0.1848341232227488,0.0,0.6255924170616114,0.09475740801042006,0.5441559389407804,0.7417250377798624
bounded_cf_2,bounded_cf,0.6582505321462085,21,13,0.04,0.78,21,0.08,0.12,0.12,0.24,0.7055961070559611,0.4136947218259629,0.11789924973204716,0.1307609860664523,0.3744075829383886,0.3744075829383886,0.1848341232227488,0.0,0.6255924170616114,0.09443178117876913,0.5441059173575078,0.7412388145212335
bounded_cf_2,bounded_cf,0.6582505321462085,21,13,0.04,0.78,21,0.14,0.12,0.08,0.36,0.7163461538461539,0.4173669467787115,0.10932475884244373,0.12540192926045016,0.391304347826087,0.391304347826087,0.12077294685990338,0.0,0.6086956521739131,0.09671116900032563,0.5457595421799668,0.776760624704913
bounded_cf_2,bounded_cf,0.6582505321462085,21,13,0.04,0.78,21,0.2,0.12,0.04,0.36,0.7026378896882494,0.4126760563380282,0.1082529474812433,0.1307609860664523,0.3878504672897196,0.3878504672897196,0.13551401869158877,0.0,0.6121495327102804,0.09475740801042006,0.5450245165244503,0.766651917680478
bounded_cf_2,bounded_cf,0.6582505321462085,21,13,0.08,0.58,13,0.08,0.04,0.04,0.24,0.7380952380952381,0.4246575342465753,0.12111468381564845,0.09646302250803858,0.6710526315789473,0.6710526315789473,0.32894736842105265,0.08552631578947369,0.32894736842105265,0.10094431781178768,0.5428104542493053,0.7055805646336343
bounded_cf_2,bounded_cf,0.6582505321462085,21,13,0.08,0.58,13,0.14,0.04,0.04,0.24,0.7355769230769231,0.42382271468144045,0.12004287245444802,0.10610932475884244,0.6776315789473685,0.6776315789473685,0.34868421052631576,0.09210526315789473,0.3223684210526316,0.09964181048518397,0.5434063284091906,0.7021245468911996
bounded_cf_2,bounded_cf,0.6582505321462085,21,13,0.08,0.58,13,0.14,0.04,0.12,0.24,0.7355769230769231,0.42382271468144045,0.12004287245444802,0.10610932475884244,0.6776315789473685,0.6776315789473685,0.34868421052631576,0.09210526315789473,0.3223684210526316,0.09964181048518397,0.5434063284091906,0.7021245468911996
bounded_cf_2,bounded_cf,0.6582505321462085,21,13,0.08,0.58,21,0.14,0.08,0.04,0.24,0.6934673366834171,0.4094955489614243,0.11468381564844587,0.16291532690246516,0.7025641025641025,0.7025641025641025,0.36923076923076925,0.08717948717948718,0.29743589743589743,0.08954737870400521,0.5467727557652602,0.6885883660766622
bounded_cf_2,bounded_cf,0.6582505321462085,21,13,0.08,0.58,21,0.2,0.04,0.04,0.36,0.7458033573141487,0.4271978021978022,0.10932475884244373,0.11039657020364416,0.6933962264150944,0.6933962264150944,0.16981132075471697,0.06132075471698113,0.30660377358490565,0.10126994464343862,0.53897882082487,0.7491822393143408
bounded_cf_2,bounded_cf,0.6582505321462085,21,13,0.08,0.58,21,0.2,0.04,0.08,0.36,0.7458033573141487,0.4271978021978022,0.10932475884244373,0.11039657020364416,0.6933962264150944,0.6933962264150944,0.16981132075471697,0.06132075471698113,0.30660377358490565,0.10126994464343862,0.53897882082487,0.7491822393143408
bounded_cf_2,bounded_cf,0.6582505321462085,21,13,0.08,0.68,13,0.2,0.04,0.12,0.24,0.7364705882352941,0.4241192411924119,0.12111468381564845,0.08788853161843516,0.4807692307692308,0.4807692307692308,0.26282051282051283,0.0,0.5192307692307693,0.10192119830674047,0.5410961467177116,0.739576035802346
bounded_cf_2,bounded_cf,0.6582505321462085,21,13,0.08,0.68,21,0.2,0.08,0.12,0.24,0.7331670822942643,0.42302158273381296,0.1189710610932476,0.13612004287245444,0.5233644859813084,0.5233644859813084,0.27102803738317754,0.0,0.4766355140186916,0.09573428850537284,0.5451796504790738,0.7355342784428686
bounded_cf_2,bounded_cf,0.6582505321462085,21,13,0.08,0.78,13,0.08,0.04,0.12,0.24,0.7435897435897436,0.4264705882352941,0.1232583065380493,0.07502679528403002,0.37037037037037035,0.37037037037037035,0.21604938271604937,0.0,0.6296296296296297,0.10387495929664604,0.5400572368107148,0.7359339851143331
bounded_cf_2,bounded_cf,0.6582505321462085,21,13,0.08,0.78,13,0.08,0.08,0.12,0.36,0.7649769585253456,0.43342036553524804,0.1082529474812433,0.0707395498392283,0.3652694610778443,0.3652694610778443,0.08383233532934131,0.0,0.6347305389221557,0.10810810810810811,0.5390384249882014,0.7802672447256509
bounded_cf_2,bounded_cf,0.6582505321462085,21,13,0.08,0.78,13,0.08,0.12,0.04,0.24,0.7434679334916865,0.4264305177111717,0.11682743837084673,0.09646302250803858,0.3836477987421384,0.3836477987421384,0.2138364779874214,0.0,0.6163522012578616,0.10159557147508955,0.5414982745083683,0.7455701807073493
bounded_cf_2,bounded_cf,0.6582505321462085,21,13,0.08,0.78,13,0.08,0.12,0.12,0.24,0.7434679334916865,0.4264305177111717,0.11682743837084673,0.09646302250803858,0.3836477987421384,0.3836477987421384,0.2138364779874214,0.0,0.6163522012578616,0.10159557147508955,0.5414982745083683,0.7455701807073493
bounded_cf_2,bounded_cf,0.6582505321462085,21,13,0.08,0.78,13,0.14,0.04,0.12,0.36,0.7603686635944701,0.4319371727748691,0.11789924973204716,0.0632368703108253,0.3592814371257485,0.3592814371257485,0.11976047904191617,0.0,0.6407185628742516,0.10745685444480625,0.5377116941201994,0.7633040602859502
bounded_cf_2,bounded_cf,0.6582505321462085,21,13,0.08,0.78,13,0.14,0.12,0.08,0.36,0.7465116279069768,0.4274300932090546,0.10718113612004287,0.08788853161843516,0.33962264150943394,0.33962264150943394,0.09433962264150944,0.0,0.660377358490566,0.10420058612829697,0.5372030212215726,0.7547291120537613
bounded_cf_2,bounded_cf,0.6582505321462085,21,13,0.08,0.78,13,0.2,0.12,0.08,0.36,0.7344110854503464,0.4234354194407457,0.10610932475884244,0.08896034297963558,0.3881578947368421,0.3881578947368421,0.09210526315789473,0.0,0.6118421052631579,0.10289807880169326,0.5414467090429049,0.7877951174984251
bounded_cf_2,bounded_cf,0.6582505321462085,21,13,0.08,0.78,21,0.08,0.12,0.08,0.36,0.7058823529411765,0.41379310344827586,0.10503751339764202,0.11789924973204716,0.36585365853658536,0.36585365853658536,0.0975609756097561,0.0,0.6341463414634146,0.09736242266362748,0.543319642540764,0.7645837298766812
bounded_cf_2,bounded_cf,0.6582505321462085,21,13,0.08,0.78,21,0.14,0.08,0.12,0.36,0.7423887587822015,0.4260752688172043,0.10396570203644159,0.09860664523043944,0.391304347826087,0.391304347826087,0.09178743961352658,0.0,0.6086956521739131,0.10289807880169326,0.5388615576860838,0.7909393000160623
bounded_cf_2,bounded_cf,0.6582505321462085,21,13,0.08,0.78,21,0.2,0.04,0.04,0.24,0.7213114754098361,0.41904761904761906,0.12004287245444802,0.09217577706323687,0.36792452830188677,0.36792452830188677,0.2028301886792453,0.0,0.6320754716981132,0.10029306414848584,0.5430234908175124,0.7344782898030525
bounded_cf_2,bounded_cf,0.6582505321462085,21,13,0.12,0.58,13,0.08,0.04,0.08,0.24,0.7387173396674585,0.4248633879781421,0.12004287245444802,0.09539121114683816,0.6733333333333333,0.6733333333333333,0.32666666666666666,0.3,0.32666666666666666,0.10126994464343862,0.5417273195501635,0.6621512303576957
bounded_cf_2,bounded_cf,0.6582505321462085,21,13,0.12,0.58,13,0.08,0.12,0.08,0.36,0.6982968369829684,0.41117478510028654,0.10610932475884244,0.1457663451232583,0.6928104575163399,0.6928104575163399,0.16993464052287582,0.24836601307189543,0.30718954248366015,0.09215239335721263,0.5423529537258129,0.7026622730546992
bounded_cf_2,bounded_cf,0.6582505321462085,21,13,0.12,0.58,13,0.14,0.04,0.08,0.24,0.7355769230769231,0.42382271468144045,0.12004287245444802,0.10610932475884244,0.6776315789473685,0.6776315789473685,0.34868421052631576,0.27631578947368424,0.3223684210526316,0.09964181048518397,0.5434063284091906,0.6652824416280417
bounded_cf_2,bounded_cf,0.6582505321462085,21,13,0.12,0.58,13,0.14,0.12,0.04,0.24,0.6876574307304786,0.40746268656716417,0.11468381564844587,0.16720257234726688,0.7096774193548387,0.7096774193548387,0.3870967741935484,0.27741935483870966,0.2903225806451613,0.08759361771409964,0.5444384148101749,0.6474225785404096
bounded_cf_2,bounded_cf,0.6582505321462085,21,13,0.12,0.58,13,0.2,0.04,0.04,0.24,0.7285714285714285,0.4214876033057851,0.1189710610932476,0.10289389067524116,0.6666666666666666,0.6666666666666666,0.35333333333333333,0.3,0.3333333333333333,0.09964181048518397,0.540795526090389,0.6614751294576685
bounded_cf_2,bounded_cf,0.6582505321462085,21,13,0.12,0.58,13,0.2,0.04,0.08,0.24,0.7349397590361446,0.4236111111111111,0.12111468381564845,0.10718113612004287,0.6821192052980133,0.6821192052980133,0.3509933774834437,0.2847682119205298,0.31788079470198677,0.09931618365353305,0.5421239117207048,0.6622454391016834
bounded_cf_2,bounded_cf,0.6582505321462085,21,13,0.12,0.58,13,0.2,0.04,0.12,0.24,0.7349397590361446,0.4236111111111111,0.12111468381564845,0.10718113612004287,0.6821192052980133,0.6821192052980133,0.3509933774834437,0.2847682119205298,0.31788079470198677,0.09931618365353305,0.5421239117207048,0.6622454391016834
bounded_cf_2,bounded_cf,0.6582505321462085,21,13,0.12,0.58,13,0.2,0.12,0.12,0.24,0.7066326530612245,0.414050822122571,0.11682743837084673,0.16613076098606644,0.7152317880794702,0.7152317880794702,0.3973509933774834,0.2913907284768212,0.2847682119205298,0.08922175187235429,0.5476552142113438,0.6473633743115446
bounded_cf_2,bounded_cf,0.6582505321462085,21,13,0.12,0.58,21,0.08,0.08,0.04,0.36,0.7185185185185186,0.41810344827586204,0.11254019292604502,0.1414790996784566,0.7305699481865285,0.7305699481865285,0.19170984455958548,0.2694300518134715,0.2694300518134715,0.09443178117876913,0.5422916180808057,0.6864073771542417
bounded_cf_2,bounded_cf,0.6582505321462085,21,13,0.12,0.58,21,0.2,0.12,0.04,0.36,0.6835443037974683,0.40601503759398494,0.09967845659163987,0.18756698821007503,0.6947368421052632,0.6947368421052632,0.23684210526315788,0.2789473684210526,0.30526315789473685,0.08661673721914685,0.5446170428152657,0.6702517679211816
bounded_cf_2,bounded_cf,0.6582505321462085,21,13,0.12,0.68,13,0.08,0.04,0.04,0.36,0.7425287356321839,0.4261213720316623,0.11682743837084673,0.0707395498392283,0.484472049689441,0.484472049689441,0.14906832298136646,0.13664596273291926,0.515527950310559,0.10485183979159883,0.5394758676920208,0.7514929075158957
bounded_cf_2,bounded_cf,0.6582505321462085,21,13,0.12,0.68,13,0.14,0.04,0.04,0.36,0.7471264367816092,0.4276315789473684,0.11361200428724544,0.07181136120042872,0.5094339622641509,0.5094339622641509,0.15723270440251572,0.1509433962264151,0.49056603773584906,0.10582872028655162,0.5389631291827861,0.7466344941296442
bounded_cf_2,bounded_cf,0.6582505321462085,21,13,0.12,0.68,13,0.14,0.04,0.08,0.36,0.7471264367816092,0.4276315789473684,0.11361200428724544,0.07181136120042872,0.5094339622641509,0.5094339622641509,0.15723270440251572,0.1509433962264151,0.49056603773584906,0.10582872028655162,0.5389631291827861,0.7466344941296442
bounded_cf_2,bounded_cf,0.6582505321462085,21,13,0.12,0.68,13,0.14,0.08,0.04,0.24,0.7318840579710145,0.4225941422594142,0.1189710610932476,0.11254019292604502,0.5217391304347826,0.5217391304347826,0.30434782608695654,0.13664596273291926,0.4782608695652174,0.09833930315858026,0.5432692196138074,0.698670077660998
bounded_cf_2,bounded_cf,0.6582505321462085,21,13,0.12,0.68,21,0.08,0.12,0.12,0.24,0.6801007556675063,0.4047976011994003,0.11789924973204716,0.16720257234726688,0.5404040404040404,0.5404040404040404,0.29292929292929293,0.11616161616161616,0.4595959595959596,0.08726799088244871,0.5500001120452802,0.6950333273960868
bounded_cf_2,bounded_cf,0.6582505321462085,21,13,0.12,0.68,21,0.14,0.04,0.04,0.36,0.7482185273159145,0.4279891304347826,0.11682743837084673,0.09431939978563773,0.5267857142857143,0.5267857142857143,0.15178571428571427,0.125,0.4732142857142857,0.10224682513839141,0.5396621097698524,0.7533720539700336
bounded_cf_2,bounded_cf,0.6582505321462085,21,13,0.12,0.68,21,0.2,0.04,0.12,0.24,0.7270531400966184,0.42097902097902096,0.1232583065380493,0.11039657020364416,0.5094339622641509,0.5094339622641509,0.2830188679245283,0.12264150943396226,0.49056603773584906,0.09768804949527841,0.5437742728852655,0.7063835984068526
bounded_cf_2,bounded_cf,0.6582505321462085,21,13,0.12,0.78,13,0.08,0.04,0.12,0.24,0.7435897435897436,0.4264705882352941,0.1232583065380493,0.07502679528403002,0.37037037037037035,0.37037037037037035,0.21604938271604937,0.0,0.6296296296296297,0.10387495929664604,0.5400572368107148,0.7359339851143331
bounded_cf_2,bounded_cf,0.6582505321462085,21,13,0.12,0.78,13,0.08,0.08,0.04,0.24,0.7505882352941177,0.42876344086021506,0.12111468381564845,0.08145766345123258,0.35802469135802467,0.35802469135802467,0.2037037037037037,0.0,0.6419753086419753,0.10387495929664604,0.5399316591437513,0.7324987167691461
bounded_cf_2,bounded_cf,0.6582505321462085,21,13,0.12,0.78,21,0.14,0.08,0.04,0.36,0.7423887587822015,0.4260752688172043,0.10396570203644159,0.09860664523043944,0.391304347826087,0.391304347826087,0.09178743961352658,0.0,0.6086956521739131,0.10289807880169326,0.5388615576860838,0.7909393000160623
bounded_cf_2,bounded_cf,0.6582505321462085,21,13,0.12,0.78,21,0.2,0.04,0.04,0.24,0.7213114754098361,0.41904761904761906,0.12004287245444802,0.09217577706323687,0.36792452830188677,0.36792452830188677,0.2028301886792453,0.0,0.6320754716981132,0.10029306414848584,0.5430234908175124,0.7344782898030525
bounded_cf_2,bounded_cf,0.6582505321462085,21,13,0.12,0.78,21,0.2,0.08,0.12,0.24,0.7349397590361446,0.4236111111111111,0.1189710610932476,0.10932475884244373,0.3632286995515695,0.3632286995515695,0.19730941704035873,0.0,0.6367713004484304,0.09931618365353305,0.5421843683373508,0.7349750533759727
bounded_cf_2,bounded_cf,0.6582505321462085,21,13,0.12,0.78,21,0.2,0.12,0.12,0.36,0.7060240963855422,0.4138418079096045,0.1082529474812433,0.13290460878885316,0.37962962962962965,0.37962962962962965,0.125,0.0,0.6203703703703703,0.09475740801042006,0.5444981249768841,0.7649001643947473
random_cf_1,random_cf,0.10978777645362256,21,13,0.04,0.58,13,0.14,0.04,0.08,0.36,0.7289719626168224,0.42162162162162165,0.0845225027442371,0.10318331503841932,0.7567567567567568,0.7567567567567568,0.14189189189189189,0.0,0.24324324324324326,0.0823835884076848,0.5930195082457872,0.7614810551230871
random_cf_1,random_cf,0.10978777645362256,21,13,0.04,0.58,13,0.14,0.12,0.08,0.36,0.6633906633906634,0.3988183161004431,0.08342480790340286,0.1734357848518112,0.7589285714285714,0.7589285714285714,0.16964285714285715,0.0,0.24107142857142858,0.0696841419732986,0.5989576326165655,0.7384935068099215
random_cf_1,random_cf,0.10978777645362256,21,13,0.04,0.58,21,0.08,0.08,0.04,0.24,0.71875,0.41818181818181815,0.08562019758507135,0.18990120746432493,0.7823834196891192,0.7823834196891192,0.3471502590673575,0.0,0.21761658031088082,0.07131227613155323,0.5976357506923655,0.6993860332315417
random_cf_1,random_cf,0.10978777645362256,21,13,0.04,0.58,21,0.08,0.12,0.08,0.36,0.6607142857142857,0.3978494623655914,0.07244785949506037,0.21295279912184412,0.8012048192771084,0.8012048192771084,0.20481927710843373,0.0,0.19879518072289157,0.06675350048844025,0.5986064435584502,0.715450102908701
random_cf_1,random_cf,0.10978777645362256,21,13,0.04,0.58,21,0.14,0.08,0.08,0.36,0.6932668329177057,0.40942562592047127,0.0801317233809001,0.17453347969264543,0.7627118644067796,0.7627118644067796,0.1864406779661017,0.0,0.23728813559322035,0.07033539563660046,0.5967014838792875,0.7373093807523565
random_cf_1,random_cf,0.10978777645362256,21,13,0.04,0.58,21,0.14,0.08,0.12,0.24,0.6962025316455697,0.41044776119402987,0.07903402854006586,0.18551042810098792,0.776536312849162,0.776536312849162,0.35195530726256985,0.0,0.22346368715083798,0.07033539563660046,0.5976428691144933,0.6966516746479859
random_cf_1,random_cf,0.10978777645362256,21,13,0.04,0.68,13,0.08,0.04,0.08,0.36,0.7348837209302326,0.42359249329758714,0.08562019758507135,0.09549945115257959,0.6496815286624203,0.6496815286624203,0.12738853503184713,0.0,0.3503184713375796,0.08173233474438293,0.594024296877723,0.792211335377626
random_cf_1,random_cf,0.10978777645362256,21,13,0.04,0.78,13,0.08,0.08,0.04,0.36,0.7262180974477959,0.4206989247311828,0.07903402854006586,0.10428100987925357,0.47770700636942676,0.47770700636942676,0.14012738853503184,0.0,0.5222929936305732,0.07977857375447737,0.5926059744072159,0.7859435157339204
random_cf_1,random_cf,0.10978777645362256,21,13,0.04,0.78,13,0.2,0.08,0.12,0.24,0.7109004739336493,0.4155124653739612,0.09220636663007684,0.11525795828759605,0.4925373134328358,0.4925373134328358,0.2462686567164179,0.0,0.5074626865671642,0.08108108108108109,0.5957541846360128,0.7477673047103586
random_cf_1,random_cf,0.10978777645362256,21,13,0.04,0.78,21,0.08,0.12,0.04,0.24,0.6890547263681592,0.40795287187039764,0.08342480790340286,0.1712403951701427,0.4789473684210526,0.4789473684210526,0.25263157894736843,0.0,0.5210526315789473,0.07326603712145881,0.5982536834977965,0.7404428212661215
random_cf_1,random_cf,0.10978777645362256,21,13,0.04,0.78,21,0.08,0.12,0.12,0.24,0.6890547263681592,0.40795287187039764,0.08342480790340286,0.1712403951701427,0.4789473684210526,0.4789473684210526,0.25263157894736843,0.0,0.5210526315789473,0.07326603712145881,0.5982536834977965,0.7404428212661215
random_cf_1,random_cf,0.10978777645362256,21,13,0.04,0.78,21,0.14,0.12,0.08,0.36,0.6943765281173594,0.4098124098124098,0.08232711306256861,0.15697036223929747,0.4838709677419355,0.4838709677419355,0.13440860215053763,0.0,0.5161290322580645,0.0742429176164116,0.5952496469165907,0.7808315290861078
random_cf_1,random_cf,0.10978777645362256,21,13,0.04,0.78,21,0.2,0.12,0.04,0.36,0.6757425742574258,0.4032496307237814,0.08342480790340286,0.1734357848518112,0.5159574468085106,0.5159574468085106,0.15425531914893617,0.0,0.48404255319148937,0.07131227613155323,0.5980324089584002,0.7706825012265928
random_cf_1,random_cf,0.10978777645362256,21,13,0.08,0.58,13,0.08,0.04,0.04,0.24,0.7314148681055156,0.4224376731301939,0.09659714599341383,0.11086717892425905,0.7391304347826086,0.7391304347826086,0.2971014492753623,0.10869565217391304,0.2608695652173913,0.08270921523933572,0.5965596246542237,0.6927458122194753
random_cf_1,random_cf,0.10978777645362256,21,13,0.08,0.58,13,0.14,0.04,0.04,0.24,0.7136038186157518,0.41643454038997213,0.09549945115257959,0.1163556531284303,0.753731343283582,0.753731343283582,0.3283582089552239,0.11194029850746269,0.2462686567164179,0.08173233474438293,0.5958745683371058,0.684230091142816
random_cf_1,random_cf,0.10978777645362256,21,13,0.08,0.58,13,0.14,0.04,0.12,0.24,0.7125890736342043,0.4160887656033287,0.09330406147091108,0.11525795828759605,0.75,0.75,0.3333333333333333,0.11363636363636363,0.25,0.08075545424943015,0.594833422876978,0.6844699865037475
random_cf_1,random_cf,0.10978777645362256,21,13,0.08,0.58,21,0.14,0.08,0.04,0.24,0.7128205128205128,0.4161676646706587,0.07903402854006586,0.1877058177826564,0.8032786885245902,0.8032786885245902,0.31693989071038253,0.09836065573770492,0.19672131147540983,0.07131227613155323,0.5972933701464691,0.6738447890867671
random_cf_1,random_cf,0.10978777645362256,21,13,0.08,0.58,21,0.2,0.04,0.04,0.36,0.7096018735362998,0.41506849315068495,0.07903402854006586,0.11964873765093303,0.7631578947368421,0.7631578947368421,0.1368421052631579,0.13157894736842105,0.23684210526315788,0.07749918593292088,0.5945133649016134,0.7316207624401917
random_cf_1,random_cf,0.10978777645362256,21,13,0.08,0.58,21,0.2,0.04,0.08,0.36,0.7096018735362998,0.41506849315068495,0.07903402854006586,0.11964873765093303,0.7631578947368421,0.7631578947368421,0.1368421052631579,0.13157894736842105,0.23684210526315788,0.07749918593292088,0.5945133649016134,0.7316207624401917
random_cf_1,random_cf,0.10978777645362256,21,13,0.08,0.68,13,0.2,0.04,0.12,0.24,0.7266187050359713,0.42083333333333334,0.09549945115257959,0.1141602634467618,0.6521739130434783,0.6521739130434783,0.2898550724637681,0.0,0.34782608695652173,0.08173233474438293,0.595132806071498,0.7356110354284771
random_cf_1,random_cf,0.10978777645362256,21,13,0.08,0.68,21,0.2,0.08,0.12,0.24,0.7088607594936709,0.4148148148148148,0.08562019758507135,0.1734357848518112,0.6722222222222223,0.6722222222222223,0.3,0.0,0.3277777777777778,0.07228915662650602,0.6003836705425856,0.7235613441059277
random_cf_1,random_cf,0.10978777645362256,21,13,0.08,0.78,13,0.08,0.04,0.12,0.24,0.731764705882353,0.422554347826087,0.09659714599341383,0.09549945115257959,0.5109489051094891,0.5109489051094891,0.23357664233576642,0.0,0.48905109489051096,0.08531422989254314,0.5940741612952944,0.7561327755146211
random_cf_1,random_cf,0.10978777645362256,21,13,0.08,0.78,13,0.08,0.08,0.12,0.36,0.7262180974477959,0.4206989247311828,0.07903402854006586,0.10428100987925357,0.47770700636942676,0.47770700636942676,0.14012738853503184,0.0,0.5222929936305732,0.07977857375447737,0.5926059744072159,0.7859435157339204
random_cf_1,random_cf,0.10978777645362256,21,13,0.08,0.78,13,0.08,0.12,0.04,0.24,0.7160194174757282,0.41725601131541723,0.08781558726673985,0.13611416026344675,0.49624060150375937,0.49624060150375937,0.2706766917293233,0.0,0.5037593984962406,0.07815043959622273,0.5989157885972842,0.7404957823641102
random_cf_1,random_cf,0.10978777645362256,21,13,0.08,0.78,13,0.08,0.12,0.12,0.24,0.7160194174757282,0.41725601131541723,0.08781558726673985,0.13611416026344675,0.49624060150375937,0.49624060150375937,0.2706766917293233,0.0,0.5037593984962406,0.07815043959622273,0.5989157885972842,0.7404957823641102
random_cf_1,random_cf,0.10978777645362256,21,13,0.08,0.78,13,0.14,0.04,0.12,0.36,0.7262443438914027,0.42070773263433814,0.0801317233809001,0.08232711306256861,0.5324675324675324,0.5324675324675324,0.08441558441558442,0.0,0.4675324675324675,0.08531422989254314,0.5938230461147511,0.8051819602023711
random_cf_1,random_cf,0.10978777645362256,21,13,0.08,0.78,13,0.14,0.12,0.08,0.36,0.7006960556844548,0.4120054570259209,0.07464324917672886,0.1207464324917673,0.4552238805970149,0.4552238805970149,0.1044776119402985,0.0,0.5447761194029851,0.07749918593292088,0.594389422372003,0.792866288558093
random_cf_1,random_cf,0.10978777645362256,21,13,0.08,0.78,13,0.2,0.12,0.08,0.36,0.6946386946386947,0.40990371389270974,0.07903402854006586,0.12294182217343579,0.45985401459854014,0.45985401459854014,0.12408759124087591,0.0,0.5401459854014599,0.07749918593292088,0.594979917749511,0.7852066405521179
random_cf_1,random_cf,0.10978777645362256,21,13,0.08,0.78,21,0.08,0.12,0.08,0.36,0.6844660194174758,0.40634005763688763,0.0845225027442371,0.15367727771679474,0.4835164835164835,0.4835164835164835,0.13736263736263737,0.0,0.5164835164835165,0.07456854444806252,0.5951959261200459,0.7780598184569939
random_cf_1,random_cf,0.10978777645362256,21,13,0.08,0.78,21,0.14,0.08,0.12,0.36,0.7108433734939759,0.4154929577464789,0.0867178924259056,0.13391877058177826,0.46798029556650245,0.46798029556650245,0.12807881773399016,0.0,0.5320197044334976,0.0778248127645718,0.5974408900529553,0.7869272092385688
random_cf_1,random_cf,0.10978777645362256,21,13,0.08,0.78,21,0.2,0.04,0.04,0.24,0.7303102625298329,0.4220689655172414,0.09001097694840834,0.1141602634467618,0.4719626168224299,0.4719626168224299,0.21495327102803738,0.0,0.5280373831775701,0.0823835884076848,0.5938041193146462,0.7615592963921092
random_cf_1,random_cf,0.10978777645362256,21,13,0.12,0.58,13,0.08,0.04,0.08,0.24,0.7314148681055156,0.4224376731301939,0.09659714599341383,0.11086717892425905,0.7391304347826086,0.7391304347826086,0.2971014492753623,0.4057971014492754,0.2608695652173913,0.08270921523933572,0.5965596246542237,0.6344849426542579
random_cf_1,random_cf,0.10978777645362256,21,13,0.12,0.58,13,0.08,0.12,0.08,0.36,0.6497584541062802,0.3938506588579795,0.07903402854006586,0.1712403951701427,0.7589285714285714,0.7589285714285714,0.1875,0.41964285714285715,0.24107142857142858,0.06903288830999674,0.5978568870537475,0.6498811470897667
random_cf_1,random_cf,0.10978777645362256,21,13,0.12,0.58,13,0.14,0.04,0.08,0.24,0.7125890736342043,0.4160887656033287,0.09330406147091108,0.11525795828759605,0.75,0.75,0.3333333333333333,0.45454545454545453,0.25,0.08075545424943015,0.594833422876978,0.6271972592310202
random_cf_1,random_cf,0.10978777645362256,21,13,0.12,0.58,13,0.14,0.12,0.04,0.24,0.6692307692307692,0.4009216589861751,0.0845225027442371,0.20087815587266739,0.8016528925619835,0.8016528925619835,0.3305785123966942,0.4462809917355372,0.19834710743801653,0.06642787365678932,0.5972165656026578,0.6054136178717011
random_cf_1,random_cf,0.10978777645362256,21,13,0.12,0.58,13,0.2,0.04,0.04,0.24,0.7330097087378641,0.42296918767507,0.09769484083424808,0.11855104281009879,0.7674418604651163,0.7674418604651163,0.34108527131782945,0.4418604651162791,0.23255813953488372,0.08075545424943015,0.593590828638273,0.6267577342319117
random_cf_1,random_cf,0.10978777645362256,21,13,0.12,0.58,13,0.2,0.04,0.08,0.24,0.7330097087378641,0.42296918767507,0.09769484083424808,0.11855104281009879,0.7674418604651163,0.7674418604651163,0.34108527131782945,0.4418604651162791,0.23255813953488372,0.08075545424943015,0.593590828638273,0.6267577342319117
random_cf_1,random_cf,0.10978777645362256,21,13,0.12,0.58,13,0.2,0.04,0.12,0.24,0.7330097087378641,0.42296918767507,0.09769484083424808,0.11855104281009879,0.7674418604651163,0.7674418604651163,0.34108527131782945,0.4418604651162791,0.23255813953488372,0.08075545424943015,0.593590828638273,0.6267577342319117
random_cf_1,random_cf,0.10978777645362256,21,13,0.12,0.58,13,0.2,0.12,0.12,0.24,0.6583541147132169,0.3969924812030075,0.0801317233809001,0.18990120746432493,0.8214285714285714,0.8214285714285714,0.30357142857142855,0.45535714285714285,0.17857142857142858,0.06707912732009118,0.5996095696026771,0.5994745463707679
random_cf_1,random_cf,0.10978777645362256,21,13,0.12,0.58,21,0.08,0.08,0.04,0.36,0.7004950495049505,0.4119359534206696,0.07464324917672886,0.1712403951701427,0.7821229050279329,0.7821229050279329,0.18994413407821228,0.4022346368715084,0.21787709497206703,0.07163790296320417,0.5932492046403419,0.6526415194990178
random_cf_1,random_cf,0.10978777645362256,21,13,0.12,0.58,21,0.2,0.12,0.04,0.36,0.6726804123711341,0.40215716486902925,0.07025246981339188,0.21734357848518113,0.7797619047619048,0.7797619047619048,0.19642857142857142,0.39285714285714285,0.22023809523809523,0.06577661999348747,0.5982628438904629,0.6466950591883709
random_cf_1,random_cf,0.10978777645362256,21,13,0.12,0.68,13,0.08,0.04,0.04,0.36,0.7348837209302326,0.42359249329758714,0.08562019758507135,0.09549945115257959,0.6496815286624203,0.6496815286624203,0.12738853503184713,0.1592356687898089,0.3503184713375796,0.08173233474438293,0.594024296877723,0.7603642016196642
random_cf_1,random_cf,0.10978777645362256,21,13,0.12,0.68,13,0.14,0.04,0.04,0.36,0.7336448598130841,0.42318059299191374,0.08562019758507135,0.09989023051591657,0.6580645161290323,0.6580645161290323,0.14193548387096774,0.14838709677419354,0.3419354838709677,0.08270921523933572,0.5944988145837564,0.7555158795859633
random_cf_1,random_cf,0.10978777645362256,21,13,0.12,0.68,13,0.14,0.04,0.08,0.36,0.7336448598130841,0.42318059299191374,0.08562019758507135,0.09989023051591657,0.6580645161290323,0.6580645161290323,0.14193548387096774,0.14838709677419354,0.3419354838709677,0.08270921523933572,0.5944988145837564,0.7555158795859633
random_cf_1,random_cf,0.10978777645362256,21,13,0.12,0.68,13,0.14,0.08,0.04,0.24,0.6973365617433414,0.4108416547788873,0.09001097694840834,0.14050493962678376,0.6717557251908397,0.6717557251908397,0.3282442748091603,0.16030534351145037,0.3282442748091603,0.07749918593292088,0.5957884495273473,0.6896295195654487
random_cf_1,random_cf,0.10978777645362256,21,13,0.12,0.68,21,0.08,0.12,0.12,0.24,0.6979166666666666,0.4110429447852761,0.0889132821075741,0.19538968166849616,0.6319018404907976,0.6319018404907976,0.25153374233128833,0.147239263803681,0.36809815950920244,0.06935851514164768,0.5958167505759926,0.7120816895648827
random_cf_1,random_cf,0.10978777645362256,21,13,0.12,0.68,21,0.14,0.04,0.04,0.36,0.7126168224299065,0.41609822646657574,0.07903402854006586,0.1163556531284303,0.6394230769230769,0.6394230769230769,0.13942307692307693,0.14423076923076922,0.3605769230769231,0.07912732009117551,0.5944262362563693,0.7546979993346
random_cf_1,random_cf,0.10978777645362256,21,13,0.12,0.68,21,0.2,0.04,0.12,0.24,0.7254901960784313,0.42045454545454547,0.09001097694840834,0.13721185510428102,0.6479591836734694,0.6479591836734694,0.2857142857142857,0.14285714285714285,0.3520408163265306,0.07847606642787365,0.5933336019376381,0.7078600722275454
random_cf_1,random_cf,0.10978777645362256,21,13,0.12,0.78,13,0.08,0.04,0.12,0.24,0.731764705882353,0.422554347826087,0.09659714599341383,0.09549945115257959,0.5109489051094891,0.5109489051094891,0.23357664233576642,0.0,0.48905109489051096,0.08531422989254314,0.5940741612952944,0.7561327755146211
random_cf_1,random_cf,0.10978777645362256,21,13,0.12,0.78,13,0.08,0.08,0.04,0.24,0.7122641509433962,0.41597796143250687,0.0889132821075741,0.1141602634467618,0.5303030303030303,0.5303030303030303,0.25757575757575757,0.0,0.4696969696969697,0.08108108108108109,0.5967553122971894,0.7444271159262703
random_cf_1,random_cf,0.10978777645362256,21,13,0.12,0.78,21,0.14,0.08,0.04,0.36,0.7108433734939759,0.4154929577464789,0.0867178924259056,0.13391877058177826,0.46798029556650245,0.46798029556650245,0.12807881773399016,0.0,0.5320197044334976,0.0778248127645718,0.5974408900529553,0.7869272092385688
random_cf_1,random_cf,0.10978777645362256,21,13,0.12,0.78,21,0.2,0.04,0.04,0.24,0.7303102625298329,0.4220689655172414,0.09001097694840834,0.1141602634467618,0.4719626168224299,0.4719626168224299,0.21495327102803738,0.0,0.5280373831775701,0.0823835884076848,0.5938041193146462,0.7615592963921092
random_cf_1,random_cf,0.10978777645362256,21,13,0.12,0.78,21,0.2,0.08,0.12,0.24,0.7044334975369458,0.41329479768786126,0.09110867178924259,0.14928649835345773,0.4577114427860697,0.4577114427860697,0.22885572139303484,0.0,0.5422885572139303,0.07717355910126994,0.5964304761470538,0.7515486768488073
random_cf_1,random_cf,0.10978777645362256,21,13,0.12,0.78,21,0.2,0.12,0.12,0.36,0.671604938271605,0.4017725258493353,0.08232711306256861,0.17453347969264543,0.5159574468085106,0.5159574468085106,0.15425531914893617,0.0,0.48404255319148937,0.07066102246825139,0.5979304860192618,0.7698717118457252
fib_13_21,rational,0.6550476190476191,21,13,0.04,0.58,13,0.14,0.04,0.08,0.36,0.7107623318385651,0.41546526867627787,0.04792332268370607,0.1395101171458999,0.6804733727810651,0.6804733727810651,0.378698224852071,0.0,0.31952662721893493,0.09801367632692934,0.3763471707293772,0.6909130770781454
fib_13_21,rational,0.6550476190476191,21,13,0.04,0.58,13,0.14,0.12,0.08,0.36,0.7087155963302753,0.4147651006711409,0.04898828541001065,0.15761448349307774,0.6625766871165644,0.6625766871165644,0.38650306748466257,0.0,0.3374233128834356,0.09540866167372192,0.3760917257249047,0.6941189764289204
fib_13_21,rational,0.6550476190476191,21,13,0.04,0.58,21,0.08,0.08,0.04,0.24,0.6861313868613139,0.4069264069264069,0.06070287539936102,0.2012779552715655,0.7480916030534351,0.7480916030534351,0.5267175572519084,0.0,0.25190839694656486,0.08987300553565614,0.599854247908761,0.7005057408333266
fib_13_21,rational,0.6550476190476191,21,13,0.04,0.58,21,0.08,0.12,0.08,0.36,0.6935866983372921,0.40953716690042075,0.05324813631522897,0.18743343982960597,0.754863813229572,0.754863813229572,0.3657587548638132,0.0,0.245136186770428,0.090524259198958,0.3720458610074714,0.6688659110844984
fib_13_21,rational,0.6550476190476191,21,13,0.04,0.58,21,0.14,0.08,0.08,0.36,0.6767441860465117,0.40360610263522884,0.05005324813631523,0.18210862619808307,0.7451737451737451,0.7451737451737451,0.3861003861003861,0.0,0.2548262548262548,0.09084988603060892,0.3716760480418335,0.6680001916589917
fib_13_21,rational,0.6550476190476191,21,13,0.04,0.58,21,0.14,0.08,0.12,0.24,0.7007481296758105,0.4120234604105572,0.06389776357827476,0.20979765708200213,0.7626459143968871,0.7626459143968871,0.5330739299610895,0.0,0.23735408560311283,0.08889612504070335,0.6030462945776005,0.7001528302972844
fib_13_21,rational,0.6550476190476191,21,13,0.04,0.68,13,0.08,0.04,0.08,0.36,0.701098901098901,0.41214470284237725,0.04792332268370607,0.12779552715654952,0.5454545454545454,0.5454545454545454,0.3090909090909091,0.0,0.45454545454545453,0.09996743731683491,0.3696621752794059,0.6954205680824119
fib_13_21,rational,0.6550476190476191,21,13,0.04,0.78,13,0.08,0.08,0.04,0.36,0.7142857142857143,0.4166666666666667,0.04472843450479233,0.12460063897763578,0.37714285714285717,0.37714285714285717,0.25142857142857145,0.0,0.6228571428571429,0.10159557147508955,0.5970894515855061,0.7299733035750556
fib_13_21,rational,0.6550476190476191,21,13,0.04,0.78,13,0.2,0.08,0.12,0.24,0.6962305986696231,0.41045751633986927,0.04792332268370607,0.13738019169329074,0.38181818181818183,0.38181818181818183,0.3212121212121212,0.0,0.6181818181818182,0.09768804949527841,0.3761553582055207,0.6824673467836722
fib_13_21,rational,0.6550476190476191,21,13,0.04,0.78,21,0.08,0.12,0.04,0.24,0.6855791962174941,0.4067321178120617,0.058572949946751864,0.18210862619808307,0.4664179104477612,0.4664179104477612,0.34701492537313433,0.0,0.5335820895522388,0.09150113969391079,0.5967036974339341,0.7229076370559417
fib_13_21,rational,0.6550476190476191,21,13,0.04,0.78,21,0.08,0.12,0.12,0.24,0.6855791962174941,0.4067321178120617,0.058572949946751864,0.18210862619808307,0.4664179104477612,0.4664179104477612,0.34701492537313433,0.0,0.5335820895522388,0.09150113969391079,0.5967036974339341,0.7229076370559417
fib_13_21,rational,0.6550476190476191,21,13,0.04,0.78,21,0.14,0.12,0.08,0.36,0.6884875846501128,0.4077540106951872,0.04898828541001065,0.154419595314164,0.4690909090909091,0.4690909090909091,0.24,0.0,0.5309090909090909,0.09345490068381634,0.36952659409421507,0.7124235671672381
fib_13_21,rational,0.6550476190476191,21,13,0.04,0.78,21,0.2,0.12,0.04,0.36,0.6840909090909091,0.40620782726045884,0.04792332268370607,0.16293929712460065,0.5040322580645161,0.5040322580645161,0.2782258064516129,0.0,0.4959677419354839,0.09345490068381634,0.3726323863083977,0.699031270027339
fib_13_21,rational,0.6550476190476191,21,13,0.08,0.58,13,0.08,0.04,0.04,0.24,0.7093821510297483,0.4149933065595716,0.054313099041533544,0.1501597444089457,0.6666666666666666,0.6666666666666666,0.5220125786163522,0.06289308176100629,0.3333333333333333,0.09768804949527841,0.5950516765030787,0.7115402471075944
fib_13_21,rational,0.6550476190476191,21,13,0.08,0.58,13,0.14,0.04,0.04,0.24,0.6910755148741419,0.40866035182679294,0.05750798722044728,0.1554845580404686,0.6623376623376623,0.6623376623376623,0.512987012987013,0.06493506493506493,0.33766233766233766,0.095083034842071,0.5973759903774025,0.7089225267056642
fib_13_21,rational,0.6550476190476191,21,13,0.08,0.58,13,0.14,0.04,0.12,0.24,0.6910755148741419,0.40866035182679294,0.05750798722044728,0.1554845580404686,0.6623376623376623,0.6623376623376623,0.512987012987013,0.06493506493506493,0.33766233766233766,0.095083034842071,0.5973759903774025,0.7089225267056642
fib_13_21,rational,0.6550476190476191,21,13,0.08,0.58,21,0.14,0.08,0.04,0.24,0.693069306930693,0.4093567251461988,0.06389776357827476,0.20766773162939298,0.749034749034749,0.749034749034749,0.5366795366795367,0.11196911196911197,0.25096525096525096,0.08857049820905243,0.6023769732262225,0.6794049287032956
fib_13_21,rational,0.6550476190476191,21,13,0.08,0.58,21,0.2,0.04,0.04,0.36,0.7244655581947743,0.4201101928374656,0.05644302449414271,0.1703940362087327,0.7574626865671642,0.7574626865671642,0.3917910447761194,0.1044776119402985,0.24253731343283583,0.09443178117876913,0.3730678056420068,0.6537082510347532
fib_13_21,rational,0.6550476190476191,21,13,0.08,0.58,21,0.2,0.04,0.08,0.36,0.7244655581947743,0.4201101928374656,0.05644302449414271,0.1703940362087327,0.7574626865671642,0.7574626865671642,0.3917910447761194,0.1044776119402985,0.24253731343283583,0.09443178117876913,0.3730678056420068,0.6537082510347532
fib_13_21,rational,0.6550476190476191,21,13,0.08,0.68,13,0.2,0.04,0.12,0.24,0.6986301369863014,0.4112903225806452,0.058572949946751864,0.14909478168264112,0.5214723926380368,0.5214723926380368,0.43558282208588955,0.0,0.4785276073619632,0.09605991533702377,0.3745155386182706,0.695113990527784
fib_13_21,rational,0.6550476190476191,21,13,0.08,0.68,21,0.2,0.08,0.12,0.24,0.6611764705882353,0.3980169971671388,0.05644302449414271,0.19169329073482427,0.5992063492063492,0.5992063492063492,0.44841269841269843,0.0,0.4007936507936508,0.08922175187235429,0.5984263802224323,0.7183105822295457
fib_13_21,rational,0.6550476190476191,21,13,0.08,0.78,13,0.08,0.04,0.12,0.24,0.6962305986696231,0.41045751633986927,0.05218317358892439,0.13312034078807242,0.37735849056603776,0.37735849056603776,0.3270440251572327,0.0,0.6226415094339622,0.09736242266362748,0.3722692919798426,0.6789390779676824
fib_13_21,rational,0.6550476190476191,21,13,0.08,0.78,13,0.08,0.08,0.12,0.36,0.7149122807017544,0.41687979539641945,0.04472843450479233,0.12247071352502663,0.37572254335260113,0.37572254335260113,0.2254335260115607,0.0,0.6242774566473989,0.10159557147508955,0.5974519499438613,0.7378761757173068
fib_13_21,rational,0.6550476190476191,21,13,0.08,0.78,13,0.08,0.12,0.04,0.24,0.6754966887417219,0.4031620553359684,0.04898828541001065,0.14270500532481364,0.4,0.4,0.3419354838709677,0.0,0.6,0.095083034842071,0.3763840580734257,0.6912324563234878
fib_13_21,rational,0.6550476190476191,21,13,0.08,0.78,13,0.08,0.12,0.12,0.24,0.6858407079646017,0.4068241469816273,0.04898828541001065,0.1395101171458999,0.38461538461538464,0.38461538461538464,0.33974358974358976,0.0,0.6153846153846154,0.0963855421686747,0.5979768475368563,0.713497420469161
fib_13_21,rational,0.6550476190476191,21,13,0.08,0.78,13,0.14,0.04,0.12,0.36,0.7065217391304348,0.4140127388535032,0.04472843450479233,0.11927582534611289,0.3795180722891566,0.3795180722891566,0.22289156626506024,0.0,0.6204819277108434,0.10159557147508955,0.5961654602544839,0.7397221465218317
fib_13_21,rational,0.6550476190476191,21,13,0.08,0.78,13,0.14,0.12,0.08,0.36,0.7017543859649122,0.41237113402061853,0.043663471778487756,0.1299254526091587,0.3712574850299401,0.3712574850299401,0.25149700598802394,0.0,0.6287425149700598,0.09931618365353305,0.37244598081949976,0.6919370750554708
fib_13_21,rational,0.6550476190476191,21,13,0.08,0.78,13,0.2,0.12,0.08,0.36,0.6879120879120879,0.4075520833333333,0.04579339723109691,0.13631522896698617,0.3924050632911392,0.3924050632911392,0.26582278481012656,0.0,0.6075949367088608,0.09736242266362748,0.37162506126344996,0.6991106707485331
fib_13_21,rational,0.6550476190476191,21,13,0.08,0.78,21,0.08,0.12,0.08,0.36,0.6938775510204082,0.40963855421686746,0.051118210862619806,0.15335463258785942,0.4854014598540146,0.4854014598540146,0.23722627737226276,0.0,0.5145985401459854,0.09475740801042006,0.3688956114409835,0.7142684722099515
fib_13_21,rational,0.6550476190476191,21,13,0.08,0.78,21,0.14,0.08,0.12,0.36,0.7018348623853211,0.4123989218328841,0.05644302449414271,0.15335463258785942,0.4945054945054945,0.4945054945054945,0.2564102564102564,0.0,0.5054945054945055,0.09540866167372192,0.37317796859465213,0.7099510420647337
fib_13_21,rational,0.6550476190476191,21,13,0.08,0.78,21,0.2,0.04,0.04,0.24,0.6908665105386417,0.4085872576177285,0.06496272630457935,0.16613418530351437,0.4664179104477612,0.4664179104477612,0.33955223880597013,0.0,0.5335820895522388,0.09247802018886356,0.37575089557856167,0.6934213341349735
fib_13_21,rational,0.6550476190476191,21,13,0.12,0.58,13,0.08,0.04,0.08,0.24,0.7009132420091324,0.4120805369127517,0.054313099041533544,0.15228966986155484,0.6708860759493671,0.6708860759493671,0.5189873417721519,0.27848101265822783,0.3291139240506329,0.09671116900032563,0.5964119986753116,0.666023337261816
fib_13_21,rational,0.6550476190476191,21,13,0.12,0.58,13,0.08,0.12,0.08,0.36,0.7146118721461188,0.4167776298268975,0.04792332268370607,0.15228966986155484,0.660377358490566,0.660377358490566,0.3710691823899371,0.29559748427672955,0.33962264150943394,0.0963855421686747,0.3701204128670924,0.63590245703303
fib_13_21,rational,0.6550476190476191,21,13,0.12,0.58,13,0.14,0.04,0.08,0.24,0.6910755148741419,0.40866035182679294,0.05750798722044728,0.1554845580404686,0.6623376623376623,0.6623376623376623,0.512987012987013,0.2857142857142857,0.33766233766233766,0.095083034842071,0.5973759903774025,0.6647666825498202
fib_13_21,rational,0.6550476190476191,21,13,0.12,0.58,13,0.14,0.12,0.04,0.24,0.6890951276102089,0.40796703296703296,0.055378061767838126,0.16932907348242812,0.6387096774193548,0.6387096774193548,0.5225806451612903,0.2903225806451613,0.36129032258064514,0.09345490068381634,0.5972787962611739,0.6659116388904497
fib_13_21,rational,0.6550476190476191,21,13,0.12,0.58,13,0.2,0.04,0.04,0.24,0.7050691244239631,0.4135135135135135,0.059637912673056445,0.15228966986155484,0.6339869281045751,0.6339869281045751,0.5098039215686274,0.28104575163398693,0.3660130718954248,0.09671116900032563,0.5972169821096085,0.6711780571527723
fib_13_21,rational,0.6550476190476191,21,13,0.12,0.58,13,0.2,0.04,0.08,0.24,0.7050691244239631,0.4135135135135135,0.059637912673056445,0.15228966986155484,0.6339869281045751,0.6339869281045751,0.5098039215686274,0.28104575163398693,0.3660130718954248,0.09671116900032563,0.5972169821096085,0.6711780571527723
fib_13_21,rational,0.6550476190476191,21,13,0.12,0.58,13,0.2,0.04,0.12,0.24,0.7050691244239631,0.4135135135135135,0.059637912673056445,0.15228966986155484,0.6339869281045751,0.6339869281045751,0.5098039215686274,0.28104575163398693,0.3660130718954248,0.09671116900032563,0.5972169821096085,0.6711780571527723
fib_13_21,rational,0.6550476190476191,21,13,0.12,0.58,13,0.2,0.12,0.12,0.24,0.7035294117647058,0.4129834254143646,0.05644302449414271,0.17252396166134185,0.6369426751592356,0.6369426751592356,0.5286624203821656,0.2802547770700637,0.3630573248407643,0.0928036470205145,0.5981262717251505,0.6706844829273386
fib_13_21,rational,0.6550476190476191,21,13,0.12,0.58,21,0.08,0.08,0.04,0.36,0.6857798165137615,0.40680272108843535,0.04898828541001065,0.16826411075612355,0.7401574803149606,0.7401574803149606,0.30708661417322836,0.41732283464566927,0.25984251968503935,0.09312927385216542,0.3746452326604457,0.5916163787590147
fib_13_21,rational,0.6550476190476191,21,13,0.12,0.58,21,0.2,0.12,0.04,0.36,0.7212713936430318,0.4190340909090909,0.04792332268370607,0.20234291799787008,0.7452471482889734,0.7452471482889734,0.34600760456273766,0.40304182509505704,0.25475285171102663,0.09117551286225985,0.3746327662635185,0.5961567166457782
fib_13_21,rational,0.6550476190476191,21,13,0.12,0.68,13,0.08,0.04,0.04,0.36,0.701098901098901,0.41214470284237725,0.04792332268370607,0.12779552715654952,0.5454545454545454,0.5454545454545454,0.3090909090909091,0.13333333333333333,0.45454545454545453,0.09996743731683491,0.3696621752794059,0.6687539014157453
fib_13_21,rational,0.6550476190476191,21,13,0.12,0.68,13,0.14,0.04,0.04,0.36,0.6973684210526315,0.4108527131782946,0.04579339723109691,0.1299254526091587,0.5487804878048781,0.5487804878048781,0.3353658536585366,0.10975609756097561,0.45121951219512196,0.09964181048518397,0.3690807949871143,0.6726321355006777
fib_13_21,rational,0.6550476190476191,21,13,0.12,0.68,13,0.14,0.04,0.08,0.36,0.6965065502183406,0.41055341055341055,0.042598509052183174,0.1299254526091587,0.54375,0.54375,0.3375,0.09375,0.45625,0.09899055682188213,0.37182129068621217,0.6760743581067648
fib_13_21,rational,0.6550476190476191,21,13,0.12,0.68,13,0.14,0.08,0.04,0.24,0.6910755148741419,0.40866035182679294,0.058572949946751864,0.154419595314164,0.5246913580246914,0.5246913580246914,0.43209876543209874,0.1111111111111111,0.47530864197530864,0.09475740801042006,0.3738360844691768,0.6712534854357934
fib_13_21,rational,0.6550476190476191,21,13,0.12,0.68,21,0.08,0.12,0.12,0.24,0.6722488038277512,0.402002861230329,0.0617678381256656,0.19382321618743345,0.5736434108527132,0.5736434108527132,0.44573643410852715,0.13953488372093023,0.4263565891472868,0.08922175187235429,0.5984158360815759,0.6924375265749398
fib_13_21,rational,0.6550476190476191,21,13,0.12,0.68,21,0.14,0.04,0.04,0.36,0.6931818181818182,0.40939597315436244,0.051118210862619806,0.1554845580404686,0.6129032258064516,0.6129032258064516,0.3118279569892473,0.14336917562724014,0.3870967741935484,0.09443178117876913,0.36906932084889865,0.6645092093910734
fib_13_21,rational,0.6550476190476191,21,13,0.12,0.68,21,0.2,0.04,0.12,0.24,0.6793349168646081,0.4045261669024045,0.0617678381256656,0.1853035143769968,0.622568093385214,0.622568093385214,0.4708171206225681,0.17509727626459143,0.377431906614786,0.08987300553565614,0.5976356176612552,0.6867923515112335
fib_13_21,rational,0.6550476190476191,21,13,0.12,0.78,13,0.08,0.04,0.12,0.24,0.6940133037694013,0.4096858638743455,0.05218317358892439,0.134185303514377,0.38125,0.38125,0.33125,0.0,0.61875,0.09736242266362748,0.37278698939492716,0.6812861873215378
fib_13_21,rational,0.6550476190476191,21,13,0.12,0.78,13,0.08,0.08,0.04,0.24,0.6880530973451328,0.4076015727391874,0.051118210862619806,0.13631522896698617,0.375,0.375,0.325,0.0,0.625,0.09671116900032563,0.3723387413756285,0.6756807694566491
fib_13_21,rational,0.6550476190476191,21,13,0.12,0.78,21,0.14,0.08,0.04,0.36,0.7009132420091324,0.4120805369127517,0.05644302449414271,0.1501597444089457,0.4716312056737589,0.4716312056737589,0.25177304964539005,0.0,0.5283687943262412,0.095083034842071,0.37021863794004783,0.7110148214140519
fib_13_21,rational,0.6550476190476191,21,13,0.12,0.78,21,0.2,0.04,0.04,0.24,0.6908665105386417,0.4085872576177285,0.06496272630457935,0.16613418530351437,0.4664179104477612,0.4664179104477612,0.33955223880597013,0.0,0.5335820895522388,0.09247802018886356,0.37575089557856167,0.6934213341349735
fib_13_21,rational,0.6550476190476191,21,13,0.12,0.78,21,0.2,0.08,0.12,0.24,0.6543778801843319,0.3955431754874652,0.05644302449414271,0.17891373801916932,0.47104247104247104,0.47104247104247104,0.36293436293436293,0.0,0.528957528957529,0.08922175187235429,0.5974717313782718,0.7172684090274832
fib_13_21,rational,0.6550476190476191,21,13,0.12,0.78,21,0.2,0.12,0.12,0.36,0.6795454545454546,0.40460081190798375,0.051118210862619806,0.16187433439829607,0.47843137254901963,0.47843137254901963,0.2627450980392157,0.0,0.5215686274509804,0.0928036470205145,0.37086683892328043,0.703137226151986
pi_mod1,constant,0.15359265358979313,21,13,0.04,0.58,13,0.14,0.04,0.08,0.36,0.7931034482758621,0.4423076923076923,0.069593147751606,0.09528907922912205,0.7741935483870968,0.7741935483870968,0.16129032258064516,0.0,0.22580645161290322,0.11006186909801367,0.5308471308266427,0.7536268956267328
pi_mod1,constant,0.15359265358979313,21,13,0.04,0.58,13,0.14,0.12,0.08,0.36,0.7457627118644068,0.42718446601941745,0.057815845824411134,0.1702355460385439,0.8,0.8,0.13125,0.0,0.2,0.09801367632692934,0.5369563864397287,0.7479454011866804
pi_mod1,constant,0.15359265358979313,21,13,0.04,0.58,21,0.08,0.08,0.04,0.24,0.7831632653061225,0.43919885550786836,0.07066381156316917,0.1809421841541756,0.845771144278607,0.845771144278607,0.3781094527363184,0.0,0.15422885572139303,0.09768804949527841,0.5369551146006513,0.6878534828155671
pi_mod1,constant,0.15359265358979313,21,13,0.04,0.58,21,0.08,0.12,0.08,0.36,0.7277227722772277,0.42120343839541546,0.059957173447537475,0.19271948608137046,0.7954545454545454,0.7954545454545454,0.1590909090909091,0.0,0.20454545454545456,0.0941061543471182,0.5358917569012587,0.7356338145413451
pi_mod1,constant,0.15359265358979313,21,13,0.04,0.58,21,0.14,0.08,0.08,0.36,0.7579462102689487,0.43115438108484005,0.06423982869379015,0.16595289079229122,0.8168316831683168,0.8168316831683168,0.2376237623762376,0.0,0.18316831683168316,0.09768804949527841,0.5347958858110764,0.710740232319761
pi_mod1,constant,0.15359265358979313,21,13,0.04,0.58,21,0.14,0.08,0.12,0.24,0.782051282051282,0.43884892086330934,0.069593147751606,0.18629550321199143,0.8509615384615384,0.8509615384615384,0.3701923076923077,0.0,0.14903846153846154,0.09703679583197655,0.5363486657145782,0.6862358518973123
pi_mod1,constant,0.15359265358979313,21,13,0.04,0.68,13,0.08,0.04,0.08,0.36,0.7765237020316027,0.4371029224904701,0.07387580299785867,0.0835117773019272,0.6096256684491979,0.6096256684491979,0.15508021390374332,0.0,0.39037433155080214,0.10973624226636275,0.5282824132547446,0.7810285694127265
pi_mod1,constant,0.15359265358979313,21,13,0.04,0.78,13,0.08,0.08,0.04,0.36,0.7665198237885462,0.4339152119700748,0.06852248394004283,0.0728051391862955,0.3742690058479532,0.3742690058479532,0.07017543859649122,0.0,0.6257309941520468,0.11136437642461738,0.5280412098120575,0.7897058220184208
pi_mod1,constant,0.15359265358979313,21,13,0.04,0.78,13,0.2,0.08,0.12,0.24,0.75,0.42857142857142855,0.06745182012847965,0.08565310492505353,0.3699421965317919,0.3699421965317919,0.15028901734104047,0.0,0.630057803468208,0.10810810810810811,0.5295979174761285,0.7568369276570943
pi_mod1,constant,0.15359265358979313,21,13,0.04,0.78,21,0.08,0.12,0.04,0.24,0.7582159624413145,0.43124165554072097,0.07173447537473233,0.12633832976445397,0.4077669902912621,0.4077669902912621,0.21844660194174756,0.0,0.5922330097087378,0.10420058612829697,0.5379494513534797,0.7567501982077985
pi_mod1,constant,0.15359265358979313,21,13,0.04,0.78,21,0.08,0.12,0.12,0.24,0.7582159624413145,0.43124165554072097,0.07173447537473233,0.12633832976445397,0.4077669902912621,0.4077669902912621,0.21844660194174756,0.0,0.5922330097087378,0.10420058612829697,0.5379494513534797,0.7567501982077985
pi_mod1,constant,0.15359265358979313,21,13,0.04,0.78,21,0.14,0.12,0.08,0.36,0.7668997668997669,0.4340369393139842,0.06745182012847965,0.12098501070663811,0.3981042654028436,0.3981042654028436,0.10426540284360189,0.0,0.6018957345971564,0.10485183979159883,0.5344309944847936,0.7947421135732171
pi_mod1,constant,0.15359265358979313,21,13,0.04,0.78,21,0.2,0.12,0.04,0.36,0.7769953051643192,0.4372523117569353,0.06745182012847965,0.12205567451820129,0.41148325358851673,0.41148325358851673,0.10526315789473684,0.0,0.5885167464114832,0.10615434711820254,0.5339453084849604,0.7974653733084673
pi_mod1,constant,0.15359265358979313,21,13,0.08,0.58,13,0.08,0.04,0.04,0.24,0.7827102803738317,0.43905635648754915,0.07494646680942184,0.10813704496788008,0.8202247191011236,0.8202247191011236,0.34831460674157305,0.07865168539325842,0.1797752808988764,0.10647997394985347,0.5318928813401267,0.6790903897880253
pi_mod1,constant,0.15359265358979313,21,13,0.08,0.58,13,0.14,0.04,0.04,0.24,0.7634660421545667,0.43293492695883135,0.0728051391862955,0.12098501070663811,0.8465909090909091,0.8465909090909091,0.3522727272727273,0.09659090909090909,0.1534090909090909,0.10354933246499512,0.5325627169573763,0.6657122516142934
pi_mod1,constant,0.15359265358979313,21,13,0.08,0.58,13,0.14,0.04,0.12,0.24,0.7634660421545667,0.43293492695883135,0.0728051391862955,0.12098501070663811,0.8465909090909091,0.8465909090909091,0.3522727272727273,0.09659090909090909,0.1534090909090909,0.10354933246499512,0.5325627169573763,0.6657122516142934
pi_mod1,constant,0.15359265358979313,21,13,0.08,0.58,21,0.14,0.08,0.04,0.24,0.782051282051282,0.43884892086330934,0.069593147751606,0.18629550321199143,0.8509615384615384,0.8509615384615384,0.3701923076923077,0.09134615384615384,0.14903846153846154,0.09703679583197655,0.5363486657145782,0.6679666211280816
pi_mod1,constant,0.15359265358979313,21,13,0.08,0.58,21,0.2,0.04,0.04,0.36,0.7575757575757576,0.43103448275862066,0.06852248394004283,0.12419700214132762,0.8235294117647058,0.8235294117647058,0.19909502262443438,0.11312217194570136,0.17647058823529413,0.1045262129599479,0.5340586142766108,0.7003033588086623
pi_mod1,constant,0.15359265358979313,21,13,0.08,0.58,21,0.2,0.04,0.08,0.36,0.7575757575757576,0.43103448275862066,0.06852248394004283,0.12419700214132762,0.8235294117647058,0.8235294117647058,0.19909502262443438,0.11312217194570136,0.17647058823529413,0.1045262129599479,0.5340586142766108,0.7003033588086623
pi_mod1,constant,0.15359265358979313,21,13,0.08,0.68,13,0.2,0.04,0.12,0.24,0.7741935483870968,0.43636363636363634,0.069593147751606,0.10599571734475374,0.5935828877005348,0.5935828877005348,0.26737967914438504,0.0,0.40641711229946526,0.10713122761315533,0.5356237035144977,0.7435959826865619
pi_mod1,constant,0.15359265358979313,21,13,0.08,0.68,21,0.2,0.08,0.12,0.24,0.7386091127098321,0.42482758620689653,0.07173447537473233,0.15203426124197003,0.6331658291457286,0.6331658291457286,0.3165829145728643,0.0,0.36683417085427134,0.09801367632692934,0.5338547995255813,0.7247606351957477
pi_mod1,constant,0.15359265358979313,21,13,0.08,0.78,13,0.08,0.04,0.12,0.24,0.7874720357941835,0.4405506883604506,0.07815845824411134,0.06638115631691649,0.36666666666666664,0.36666666666666664,0.17777777777777778,0.0,0.6333333333333333,0.11234125691957017,0.5279796393468648,0.7525442656076508
pi_mod1,constant,0.15359265358979313,21,13,0.08,0.78,13,0.08,0.08,0.12,0.36,0.7665198237885462,0.4339152119700748,0.06852248394004283,0.0728051391862955,0.3742690058479532,0.3742690058479532,0.07017543859649122,0.0,0.6257309941520468,0.11136437642461738,0.5280412098120575,0.7897058220184208
pi_mod1,constant,0.15359265358979313,21,13,0.08,0.78,13,0.08,0.12,0.04,0.24,0.7697674418604651,0.43495400788436267,0.07173447537473233,0.11349036402569593,0.3617021276595745,0.3617021276595745,0.17553191489361702,0.0,0.6382978723404256,0.10550309345490068,0.5330427414310444,0.7460470882861077
pi_mod1,constant,0.15359265358979313,21,13,0.08,0.78,13,0.08,0.12,0.12,0.24,0.7447795823665894,0.42686170212765956,0.0728051391862955,0.12205567451820129,0.3901098901098901,0.3901098901098901,0.21428571428571427,0.0,0.6098901098901099,0.10224682513839141,0.53309971836855,0.7482249618192817
pi_mod1,constant,0.15359265358979313,21,13,0.08,0.78,13,0.14,0.04,0.12,0.36,0.7868131868131868,0.4403444034440344,0.07387580299785867,0.055674518201284794,0.3701657458563536,0.3701657458563536,0.06077348066298342,0.0,0.6298342541436464,0.11396939107782482,0.5279187521886337,0.7941373656406435
pi_mod1,constant,0.15359265358979313,21,13,0.08,0.78,13,0.14,0.12,0.08,0.36,0.7681818181818182,0.43444730077120824,0.06638115631691649,0.1006423982869379,0.3544973544973545,0.3544973544973545,0.06878306878306878,0.0,0.6455026455026455,0.10745685444480625,0.5329302697699931,0.7766041945517441
pi_mod1,constant,0.15359265358979313,21,13,0.08,0.78,13,0.2,0.12,0.08,0.36,0.7732426303854876,0.4360613810741688,0.06423982869379015,0.09850107066381156,0.3567567567567568,0.3567567567567568,0.05945945945945946,0.0,0.6432432432432432,0.10843373493975904,0.5315227629253771,0.7820681990273373
pi_mod1,constant,0.15359265358979313,21,13,0.08,0.78,21,0.08,0.12,0.08,0.36,0.7644341801385681,0.43324607329842935,0.06745182012847965,0.1145610278372591,0.3789954337899543,0.3789954337899543,0.0958904109589041,0.0,0.6210045662100456,0.10550309345490068,0.5328411924231939,0.783651371717428
pi_mod1,constant,0.15359265358979313,21,13,0.08,0.78,21,0.14,0.08,0.12,0.36,0.7399103139013453,0.4252577319587629,0.06745182012847965,0.10171306209850108,0.3963963963963964,0.3963963963963964,0.1036036036036036,0.0,0.6036036036036037,0.10550309345490068,0.5314129263809346,0.7888891655703373
pi_mod1,constant,0.15359265358979313,21,13,0.08,0.78,21,0.2,0.04,0.04,0.24,0.7685393258426966,0.43456162642947904,0.07601713062098502,0.08137044967880086,0.391705069124424,0.391705069124424,0.20276497695852536,0.0,0.6082949308755761,0.10941061543471182,0.5289461555717199,0.7580169303445375
pi_mod1,constant,0.15359265358979313,21,13,0.12,0.58,13,0.08,0.04,0.08,0.24,0.7827102803738317,0.43905635648754915,0.07494646680942184,0.10813704496788008,0.8202247191011236,0.8202247191011236,0.34831460674157305,0.3202247191011236,0.1797752808988764,0.10647997394985347,0.5318928813401267,0.6307757830464523
pi_mod1,constant,0.15359265358979313,21,13,0.12,0.58,13,0.08,0.12,0.08,0.36,0.7215496368038741,0.4191279887482419,0.059957173447537475,0.17880085653104924,0.806060606060606,0.806060606060606,0.17575757575757575,0.2909090909090909,0.19393939393939394,0.0941061543471182,0.5387158079233487,0.6691308546271392
pi_mod1,constant,0.15359265358979313,21,13,0.12,0.58,13,0.14,0.04,0.08,0.24,0.7634660421545667,0.43293492695883135,0.0728051391862955,0.12098501070663811,0.8465909090909091,0.8465909090909091,0.3522727272727273,0.3352272727272727,0.1534090909090909,0.10354933246499512,0.5325627169573763,0.6179849788870206
pi_mod1,constant,0.15359265358979313,21,13,0.12,0.58,13,0.14,0.12,0.04,0.24,0.7576530612244898,0.4310595065312046,0.061027837259100645,0.2012847965738758,0.8580246913580247,0.8580246913580247,0.35185185185185186,0.30864197530864196,0.1419753086419753,0.09443178117876913,0.5390739971499099,0.6183864712269516
pi_mod1,constant,0.15359265358979313,21,13,0.12,0.58,13,0.2,0.04,0.04,0.24,0.7814726840855107,0.43866666666666665,0.07387580299785867,0.12312633832976445,0.8430232558139535,0.8430232558139535,0.3430232558139535,0.32558139534883723,0.1569767441860465,0.10517746662324975,0.5352598673339517,0.6243256228256516
pi_mod1,constant,0.15359265358979313,21,13,0.12,0.58,13,0.2,0.04,0.08,0.24,0.7814726840855107,0.43866666666666665,0.07387580299785867,0.12312633832976445,0.8421052631578947,0.8421052631578947,0.3391812865497076,0.32748538011695905,0.15789473684210525,0.10517746662324975,0.5352131044671222,0.6241481059634845
pi_mod1,constant,0.15359265358979313,21,13,0.12,0.58,13,0.2,0.04,0.12,0.24,0.7814726840855107,0.43866666666666665,0.07387580299785867,0.12312633832976445,0.8421052631578947,0.8421052631578947,0.3391812865497076,0.32748538011695905,0.15789473684210525,0.10517746662324975,0.5352131044671222,0.6241481059634845
pi_mod1,constant,0.15359265358979313,21,13,0.12,0.58,13,0.2,0.12,0.12,0.24,0.7583547557840618,0.43128654970760233,0.061027837259100645,0.20663811563169165,0.8282208588957055,0.8282208588957055,0.32515337423312884,0.294478527607362,0.17177914110429449,0.0941061543471182,0.5388554818952125,0.6279802713609202
pi_mod1,constant,0.15359265358979313,21,13,0.12,0.58,21,0.08,0.08,0.04,0.36,0.7591240875912408,0.4315352697095436,0.06531049250535331,0.16059957173447537,0.8267326732673267,0.8267326732673267,0.19801980198019803,0.3564356435643564,0.17326732673267325,0.09801367632692934,0.5367710250745077,0.6510372698984271
pi_mod1,constant,0.15359265358979313,21,13,0.12,0.58,21,0.2,0.12,0.04,0.36,0.7146464646464646,0.4167893961708395,0.06209850107066381,0.21092077087794434,0.8176795580110497,0.8176795580110497,0.20994475138121546,0.3259668508287293,0.18232044198895028,0.08954737870400521,0.5382355497238891,0.6458810256733524
pi_mod1,constant,0.15359265358979313,21,13,0.12,0.68,13,0.08,0.04,0.04,0.36,0.7765237020316027,0.4371029224904701,0.07387580299785867,0.0835117773019272,0.6096256684491979,0.6096256684491979,0.15508021390374332,0.11229946524064172,0.39037433155080214,0.10973624226636275,0.5282824132547446,0.7585686763645981
pi_mod1,constant,0.15359265358979313,21,13,0.12,0.68,13,0.14,0.04,0.04,0.36,0.7687074829931972,0.4346153846153846,0.07387580299785867,0.09100642398286937,0.6122448979591837,0.6122448979591837,0.15306122448979592,0.12244897959183673,0.3877551020408163,0.10778248127645718,0.5299930964432125,0.7558389770193092
pi_mod1,constant,0.15359265358979313,21,13,0.12,0.68,13,0.14,0.04,0.08,0.36,0.7664399092970522,0.4338896020539153,0.07387580299785867,0.09207708779443255,0.6122448979591837,0.6122448979591837,0.15306122448979592,0.12244897959183673,0.3877551020408163,0.10745685444480625,0.5300907696201487,0.7554103280184996
pi_mod1,constant,0.15359265358979313,21,13,0.12,0.68,13,0.14,0.08,0.04,0.24,0.7559241706161137,0.43049932523616735,0.07066381156316917,0.13597430406852248,0.6079545454545454,0.6079545454545454,0.2784090909090909,0.1534090909090909,0.39204545454545453,0.10257245197004233,0.5355086095904635,0.7050735055450549
pi_mod1,constant,0.15359265358979313,21,13,0.12,0.68,21,0.08,0.12,0.12,0.24,0.7721518987341772,0.4357142857142857,0.07066381156316917,0.17987152034261242,0.6039603960396039,0.6039603960396039,0.2871287128712871,0.13366336633663367,0.39603960396039606,0.09703679583197655,0.537212139572838,0.7082115620692352
pi_mod1,constant,0.15359265358979313,21,13,0.12,0.68,21,0.14,0.04,0.04,0.36,0.764172335600907,0.43316195372750643,0.0728051391862955,0.09421841541755889,0.6261261261261262,0.6261261261261262,0.16666666666666666,0.11261261261261261,0.3738738738738739,0.10778248127645718,0.5297456582223963,0.7522999524223986
pi_mod1,constant,0.15359265358979313,21,13,0.12,0.68,21,0.2,0.04,0.12,0.24,0.7710280373831776,0.43535620052770446,0.07387580299785867,0.1145610278372591,0.6261682242990654,0.6261682242990654,0.2850467289719626,0.13551401869158877,0.37383177570093457,0.10582872028655162,0.537378973543772,0.7100463714556325
pi_mod1,constant,0.15359265358979313,21,13,0.12,0.78,13,0.08,0.04,0.12,0.24,0.7874720357941835,0.4405506883604506,0.07815845824411134,0.06638115631691649,0.36666666666666664,0.36666666666666664,0.17777777777777778,0.0,0.6333333333333333,0.11234125691957017,0.5279796393468648,0.7525442656076508
pi_mod1,constant,0.15359265358979313,21,13,0.12,0.78,13,0.08,0.08,0.04,0.24,0.7713004484304933,0.43544303797468353,0.0728051391862955,0.08137044967880086,0.37777777777777777,0.37777777777777777,0.14444444444444443,0.0,0.6222222222222222,0.10875936177140996,0.5278755978085092,0.7680887870877703
pi_mod1,constant,0.15359265358979313,21,13,0.12,0.78,21,0.14,0.08,0.04,0.36,0.7399103139013453,0.4252577319587629,0.06745182012847965,0.10171306209850108,0.3963963963963964,0.3963963963963964,0.1036036036036036,0.0,0.6036036036036037,0.10550309345490068,0.5314129263809346,0.7888891655703373
pi_mod1,constant,0.15359265358979313,21,13,0.12,0.78,21,0.2,0.04,0.04,0.24,0.7685393258426966,0.43456162642947904,0.07601713062098502,0.08137044967880086,0.391705069124424,0.391705069124424,0.20276497695852536,0.0,0.6082949308755761,0.10941061543471182,0.5289461555717199,0.7580169303445375
pi_mod1,constant,0.15359265358979313,21,13,0.12,0.78,21,0.2,0.08,0.12,0.24,0.7454128440366973,0.42706964520367935,0.07387580299785867,0.11134903640256959,0.4,0.4,0.20952380952380953,0.0,0.6,0.10420058612829697,0.5309746638911164,0.7568182820054697
pi_mod1,constant,0.15359265358979313,21,13,0.12,0.78,21,0.2,0.12,0.12,0.36,0.7769953051643192,0.4372523117569353,0.06745182012847965,0.12205567451820129,0.41148325358851673,0.41148325358851673,0.10526315789473684,0.0,0.5885167464114832,0.10615434711820254,0.5339453084849604,0.7974653733084673
